{
  "ships": {
    "type": "FeatureCollection",
    "features": [
      {
        "type": "Feature",
        "geometry": {
          "type": "Polygon",
          "coordinates": [
            [
              [
                -89.06477345238328,
                28.885044796548716
              ],
              [
                -89.06268665707414,
                28.885044796548716
              ],
              [
                -89.06268665707414,
                28.884047541492055
              ],
              [
                -89.06477345238328,
                28.884047541492055
              ],
              [
                -89.06477345238328,
                28.885044796548716
              ]
            ]
          ]
        },
        "properties": {
          "matched": true,
          "mmsi": "SYNTH000000",
          "type": "cargo",
          "confidence": 0.5377659201622009
        }
      },
      {
        "type": "Feature",
        "geometry": {
          "type": "Polygon",
          "coordinates": [
            [
              [
                -89.07750010417915,
                28.879297516572958
              ],
              [
                -89.0754483307448,
                28.879297516572958
              ],
              [
                -89.0754483307448,
                28.878219543162967
              ],
              [
                -89.07750010417915,
                28.878219543162967
              ],
              [
                -89.07750010417915,
                28.879297516572958
              ]
            ]
          ]
        },
        "properties": {
          "matched": true,
          "mmsi": "SYNTH000002",
          "type": "cargo",
          "confidence": 1.0
        }
      },
      {
        "type": "Feature",
        "geometry": {
          "type": "Polygon",
          "coordinates": [
            [
              [
                -88.93188306005342,
                28.865508376756267
              ],
              [
                -88.92983155975898,
                28.865508376756267
              ],
              [
                -88.92983155975898,
                28.864340572228777
              ],
              [
                -88.93188306005342,
                28.864340572228777
              ],
              [
                -88.93188306005342,
                28.865508376756267
              ]
            ]
          ]
        },
        "properties": {
          "matched": true,
          "mmsi": "SYNTH000003",
          "type": "cargo",
          "confidence": 1.0
        }
      }
    ]
  },
  "dark_vessels": {
    "type": "FeatureCollection",
    "features": [
      {
        "type": "Feature",
        "geometry": {
          "type": "Polygon",
          "coordinates": [
            [
              [
                -89.06501359182583,
                28.886394207317505
              ],
              [
                -89.06296167819961,
                28.886394207317505
              ],
              [
                -89.06296167819961,
                28.885316233907513
              ],
              [
                -89.06501359182583,
                28.885316233907513
              ],
              [
                -89.06501359182583,
                28.886394207317505
              ]
            ]
          ]
        },
        "properties": {
          "matched": false,
          "confidence": 1.0
        }
      }
    ]
  },
  "oil": {
    "type": "FeatureCollection",
    "features": [
      {
        "type": "Feature",
        "geometry": {
          "type": "Polygon",
          "coordinates": [
            [
              [
                -88.9608610403958,
                28.848125978679487
              ],
              [
                -88.9608610403958,
                28.848036147151078
              ],
              [
                -88.96113053498104,
                28.848036147151078
              ],
              [
                -88.96113053498104,
                28.847946315622664
              ],
              [
                -88.96122036650945,
                28.847946315622664
              ],
              [
                -88.96122036650945,
                28.84785648409425
              ],
              [
                -88.96131019803786,
                28.84785648409425
              ],
              [
                -88.96131019803786,
                28.847586989509015
              ],
              [
                -88.96140002956628,
                28.847586989509015
              ],
              [
                -88.96140002956628,
                28.847407326452192
              ],
              [
                -88.96148986109469,
                28.847407326452192
              ],
              [
                -88.96148986109469,
                28.84722766339537
              ],
              [
                -88.96157969262309,
                28.84722766339537
              ],
              [
                -88.96157969262309,
                28.84686833728172
              ],
              [
                -88.96148986109469,
                28.84686833728172
              ],
              [
                -88.96148986109469,
                28.846688674224897
              ],
              [
                -88.96140002956628,
                28.846688674224897
              ],
              [
                -88.96140002956628,
                28.846598842696483
              ],
              [
                -88.96131019803786,
                28.846598842696483
              ],
              [
                -88.96131019803786,
                28.846509011168074
              ],
              [
                -88.96122036650945,
                28.846509011168074
              ],
              [
                -88.96122036650945,
                28.84641917963966
              ],
              [
                -88.96113053498104,
                28.84641917963966
              ],
              [
                -88.96113053498104,
                28.84632934811125
              ],
              [
                -88.96095087192421,
                28.84632934811125
              ],
              [
                -88.96095087192421,
                28.846239516582838
              ],
              [
                -88.95969323052644,
                28.846239516582838
              ],
              [
                -88.95969323052644,
                28.84632934811125
              ],
              [
                -88.95951356746963,
                28.84632934811125
              ],
              [
                -88.95951356746963,
                28.84641917963966
              ],
              [
                -88.95942373594121,
                28.84641917963966
              ],
              [
                -88.95942373594121,
                28.846509011168074
              ],
              [
                -88.95915424135598,
                28.846509011168074
              ],
              [
                -88.95915424135598,
                28.846598842696483
              ],
              [
                -88.95888474677074,
                28.846598842696483
              ],
              [
                -88.95888474677074,
                28.846688674224897
              ],
              [
                -88.95879491524232,
                28.846688674224897
              ],
              [
                -88.95879491524232,
                28.846958168810133
              ],
              [
                -88.95870508371391,
                28.846958168810133
              ],
              [
                -88.95870508371391,
                28.84722766339537
              ],
              [
                -88.95879491524232,
                28.84722766339537
              ],
              [
                -88.95879491524232,
                28.847317494923782
              ],
              [
                -88.95897457829915,
                28.847317494923782
              ],
              [
                -88.95897457829915,
                28.847407326452192
              ],
              [
                -88.95915424135598,
                28.847407326452192
              ],
              [
                -88.95915424135598,
                28.847497157980605
              ],
              [
                -88.95924407288439,
                28.847497157980605
              ],
              [
                -88.95924407288439,
                28.847586989509015
              ],
              [
                -88.95942373594121,
                28.847586989509015
              ],
              [
                -88.95942373594121,
                28.847676821037428
              ],
              [
                -88.95969323052644,
                28.847676821037428
              ],
              [
                -88.95969323052644,
                28.84776665256584
              ],
              [
                -88.9601423881685,
                28.84776665256584
              ],
              [
                -88.9601423881685,
                28.84785648409425
              ],
              [
                -88.96032205122533,
                28.84785648409425
              ],
              [
                -88.96032205122533,
                28.847946315622664
              ],
              [
                -88.96050171428216,
                28.847946315622664
              ],
              [
                -88.96050171428216,
                28.848036147151078
              ],
              [
                -88.96068137733897,
                28.848036147151078
              ],
              [
                -88.96068137733897,
                28.848125978679487
              ],
              [
                -88.9608610403958,
                28.848125978679487
              ]
            ]
          ]
        },
        "properties": {
          "area_km2": 0.047
        }
      },
      {
        "type": "Feature",
        "geometry": {
          "type": "Polygon",
          "coordinates": [
            [
              [
                -88.97855785149295,
                28.9444253771371
              ],
              [
                -88.97855785149295,
                28.944335545608688
              ],
              [
                -88.97882734607819,
                28.944335545608688
              ],
              [
                -88.97882734607819,
                28.944245714080278
              ],
              [
                -88.97909684066343,
                28.944245714080278
              ],
              [
                -88.97909684066343,
                28.944155882551865
              ],
              [
                -88.97954599830548,
                28.944155882551865
              ],
              [
                -88.97954599830548,
                28.94406605102345
              ],
              [
                -88.98017481900438,
                28.94406605102345
              ],
              [
                -88.98017481900438,
                28.943976219495042
              ],
              [
                -88.98062397664643,
                28.943976219495042
              ],
              [
                -88.98062397664643,
                28.94388638796663
              ],
              [
                -88.98098330276008,
                28.94388638796663
              ],
              [
                -88.98098330276008,
                28.94379655643822
              ],
              [
                -88.9810731342885,
                28.94379655643822
              ],
              [
                -88.9810731342885,
                28.943706724909806
              ],
              [
                -88.98125279734532,
                28.943706724909806
              ],
              [
                -88.98125279734532,
                28.943616893381392
              ],
              [
                -88.98134262887372,
                28.943616893381392
              ],
              [
                -88.98134262887372,
                28.943527061852983
              ],
              [
                -88.98143246040213,
                28.943527061852983
              ],
              [
                -88.98143246040213,
                28.94343723032457
              ],
              [
                -88.98152229193055,
                28.94343723032457
              ],
              [
                -88.98152229193055,
                28.943257567267747
              ],
              [
                -88.98170195498737,
                28.943257567267747
              ],
              [
                -88.98170195498737,
                28.943167735739333
              ],
              [
                -88.98179178651579,
                28.943167735739333
              ],
              [
                -88.98179178651579,
                28.94298807268251
              ],
              [
                -88.98197144957261,
                28.94298807268251
              ],
              [
                -88.98197144957261,
                28.942898241154097
              ],
              [
                -88.98206128110102,
                28.942898241154097
              ],
              [
                -88.98206128110102,
                28.942808409625687
              ],
              [
                -88.98215111262944,
                28.942808409625687
              ],
              [
                -88.98215111262944,
                28.942718578097274
              ],
              [
                -88.98224094415785,
                28.942718578097274
              ],
              [
                -88.98224094415785,
                28.94262874656886
              ],
              [
                -88.98233077568625,
                28.94262874656886
              ],
              [
                -88.98233077568625,
                28.94253891504045
              ],
              [
                -88.98251043874308,
                28.94253891504045
              ],
              [
                -88.98251043874308,
                28.942449083512038
              ],
              [
                -88.9826901017999,
                28.942449083512038
              ],
              [
                -88.9826901017999,
                28.942359251983625
              ],
              [
                -88.98286976485673,
                28.942359251983625
              ],
              [
                -88.98286976485673,
                28.942269420455215
              ],
              [
                -88.98313925944197,
                28.942269420455215
              ],
              [
                -88.98313925944197,
                28.942179588926802
              ],
              [
                -88.98322909097038,
                28.942179588926802
              ],
              [
                -88.98322909097038,
                28.94208975739839
              ],
              [
                -88.9834087540272,
                28.94208975739839
              ],
              [
                -88.9834087540272,
                28.94199992586998
              ],
              [
                -88.98349858555561,
                28.94199992586998
              ],
              [
                -88.98349858555561,
                28.941910094341566
              ],
              [
                -88.98358841708402,
                28.941910094341566
              ],
              [
                -88.98358841708402,
                28.941820262813156
              ],
              [
                -88.98367824861243,
                28.941820262813156
              ],
              [
                -88.98367824861243,
                28.941730431284743
              ],
              [
                -88.98394774319767,
                28.941730431284743
              ],
              [
                -88.98394774319767,
                28.941820262813156
              ],
              [
                -88.9841274062545,
                28.941820262813156
              ],
              [
                -88.9841274062545,
                28.94199992586998
              ],
              [
                -88.98421723778291,
                28.94199992586998
              ],
              [
                -88.98421723778291,
                28.942269420455215
              ],
              [
                -88.98430706931131,
                28.942269420455215
              ],
              [
                -88.98430706931131,
                28.94253891504045
              ],
              [
                -88.98439690083973,
                28.94253891504045
              ],
              [
                -88.98439690083973,
                28.942718578097274
              ],
              [
                -88.98448673236814,
                28.942718578097274
              ],
              [
                -88.98448673236814,
                28.942898241154097
              ],
              [
                -88.98457656389655,
                28.942898241154097
              ],
              [
                -88.98457656389655,
                28.94298807268251
              ],
              [
                -88.98466639542497,
                28.94298807268251
              ],
              [
                -88.98466639542497,
                28.943167735739333
              ],
              [
                -88.98475622695338,
                28.943167735739333
              ],
              [
                -88.98475622695338,
                28.943257567267747
              ],
              [
                -88.98484605848179,
                28.943257567267747
              ],
              [
                -88.98484605848179,
                28.94343723032457
              ],
              [
                -88.9849358900102,
                28.94343723032457
              ],
              [
                -88.9849358900102,
                28.943527061852983
              ],
              [
                -88.98502572153862,
                28.943527061852983
              ],
              [
                -88.98502572153862,
                28.943706724909806
              ],
              [
                -88.98511555306703,
                28.943706724909806
              ],
              [
                -88.98511555306703,
                28.94388638796663
              ],
              [
                -88.98520538459545,
                28.94388638796663
              ],
              [
                -88.98520538459545,
                28.943976219495042
              ],
              [
                -88.98538504765226,
                28.943976219495042
              ],
              [
                -88.98538504765226,
                28.94406605102345
              ],
              [
                -88.9856545422375,
                28.94406605102345
              ],
              [
                -88.9856545422375,
                28.943976219495042
              ],
              [
                -88.98574437376591,
                28.943976219495042
              ],
              [
                -88.98574437376591,
                28.94388638796663
              ],
              [
                -88.98592403682274,
                28.94388638796663
              ],
              [
                -88.98592403682274,
                28.94379655643822
              ],
              [
                -88.98610369987956,
                28.94379655643822
              ],
              [
                -88.98610369987956,
                28.943706724909806
              ],
              [
                -88.98628336293638,
                28.943706724909806
              ],
              [
                -88.98628336293638,
                28.943616893381392
              ],
              [
                -88.98655285752162,
                28.943616893381392
              ],
              [
                -88.98655285752162,
                28.943527061852983
              ],
              [
                -88.98673252057844,
                28.943527061852983
              ],
              [
                -88.98673252057844,
                28.94343723032457
              ],
              [
                -88.98691218363527,
                28.94343723032457
              ],
              [
                -88.98691218363527,
                28.943347398796156
              ],
              [
                -88.98700201516368,
                28.943347398796156
              ],
              [
                -88.98700201516368,
                28.943257567267747
              ],
              [
                -88.9870918466921,
                28.943257567267747
              ],
              [
                -88.9870918466921,
                28.943167735739333
              ],
              [
                -88.98718167822051,
                28.943167735739333
              ],
              [
                -88.98718167822051,
                28.94307790421092
              ],
              [
                -88.98727150974891,
                28.94307790421092
              ],
              [
                -88.98727150974891,
                28.94298807268251
              ],
              [
                -88.98736134127732,
                28.94298807268251
              ],
              [
                -88.98736134127732,
                28.942898241154097
              ],
              [
                -88.98745117280573,
                28.942898241154097
              ],
              [
                -88.98745117280573,
                28.942808409625687
              ],
              [
                -88.98754100433415,
                28.942808409625687
              ],
              [
                -88.98754100433415,
                28.942718578097274
              ],
              [
                -88.98763083586256,
                28.942718578097274
              ],
              [
                -88.98763083586256,
                28.94253891504045
              ],
              [
                -88.98772066739097,
                28.94253891504045
              ],
              [
                -88.98772066739097,
                28.942449083512038
              ],
              [
                -88.98781049891939,
                28.942449083512038
              ],
              [
                -88.98781049891939,
                28.942359251983625
              ],
              [
                -88.9879003304478,
                28.942359251983625
              ],
              [
                -88.9879003304478,
                28.942269420455215
              ],
              [
                -88.98799016197621,
                28.942269420455215
              ],
              [
                -88.98799016197621,
                28.942179588926802
              ],
              [
                -88.98807999350463,
                28.942179588926802
              ],
              [
                -88.98807999350463,
                28.94208975739839
              ],
              [
                -88.98825965656144,
                28.94208975739839
              ],
              [
                -88.98825965656144,
                28.94199992586998
              ],
              [
                -88.98834948808985,
                28.94199992586998
              ],
              [
                -88.98834948808985,
                28.941910094341566
              ],
              [
                -88.98843931961827,
                28.941910094341566
              ],
              [
                -88.98843931961827,
                28.941820262813156
              ],
              [
                -88.98852915114668,
                28.941820262813156
              ],
              [
                -88.98852915114668,
                28.941730431284743
              ],
              [
                -88.98861898267509,
                28.941730431284743
              ],
              [
                -88.98861898267509,
                28.94164059975633
              ],
              [
                -88.9887088142035,
                28.94164059975633
              ],
              [
                -88.9887088142035,
                28.94155076822792
              ],
              [
                -88.98879864573192,
                28.94155076822792
              ],
              [
                -88.98879864573192,
                28.941371105171093
              ],
              [
                -88.98888847726033,
                28.941371105171093
              ],
              [
                -88.98888847726033,
                28.94119144211427
              ],
              [
                -88.98897830878875,
                28.94119144211427
              ],
              [
                -88.98897830878875,
                28.941011779057447
              ],
              [
                -88.98906814031716,
                28.941011779057447
              ],
              [
                -88.98906814031716,
                28.94074228447221
              ],
              [
                -88.98915797184557,
                28.94074228447221
              ],
              [
                -88.98915797184557,
                28.94056262141539
              ],
              [
                -88.98924780337397,
                28.94056262141539
              ],
              [
                -88.98924780337397,
                28.940472789886975
              ],
              [
                -88.98933763490238,
                28.940472789886975
              ],
              [
                -88.98933763490238,
                28.940382958358562
              ],
              [
                -88.9894274664308,
                28.940382958358562
              ],
              [
                -88.9894274664308,
                28.94020329530174
              ],
              [
                -88.98960712948762,
                28.94020329530174
              ],
              [
                -88.98960712948762,
                28.940113463773326
              ],
              [
                -88.9901461186581,
                28.940113463773326
              ],
              [
                -88.9901461186581,
                28.940023632244916
              ],
              [
                -88.99068510782857,
                28.940023632244916
              ],
              [
                -88.99068510782857,
                28.939933800716503
              ],
              [
                -88.99095460241381,
                28.939933800716503
              ],
              [
                -88.99095460241381,
                28.939843969188093
              ],
              [
                -88.99104443394222,
                28.939843969188093
              ],
              [
                -88.99104443394222,
                28.93975413765968
              ],
              [
                -88.99113426547063,
                28.93975413765968
              ],
              [
                -88.99113426547063,
                28.939664306131267
              ],
              [
                -88.99122409699903,
                28.939664306131267
              ],
              [
                -88.99122409699903,
                28.939484643074444
              ],
              [
                -88.99131392852745,
                28.939484643074444
              ],
              [
                -88.99131392852745,
                28.93939481154603
              ],
              [
                -88.99140376005586,
                28.93939481154603
              ],
              [
                -88.99140376005586,
                28.939215148489208
              ],
              [
                -88.99149359158427,
                28.939215148489208
              ],
              [
                -88.99149359158427,
                28.939125316960794
              ],
              [
                -88.99158342311269,
                28.939125316960794
              ],
              [
                -88.99158342311269,
                28.939035485432385
              ],
              [
                -88.9916732546411,
                28.939035485432385
              ],
              [
                -88.9916732546411,
                28.93894565390397
              ],
              [
                -88.99176308616951,
                28.93894565390397
              ],
              [
                -88.99176308616951,
                28.93885582237556
              ],
              [
                -88.99185291769793,
                28.93885582237556
              ],
              [
                -88.99185291769793,
                28.93876599084715
              ],
              [
                -88.99203258075475,
                28.93876599084715
              ],
              [
                -88.99203258075475,
                28.938676159318735
              ],
              [
                -88.99230207533998,
                28.938676159318735
              ],
              [
                -88.99230207533998,
                28.938586327790325
              ],
              [
                -88.9932003906241,
                28.938586327790325
              ],
              [
                -88.9932003906241,
                28.938676159318735
              ],
              [
                -88.99355971673775,
                28.938676159318735
              ],
              [
                -88.99355971673775,
                28.93876599084715
              ],
              [
                -88.99373937979458,
                28.93876599084715
              ],
              [
                -88.99373937979458,
                28.93885582237556
              ],
              [
                -88.99427836896504,
                28.93885582237556
              ],
              [
                -88.99427836896504,
                28.93876599084715
              ],
              [
                -88.99445803202187,
                28.93876599084715
              ],
              [
                -88.99445803202187,
                28.938676159318735
              ],
              [
                -88.99472752660711,
                28.938676159318735
              ],
              [
                -88.99472752660711,
                28.938586327790325
              ],
              [
                -88.99499702119235,
                28.938586327790325
              ],
              [
                -88.99499702119235,
                28.938496496261912
              ],
              [
                -88.99517668424916,
                28.938496496261912
              ],
              [
                -88.99517668424916,
                28.9384066647335
              ],
              [
                -88.9954461788344,
                28.9384066647335
              ],
              [
                -88.9954461788344,
                28.93831683320509
              ],
              [
                -88.99580550494805,
                28.93831683320509
              ],
              [
                -88.99580550494805,
                28.938227001676676
              ],
              [
                -88.99598516800488,
                28.938227001676676
              ],
              [
                -88.99598516800488,
                28.938137170148263
              ],
              [
                -88.99607499953329,
                28.938137170148263
              ],
              [
                -88.99607499953329,
                28.938047338619853
              ],
              [
                -88.99616483106169,
                28.938047338619853
              ],
              [
                -88.99616483106169,
                28.93795750709144
              ],
              [
                -88.9962546625901,
                28.93795750709144
              ],
              [
                -88.9962546625901,
                28.93786767556303
              ],
              [
                -88.99634449411852,
                28.93786767556303
              ],
              [
                -88.99634449411852,
                28.937688012506204
              ],
              [
                -88.99643432564693,
                28.937688012506204
              ],
              [
                -88.99643432564693,
                28.937598180977794
              ],
              [
                -88.99652415717534,
                28.937598180977794
              ],
              [
                -88.99652415717534,
                28.93750834944938
              ],
              [
                -88.99661398870376,
                28.93750834944938
              ],
              [
                -88.99661398870376,
                28.937418517920968
              ],
              [
                -88.99670382023217,
                28.937418517920968
              ],
              [
                -88.99670382023217,
                28.937328686392558
              ],
              [
                -88.996883483289,
                28.937328686392558
              ],
              [
                -88.996883483289,
                28.937238854864145
              ],
              [
                -88.99715297787422,
                28.937238854864145
              ],
              [
                -88.99715297787422,
                28.93714902333573
              ],
              [
                -88.99733264093105,
                28.93714902333573
              ],
              [
                -88.99733264093105,
                28.93705919180732
              ],
              [
                -88.99751230398788,
                28.93705919180732
              ],
              [
                -88.99751230398788,
                28.93696936027891
              ],
              [
                -88.9976919670447,
                28.93696936027891
              ],
              [
                -88.9976919670447,
                28.9368795287505
              ],
              [
                -88.99796146162994,
                28.9368795287505
              ],
              [
                -88.99796146162994,
                28.936789697222085
              ],
              [
                -88.99814112468675,
                28.936789697222085
              ],
              [
                -88.99814112468675,
                28.936699865693672
              ],
              [
                -88.99903943997089,
                28.936699865693672
              ],
              [
                -88.99903943997089,
                28.936789697222085
              ],
              [
                -89.00011741831182,
                28.936789697222085
              ],
              [
                -89.00011741831182,
                28.936699865693672
              ],
              [
                -89.00047674442547,
                28.936699865693672
              ],
              [
                -89.00047674442547,
                28.936610034165263
              ],
              [
                -89.00074623901071,
                28.936610034165263
              ],
              [
                -89.00074623901071,
                28.93652020263685
              ],
              [
                -89.00110556512435,
                28.93652020263685
              ],
              [
                -89.00110556512435,
                28.936430371108436
              ],
              [
                -89.00119539665276,
                28.936430371108436
              ],
              [
                -89.00119539665276,
                28.936340539580026
              ],
              [
                -89.00128522818117,
                28.936340539580026
              ],
              [
                -89.00128522818117,
                28.936250708051613
              ],
              [
                -89.00137505970959,
                28.936250708051613
              ],
              [
                -89.00137505970959,
                28.9361608765232
              ],
              [
                -89.001464891238,
                28.9361608765232
              ],
              [
                -89.001464891238,
                28.935981213466377
              ],
              [
                -89.00155472276641,
                28.935981213466377
              ],
              [
                -89.00155472276641,
                28.935801550409554
              ],
              [
                -89.00164455429483,
                28.935801550409554
              ],
              [
                -89.00164455429483,
                28.935532055824318
              ],
              [
                -89.00173438582324,
                28.935532055824318
              ],
              [
                -89.00173438582324,
                28.935352392767495
              ],
              [
                -89.00182421735165,
                28.935352392767495
              ],
              [
                -89.00182421735165,
                28.93517272971067
              ],
              [
                -89.00191404888007,
                28.93517272971067
              ],
              [
                -89.00191404888007,
                28.934903235125436
              ],
              [
                -89.00200388040848,
                28.934903235125436
              ],
              [
                -89.00200388040848,
                28.9346337405402
              ],
              [
                -89.00209371193688,
                28.9346337405402
              ],
              [
                -89.00209371193688,
                28.934454077483373
              ],
              [
                -89.00218354346529,
                28.934454077483373
              ],
              [
                -89.00218354346529,
                28.93427441442655
              ],
              [
                -89.0022733749937,
                28.93427441442655
              ],
              [
                -89.0022733749937,
                28.934004919841314
              ],
              [
                -89.00236320652212,
                28.934004919841314
              ],
              [
                -89.00236320652212,
                28.93382525678449
              ],
              [
                -89.00245303805053,
                28.93382525678449
              ],
              [
                -89.00245303805053,
                28.933735425256078
              ],
              [
                -89.00254286957895,
                28.933735425256078
              ],
              [
                -89.00254286957895,
                28.933555762199255
              ],
              [
                -89.00263270110736,
                28.933555762199255
              ],
              [
                -89.00263270110736,
                28.93346593067084
              ],
              [
                -89.00272253263577,
                28.93346593067084
              ],
              [
                -89.00272253263577,
                28.93328626761402
              ],
              [
                -89.00281236416419,
                28.93328626761402
              ],
              [
                -89.00281236416419,
                28.933196436085606
              ],
              [
                -89.0029021956926,
                28.933196436085606
              ],
              [
                -89.0029021956926,
                28.933106604557196
              ],
              [
                -89.00299202722101,
                28.933106604557196
              ],
              [
                -89.00299202722101,
                28.933016773028783
              ],
              [
                -89.00308185874941,
                28.933016773028783
              ],
              [
                -89.00308185874941,
                28.93292694150037
              ],
              [
                -89.00317169027782,
                28.93292694150037
              ],
              [
                -89.00317169027782,
                28.93283710997196
              ],
              [
                -89.00326152180624,
                28.93283710997196
              ],
              [
                -89.00326152180624,
                28.932747278443546
              ],
              [
                -89.00335135333465,
                28.932747278443546
              ],
              [
                -89.00335135333465,
                28.932567615386724
              ],
              [
                -89.00344118486306,
                28.932567615386724
              ],
              [
                -89.00344118486306,
                28.93247778385831
              ],
              [
                -89.00353101639148,
                28.93247778385831
              ],
              [
                -89.00353101639148,
                28.9323879523299
              ],
              [
                -89.00362084791989,
                28.9323879523299
              ],
              [
                -89.00362084791989,
                28.932298120801487
              ],
              [
                -89.0037106794483,
                28.932298120801487
              ],
              [
                -89.0037106794483,
                28.932208289273074
              ],
              [
                -89.00380051097672,
                28.932208289273074
              ],
              [
                -89.00380051097672,
                28.93202862621625
              ],
              [
                -89.00389034250513,
                28.93202862621625
              ],
              [
                -89.00389034250513,
                28.931938794687838
              ],
              [
                -89.00398017403354,
                28.931938794687838
              ],
              [
                -89.00398017403354,
                28.931848963159428
              ],
              [
                -89.00407000556194,
                28.931848963159428
              ],
              [
                -89.00407000556194,
                28.931759131631015
              ],
              [
                -89.00415983709036,
                28.931759131631015
              ],
              [
                -89.00415983709036,
                28.931579468574192
              ],
              [
                -89.00424966861877,
                28.931579468574192
              ],
              [
                -89.00424966861877,
                28.93148963704578
              ],
              [
                -89.00433950014718,
                28.93148963704578
              ],
              [
                -89.00433950014718,
                28.931309973988956
              ],
              [
                -89.0044293316756,
                28.931309973988956
              ],
              [
                -89.0044293316756,
                28.931130310932133
              ],
              [
                -89.00451916320401,
                28.931130310932133
              ],
              [
                -89.00451916320401,
                28.930950647875306
              ],
              [
                -89.00460899473242,
                28.930950647875306
              ],
              [
                -89.00460899473242,
                28.930770984818484
              ],
              [
                -89.00469882626084,
                28.930770984818484
              ],
              [
                -89.00469882626084,
                28.93059132176166
              ],
              [
                -89.00478865778925,
                28.93059132176166
              ],
              [
                -89.00478865778925,
                28.929962501062775
              ],
              [
                -89.00469882626084,
                28.929962501062775
              ],
              [
                -89.00469882626084,
                28.929693006477542
              ],
              [
                -89.00460899473242,
                28.929693006477542
              ],
              [
                -89.00460899473242,
                28.929423511892306
              ],
              [
                -89.00451916320401,
                28.929423511892306
              ],
              [
                -89.00451916320401,
                28.92915401730707
              ],
              [
                -89.0044293316756,
                28.92915401730707
              ],
              [
                -89.0044293316756,
                28.92879469119342
              ],
              [
                -89.00433950014718,
                28.92879469119342
              ],
              [
                -89.00433950014718,
                28.928435365079775
              ],
              [
                -89.00424966861877,
                28.928435365079775
              ],
              [
                -89.00424966861877,
                28.92816587049454
              ],
              [
                -89.00415983709036,
                28.92816587049454
              ],
              [
                -89.00415983709036,
                28.927896375909302
              ],
              [
                -89.00407000556194,
                28.927896375909302
              ],
              [
                -89.00407000556194,
                28.92771671285248
              ],
              [
                -89.00398017403354,
                28.92771671285248
              ],
              [
                -89.00398017403354,
                28.927626881324066
              ],
              [
                -89.00389034250513,
                28.927626881324066
              ],
              [
                -89.00389034250513,
                28.927447218267243
              ],
              [
                -89.00380051097672,
                28.927447218267243
              ],
              [
                -89.00380051097672,
                28.927177723682007
              ],
              [
                -89.0037106794483,
                28.927177723682007
              ],
              [
                -89.0037106794483,
                28.927087892153594
              ],
              [
                -89.00362084791989,
                28.927087892153594
              ],
              [
                -89.00362084791989,
                28.92690822909677
              ],
              [
                -89.00353101639148,
                28.92690822909677
              ],
              [
                -89.00353101639148,
                28.926818397568358
              ],
              [
                -89.00344118486306,
                28.926818397568358
              ],
              [
                -89.00344118486306,
                28.926728566039948
              ],
              [
                -89.00335135333465,
                28.926728566039948
              ],
              [
                -89.00335135333465,
                28.926638734511535
              ],
              [
                -89.00326152180624,
                28.926638734511535
              ],
              [
                -89.00326152180624,
                28.92654890298312
              ],
              [
                -89.00317169027782,
                28.92654890298312
              ],
              [
                -89.00317169027782,
                28.926459071454712
              ],
              [
                -89.00308185874941,
                28.926459071454712
              ],
              [
                -89.00308185874941,
                28.9263692399263
              ],
              [
                -89.00299202722101,
                28.9263692399263
              ],
              [
                -89.00299202722101,
                28.926279408397885
              ],
              [
                -89.00281236416419,
                28.926279408397885
              ],
              [
                -89.00281236416419,
                28.926189576869476
              ],
              [
                -89.00272253263577,
                28.926189576869476
              ],
              [
                -89.00272253263577,
                28.92600991381265
              ],
              [
                -89.00263270110736,
                28.92600991381265
              ],
              [
                -89.00263270110736,
                28.925650587699003
              ],
              [
                -89.00272253263577,
                28.925650587699003
              ],
              [
                -89.00272253263577,
                28.92547092464218
              ],
              [
                -89.00281236416419,
                28.92547092464218
              ],
              [
                -89.00281236416419,
                28.925291261585354
              ],
              [
                -89.0029021956926,
                28.925291261585354
              ],
              [
                -89.0029021956926,
                28.925201430056944
              ],
              [
                -89.00299202722101,
                28.925201430056944
              ],
              [
                -89.00299202722101,
                28.92511159852853
              ],
              [
                -89.00308185874941,
                28.92511159852853
              ],
              [
                -89.00308185874941,
                28.925021767000118
              ],
              [
                -89.00326152180624,
                28.925021767000118
              ],
              [
                -89.00326152180624,
                28.924931935471708
              ],
              [
                -89.00344118486306,
                28.924931935471708
              ],
              [
                -89.00344118486306,
                28.924842103943295
              ],
              [
                -89.00362084791989,
                28.924842103943295
              ],
              [
                -89.00362084791989,
                28.924752272414885
              ],
              [
                -89.0037106794483,
                28.924752272414885
              ],
              [
                -89.0037106794483,
                28.924662440886472
              ],
              [
                -89.00380051097672,
                28.924662440886472
              ],
              [
                -89.00380051097672,
                28.92448277782965
              ],
              [
                -89.00389034250513,
                28.92448277782965
              ],
              [
                -89.00389034250513,
                28.924303114772822
              ],
              [
                -89.00380051097672,
                28.924303114772822
              ],
              [
                -89.00380051097672,
                28.924123451716
              ],
              [
                -89.0037106794483,
                28.924123451716
              ],
              [
                -89.0037106794483,
                28.923853957130763
              ],
              [
                -89.00362084791989,
                28.923853957130763
              ],
              [
                -89.00362084791989,
                28.922775978789822
              ],
              [
                -89.0037106794483,
                28.922775978789822
              ],
              [
                -89.0037106794483,
                28.92223698961935
              ],
              [
                -89.00380051097672,
                28.92223698961935
              ],
              [
                -89.00380051097672,
                28.92142850586364
              ],
              [
                -89.0037106794483,
                28.92142850586364
              ],
              [
                -89.0037106794483,
                28.921069179749992
              ],
              [
                -89.00362084791989,
                28.921069179749992
              ],
              [
                -89.00362084791989,
                28.92088951669317
              ],
              [
                -89.00353101639148,
                28.92088951669317
              ],
              [
                -89.00353101639148,
                28.920620022107933
              ],
              [
                -89.00344118486306,
                28.920620022107933
              ],
              [
                -89.00344118486306,
                28.91999120140905
              ],
              [
                -89.00335135333465,
                28.91999120140905
              ],
              [
                -89.00335135333465,
                28.919272549181755
              ],
              [
                -89.00326152180624,
                28.919272549181755
              ],
              [
                -89.00326152180624,
                28.917475918613516
              ],
              [
                -89.00335135333465,
                28.917475918613516
              ],
              [
                -89.00335135333465,
                28.917026760971456
              ],
              [
                -89.00344118486306,
                28.917026760971456
              ],
              [
                -89.00344118486306,
                28.91675726638622
              ],
              [
                -89.00353101639148,
                28.91675726638622
              ],
              [
                -89.00353101639148,
                28.916487771800984
              ],
              [
                -89.00362084791989,
                28.916487771800984
              ],
              [
                -89.00362084791989,
                28.91630810874416
              ],
              [
                -89.0037106794483,
                28.91630810874416
              ],
              [
                -89.0037106794483,
                28.916128445687335
              ],
              [
                -89.00380051097672,
                28.916128445687335
              ],
              [
                -89.00380051097672,
                28.9158589511021
              ],
              [
                -89.00389034250513,
                28.9158589511021
              ],
              [
                -89.00389034250513,
                28.915679288045276
              ],
              [
                -89.00398017403354,
                28.915679288045276
              ],
              [
                -89.00398017403354,
                28.91540979346004
              ],
              [
                -89.00407000556194,
                28.91540979346004
              ],
              [
                -89.00407000556194,
                28.914780972761157
              ],
              [
                -89.00415983709036,
                28.914780972761157
              ],
              [
                -89.00415983709036,
                28.914421646647508
              ],
              [
                -89.00424966861877,
                28.914421646647508
              ],
              [
                -89.00424966861877,
                28.914241983590685
              ],
              [
                -89.00433950014718,
                28.914241983590685
              ],
              [
                -89.00433950014718,
                28.91415215206227
              ],
              [
                -89.0044293316756,
                28.91415215206227
              ],
              [
                -89.0044293316756,
                28.913882657477036
              ],
              [
                -89.00451916320401,
                28.913882657477036
              ],
              [
                -89.00451916320401,
                28.91352333136339
              ],
              [
                -89.00460899473242,
                28.91352333136339
              ],
              [
                -89.00460899473242,
                28.913343668306567
              ],
              [
                -89.00469882626084,
                28.913343668306567
              ],
              [
                -89.00469882626084,
                28.91316400524974
              ],
              [
                -89.00478865778925,
                28.91316400524974
              ],
              [
                -89.00478865778925,
                28.91262501607927
              ],
              [
                -89.00487848931766,
                28.91262501607927
              ],
              [
                -89.00487848931766,
                28.911906363851973
              ],
              [
                -89.00496832084607,
                28.911906363851973
              ],
              [
                -89.00496832084607,
                28.911367374681504
              ],
              [
                -89.00487848931766,
                28.911367374681504
              ],
              [
                -89.00487848931766,
                28.91082838551103
              ],
              [
                -89.00478865778925,
                28.91082838551103
              ],
              [
                -89.00478865778925,
                28.910469059397382
              ],
              [
                -89.00469882626084,
                28.910469059397382
              ],
              [
                -89.00469882626084,
                28.910019901755323
              ],
              [
                -89.00478865778925,
                28.910019901755323
              ],
              [
                -89.00478865778925,
                28.909660575641677
              ],
              [
                -89.00487848931766,
                28.909660575641677
              ],
              [
                -89.00487848931766,
                28.90939108105644
              ],
              [
                -89.00496832084607,
                28.90939108105644
              ],
              [
                -89.00496832084607,
                28.909211417999614
              ],
              [
                -89.00505815237449,
                28.909211417999614
              ],
              [
                -89.00505815237449,
                28.90903175494279
              ],
              [
                -89.00514798390289,
                28.90903175494279
              ],
              [
                -89.00514798390289,
                28.90885209188597
              ],
              [
                -89.0052378154313,
                28.90885209188597
              ],
              [
                -89.0052378154313,
                28.908582597300732
              ],
              [
                -89.00532764695971,
                28.908582597300732
              ],
              [
                -89.00532764695971,
                28.90849276577232
              ],
              [
                -89.00541747848813,
                28.90849276577232
              ],
              [
                -89.00541747848813,
                28.90840293424391
              ],
              [
                -89.00550731001654,
                28.90840293424391
              ],
              [
                -89.00550731001654,
                28.908313102715496
              ],
              [
                -89.00559714154495,
                28.908313102715496
              ],
              [
                -89.00559714154495,
                28.908133439658673
              ],
              [
                -89.00577680460178,
                28.908133439658673
              ],
              [
                -89.00577680460178,
                28.90804360813026
              ],
              [
                -89.0058666361302,
                28.90804360813026
              ],
              [
                -89.0058666361302,
                28.907953776601847
              ],
              [
                -89.0059564676586,
                28.907953776601847
              ],
              [
                -89.0059564676586,
                28.907774113545024
              ],
              [
                -89.00604629918702,
                28.907774113545024
              ],
              [
                -89.00604629918702,
                28.907684282016614
              ],
              [
                -89.00613613071542,
                28.907684282016614
              ],
              [
                -89.00613613071542,
                28.9075944504882
              ],
              [
                -89.00622596224383,
                28.9075944504882
              ],
              [
                -89.00622596224383,
                28.90705546131773
              ],
              [
                -89.00613613071542,
                28.90705546131773
              ],
              [
                -89.00613613071542,
                28.906875798260906
              ],
              [
                -89.00604629918702,
                28.906875798260906
              ],
              [
                -89.00604629918702,
                28.906696135204083
              ],
              [
                -89.0059564676586,
                28.906696135204083
              ],
              [
                -89.0059564676586,
                28.906426640618847
              ],
              [
                -89.0058666361302,
                28.906426640618847
              ],
              [
                -89.0058666361302,
                28.906067314505197
              ],
              [
                -89.00577680460178,
                28.906067314505197
              ],
              [
                -89.00577680460178,
                28.905977482976784
              ],
              [
                -89.0058666361302,
                28.905977482976784
              ],
              [
                -89.0058666361302,
                28.905618156863138
              ],
              [
                -89.0059564676586,
                28.905618156863138
              ],
              [
                -89.0059564676586,
                28.905438493806315
              ],
              [
                -89.00604629918702,
                28.905438493806315
              ],
              [
                -89.00604629918702,
                28.905348662277902
              ],
              [
                -89.00613613071542,
                28.905348662277902
              ],
              [
                -89.00613613071542,
                28.90525883074949
              ],
              [
                -89.00622596224383,
                28.90525883074949
              ],
              [
                -89.00622596224383,
                28.905079167692666
              ],
              [
                -89.00631579377225,
                28.905079167692666
              ],
              [
                -89.00631579377225,
                28.904989336164252
              ],
              [
                -89.00640562530066,
                28.904989336164252
              ],
              [
                -89.00640562530066,
                28.904899504635843
              ],
              [
                -89.00649545682907,
                28.904899504635843
              ],
              [
                -89.00649545682907,
                28.90480967310743
              ],
              [
                -89.00658528835748,
                28.90480967310743
              ],
              [
                -89.00658528835748,
                28.904630010050607
              ],
              [
                -89.0066751198859,
                28.904630010050607
              ],
              [
                -89.0066751198859,
                28.904540178522193
              ],
              [
                -89.00676495141431,
                28.904540178522193
              ],
              [
                -89.00676495141431,
                28.904450346993784
              ],
              [
                -89.00685478294272,
                28.904450346993784
              ],
              [
                -89.00685478294272,
                28.90436051546537
              ],
              [
                -89.00694461447114,
                28.90436051546537
              ],
              [
                -89.00694461447114,
                28.904180852408548
              ],
              [
                -89.00703444599955,
                28.904180852408548
              ],
              [
                -89.00703444599955,
                28.904091020880134
              ],
              [
                -89.00721410905636,
                28.904091020880134
              ],
              [
                -89.00721410905636,
                28.90400118935172
              ],
              [
                -89.00730394058478,
                28.90400118935172
              ],
              [
                -89.00730394058478,
                28.903821526294898
              ],
              [
                -89.00739377211319,
                28.903821526294898
              ],
              [
                -89.00739377211319,
                28.903641863238075
              ],
              [
                -89.0074836036416,
                28.903641863238075
              ],
              [
                -89.0074836036416,
                28.903552031709662
              ],
              [
                -89.00757343517002,
                28.903552031709662
              ],
              [
                -89.00757343517002,
                28.90337236865284
              ],
              [
                -89.00766326669843,
                28.90337236865284
              ],
              [
                -89.00766326669843,
                28.90256388489713
              ],
              [
                -89.00757343517002,
                28.90256388489713
              ],
              [
                -89.00757343517002,
                28.902384221840308
              ],
              [
                -89.0074836036416,
                28.902384221840308
              ],
              [
                -89.0074836036416,
                28.902204558783485
              ],
              [
                -89.00739377211319,
                28.902204558783485
              ],
              [
                -89.00739377211319,
                28.901216411970953
              ],
              [
                -89.0074836036416,
                28.901216411970953
              ],
              [
                -89.0074836036416,
                28.90112658044254
              ],
              [
                -89.00757343517002,
                28.90112658044254
              ],
              [
                -89.00757343517002,
                28.901036748914127
              ],
              [
                -89.00766326669843,
                28.901036748914127
              ],
              [
                -89.00766326669843,
                28.90076725432889
              ],
              [
                -89.00775309822684,
                28.90076725432889
              ],
              [
                -89.00775309822684,
                28.900587591272068
              ],
              [
                -89.00784292975526,
                28.900587591272068
              ],
              [
                -89.00784292975526,
                28.900497759743658
              ],
              [
                -89.00802259281208,
                28.900497759743658
              ],
              [
                -89.00802259281208,
                28.90031809668683
              ],
              [
                -89.00811242434048,
                28.90031809668683
              ],
              [
                -89.00811242434048,
                28.900048602101595
              ],
              [
                -89.0082022558689,
                28.900048602101595
              ],
              [
                -89.0082022558689,
                28.899599444459536
              ],
              [
                -89.00811242434048,
                28.899599444459536
              ],
              [
                -89.00811242434048,
                28.898970623760654
              ],
              [
                -89.00802259281208,
                28.898970623760654
              ],
              [
                -89.00802259281208,
                28.898790960703828
              ],
              [
                -89.00793276128367,
                28.898790960703828
              ],
              [
                -89.00793276128367,
                28.898701129175418
              ],
              [
                -89.00784292975526,
                28.898701129175418
              ],
              [
                -89.00784292975526,
                28.898611297647005
              ],
              [
                -89.00775309822684,
                28.898611297647005
              ],
              [
                -89.00775309822684,
                28.898521466118595
              ],
              [
                -89.00757343517002,
                28.898521466118595
              ],
              [
                -89.00757343517002,
                28.89843163459018
              ],
              [
                -89.00739377211319,
                28.89843163459018
              ],
              [
                -89.00739377211319,
                28.89834180306177
              ],
              [
                -89.00694461447114,
                28.89834180306177
              ],
              [
                -89.00694461447114,
                28.89825197153336
              ],
              [
                -89.00622596224383,
                28.89825197153336
              ],
              [
                -89.00622596224383,
                28.898162140004946
              ],
              [
                -89.0059564676586,
                28.898162140004946
              ],
              [
                -89.0059564676586,
                28.898072308476532
              ],
              [
                -89.00568697307337,
                28.898072308476532
              ],
              [
                -89.00568697307337,
                28.897982476948123
              ],
              [
                -89.00541747848813,
                28.897982476948123
              ],
              [
                -89.00541747848813,
                28.89789264541971
              ],
              [
                -89.00505815237449,
                28.89789264541971
              ],
              [
                -89.00505815237449,
                28.897802813891296
              ],
              [
                -89.00487848931766,
                28.897802813891296
              ],
              [
                -89.00487848931766,
                28.897712982362886
              ],
              [
                -89.00460899473242,
                28.897712982362886
              ],
              [
                -89.00460899473242,
                28.897623150834473
              ],
              [
                -89.00433950014718,
                28.897623150834473
              ],
              [
                -89.00433950014718,
                28.897533319306064
              ],
              [
                -89.00415983709036,
                28.897533319306064
              ],
              [
                -89.00415983709036,
                28.89744348777765
              ],
              [
                -89.00407000556194,
                28.89744348777765
              ],
              [
                -89.00407000556194,
                28.897353656249237
              ],
              [
                -89.00398017403354,
                28.897353656249237
              ],
              [
                -89.00398017403354,
                28.897263824720827
              ],
              [
                -89.00389034250513,
                28.897263824720827
              ],
              [
                -89.00389034250513,
                28.897084161664
              ],
              [
                -89.00380051097672,
                28.897084161664
              ],
              [
                -89.00380051097672,
                28.89699433013559
              ],
              [
                -89.00389034250513,
                28.89699433013559
              ],
              [
                -89.00389034250513,
                28.89645534096512
              ],
              [
                -89.00398017403354,
                28.89645534096512
              ],
              [
                -89.00398017403354,
                28.895826520266233
              ],
              [
                -89.00389034250513,
                28.895826520266233
              ],
              [
                -89.00389034250513,
                28.89564685720941
              ],
              [
                -89.00380051097672,
                28.89564685720941
              ],
              [
                -89.00380051097672,
                28.895467194152587
              ],
              [
                -89.0037106794483,
                28.895467194152587
              ],
              [
                -89.0037106794483,
                28.895377362624174
              ],
              [
                -89.00362084791989,
                28.895377362624174
              ],
              [
                -89.00362084791989,
                28.895287531095764
              ],
              [
                -89.00353101639148,
                28.895287531095764
              ],
              [
                -89.00353101639148,
                28.895107868038938
              ],
              [
                -89.00344118486306,
                28.895107868038938
              ],
              [
                -89.00344118486306,
                28.894928204982115
              ],
              [
                -89.00335135333465,
                28.894928204982115
              ],
              [
                -89.00335135333465,
                28.89465871039688
              ],
              [
                -89.00326152180624,
                28.89465871039688
              ],
              [
                -89.00326152180624,
                28.894029889697997
              ],
              [
                -89.00335135333465,
                28.894029889697997
              ],
              [
                -89.00335135333465,
                28.893580732055938
              ],
              [
                -89.00344118486306,
                28.893580732055938
              ],
              [
                -89.00344118486306,
                28.89322140594229
              ],
              [
                -89.00353101639148,
                28.89322140594229
              ],
              [
                -89.00353101639148,
                28.893041742885465
              ],
              [
                -89.00362084791989,
                28.893041742885465
              ],
              [
                -89.00362084791989,
                28.892951911357052
              ],
              [
                -89.0037106794483,
                28.892951911357052
              ],
              [
                -89.0037106794483,
                28.89277224830023
              ],
              [
                -89.00380051097672,
                28.89277224830023
              ],
              [
                -89.00380051097672,
                28.892682416771816
              ],
              [
                -89.00398017403354,
                28.892682416771816
              ],
              [
                -89.00398017403354,
                28.892592585243406
              ],
              [
                -89.00407000556194,
                28.892592585243406
              ],
              [
                -89.00407000556194,
                28.892502753714993
              ],
              [
                -89.00415983709036,
                28.892502753714993
              ],
              [
                -89.00415983709036,
                28.89241292218658
              ],
              [
                -89.00424966861877,
                28.89241292218658
              ],
              [
                -89.00424966861877,
                28.89232309065817
              ],
              [
                -89.0044293316756,
                28.89232309065817
              ],
              [
                -89.0044293316756,
                28.892233259129757
              ],
              [
                -89.00451916320401,
                28.892233259129757
              ],
              [
                -89.00451916320401,
                28.892143427601344
              ],
              [
                -89.00469882626084,
                28.892143427601344
              ],
              [
                -89.00469882626084,
                28.892053596072934
              ],
              [
                -89.00478865778925,
                28.892053596072934
              ],
              [
                -89.00478865778925,
                28.89196376454452
              ],
              [
                -89.00496832084607,
                28.89196376454452
              ],
              [
                -89.00496832084607,
                28.891873933016107
              ],
              [
                -89.00514798390289,
                28.891873933016107
              ],
              [
                -89.00514798390289,
                28.891784101487698
              ],
              [
                -89.0052378154313,
                28.891784101487698
              ],
              [
                -89.0052378154313,
                28.891604438430875
              ],
              [
                -89.00532764695971,
                28.891604438430875
              ],
              [
                -89.00532764695971,
                28.89151460690246
              ],
              [
                -89.00541747848813,
                28.89151460690246
              ],
              [
                -89.00541747848813,
                28.89142477537405
              ],
              [
                -89.00550731001654,
                28.89142477537405
              ],
              [
                -89.00550731001654,
                28.891065449260402
              ],
              [
                -89.00559714154495,
                28.891065449260402
              ],
              [
                -89.00559714154495,
                28.888011177294395
              ],
              [
                -89.00568697307337,
                28.888011177294395
              ],
              [
                -89.00568697307337,
                28.887112862010277
              ],
              [
                -89.00577680460178,
                28.887112862010277
              ],
              [
                -89.00577680460178,
                28.88684336742504
              ],
              [
                -89.0058666361302,
                28.88684336742504
              ],
              [
                -89.0058666361302,
                28.88639420978298
              ],
              [
                -89.0059564676586,
                28.88639420978298
              ],
              [
                -89.0059564676586,
                28.88594505214092
              ],
              [
                -89.00604629918702,
                28.88594505214092
              ],
              [
                -89.00604629918702,
                28.885675557555686
              ],
              [
                -89.00613613071542,
                28.885675557555686
              ],
              [
                -89.00613613071542,
                28.885226399913623
              ],
              [
                -89.00622596224383,
                28.885226399913623
              ],
              [
                -89.00622596224383,
                28.88441791615792
              ],
              [
                -89.00631579377225,
                28.88441791615792
              ],
              [
                -89.00631579377225,
                28.883878926987446
              ],
              [
                -89.00640562530066,
                28.883878926987446
              ],
              [
                -89.00640562530066,
                28.88360943240221
              ],
              [
                -89.00649545682907,
                28.88360943240221
              ],
              [
                -89.00649545682907,
                28.883339937816974
              ],
              [
                -89.00658528835748,
                28.883339937816974
              ],
              [
                -89.00658528835748,
                28.882980611703324
              ],
              [
                -89.0066751198859,
                28.882980611703324
              ],
              [
                -89.0066751198859,
                28.8828009486465
              ],
              [
                -89.00676495141431,
                28.8828009486465
              ],
              [
                -89.00676495141431,
                28.882711117118088
              ],
              [
                -89.00685478294272,
                28.882711117118088
              ],
              [
                -89.00685478294272,
                28.88262128558968
              ],
              [
                -89.00694461447114,
                28.88262128558968
              ],
              [
                -89.00694461447114,
                28.882531454061265
              ],
              [
                -89.00703444599955,
                28.882531454061265
              ],
              [
                -89.00703444599955,
                28.882441622532856
              ],
              [
                -89.00712427752795,
                28.882441622532856
              ],
              [
                -89.00712427752795,
                28.882351791004442
              ],
              [
                -89.00721410905636,
                28.882351791004442
              ],
              [
                -89.00721410905636,
                28.88226195947603
              ],
              [
                -89.00730394058478,
                28.88226195947603
              ],
              [
                -89.00730394058478,
                28.88217212794762
              ],
              [
                -89.00739377211319,
                28.88217212794762
              ],
              [
                -89.00739377211319,
                28.882082296419206
              ],
              [
                -89.0074836036416,
                28.882082296419206
              ],
              [
                -89.0074836036416,
                28.881992464890793
              ],
              [
                -89.00757343517002,
                28.881992464890793
              ],
              [
                -89.00757343517002,
                28.881902633362383
              ],
              [
                -89.00766326669843,
                28.881902633362383
              ],
              [
                -89.00766326669843,
                28.881722970305557
              ],
              [
                -89.00775309822684,
                28.881722970305557
              ],
              [
                -89.00775309822684,
                28.881453475720324
              ],
              [
                -89.00784292975526,
                28.881453475720324
              ],
              [
                -89.00784292975526,
                28.88100431807826
              ],
              [
                -89.00775309822684,
                28.88100431807826
              ],
              [
                -89.00775309822684,
                28.880644991964616
              ],
              [
                -89.00766326669843,
                28.880644991964616
              ],
              [
                -89.00766326669843,
                28.880465328907793
              ],
              [
                -89.00757343517002,
                28.880465328907793
              ],
              [
                -89.00757343517002,
                28.88037549737938
              ],
              [
                -89.0074836036416,
                28.88037549737938
              ],
              [
                -89.0074836036416,
                28.880285665850966
              ],
              [
                -89.00739377211319,
                28.880285665850966
              ],
              [
                -89.00739377211319,
                28.880195834322556
              ],
              [
                -89.00730394058478,
                28.880195834322556
              ],
              [
                -89.00730394058478,
                28.880106002794143
              ],
              [
                -89.00712427752795,
                28.880106002794143
              ],
              [
                -89.00712427752795,
                28.88001617126573
              ],
              [
                -89.00703444599955,
                28.88001617126573
              ],
              [
                -89.00703444599955,
                28.87992633973732
              ],
              [
                -89.00694461447114,
                28.87992633973732
              ],
              [
                -89.00694461447114,
                28.879746676680494
              ],
              [
                -89.00685478294272,
                28.879746676680494
              ],
              [
                -89.00685478294272,
                28.879656845152084
              ],
              [
                -89.00676495141431,
                28.879656845152084
              ],
              [
                -89.00676495141431,
                28.87947718209526
              ],
              [
                -89.0066751198859,
                28.87947718209526
              ],
              [
                -89.0066751198859,
                28.87893819292479
              ],
              [
                -89.00658528835748,
                28.87893819292479
              ],
              [
                -89.00658528835748,
                28.878668698339553
              ],
              [
                -89.00649545682907,
                28.878668698339553
              ],
              [
                -89.00649545682907,
                28.87848903528273
              ],
              [
                -89.00640562530066,
                28.87848903528273
              ],
              [
                -89.00640562530066,
                28.878399203754316
              ],
              [
                -89.00631579377225,
                28.878399203754316
              ],
              [
                -89.00631579377225,
                28.878219540697494
              ],
              [
                -89.00622596224383,
                28.878219540697494
              ],
              [
                -89.00622596224383,
                28.87812970916908
              ],
              [
                -89.00613613071542,
                28.87812970916908
              ],
              [
                -89.00613613071542,
                28.878039877640667
              ],
              [
                -89.00604629918702,
                28.878039877640667
              ],
              [
                -89.00604629918702,
                28.877950046112257
              ],
              [
                -89.0059564676586,
                28.877950046112257
              ],
              [
                -89.0059564676586,
                28.87777038305543
              ],
              [
                -89.0058666361302,
                28.87777038305543
              ],
              [
                -89.0058666361302,
                28.87768055152702
              ],
              [
                -89.00577680460178,
                28.87768055152702
              ],
              [
                -89.00577680460178,
                28.877590719998608
              ],
              [
                -89.00568697307337,
                28.877590719998608
              ],
              [
                -89.00568697307337,
                28.8775008884702
              ],
              [
                -89.00559714154495,
                28.8775008884702
              ],
              [
                -89.00559714154495,
                28.877411056941785
              ],
              [
                -89.00550731001654,
                28.877411056941785
              ],
              [
                -89.00550731001654,
                28.87732122541337
              ],
              [
                -89.00541747848813,
                28.87732122541337
              ],
              [
                -89.00541747848813,
                28.877231393884962
              ],
              [
                -89.00532764695971,
                28.877231393884962
              ],
              [
                -89.00532764695971,
                28.877051730828136
              ],
              [
                -89.0052378154313,
                28.877051730828136
              ],
              [
                -89.0052378154313,
                28.876153415544017
              ],
              [
                -89.00532764695971,
                28.876153415544017
              ],
              [
                -89.00532764695971,
                28.875165268731486
              ],
              [
                -89.0052378154313,
                28.875165268731486
              ],
              [
                -89.0052378154313,
                28.874356784975777
              ],
              [
                -89.00532764695971,
                28.874356784975777
              ],
              [
                -89.00532764695971,
                28.87408729039054
              ],
              [
                -89.00541747848813,
                28.87408729039054
              ],
              [
                -89.00541747848813,
                28.87399745886213
              ],
              [
                -89.00550731001654,
                28.87399745886213
              ],
              [
                -89.00550731001654,
                28.87390762733372
              ],
              [
                -89.00559714154495,
                28.87390762733372
              ],
              [
                -89.00559714154495,
                28.873817795805305
              ],
              [
                -89.00568697307337,
                28.873817795805305
              ],
              [
                -89.00568697307337,
                28.873727964276895
              ],
              [
                -89.00577680460178,
                28.873727964276895
              ],
              [
                -89.00577680460178,
                28.873638132748482
              ],
              [
                -89.0058666361302,
                28.873638132748482
              ],
              [
                -89.0058666361302,
                28.873548301220072
              ],
              [
                -89.0059564676586,
                28.873548301220072
              ],
              [
                -89.0059564676586,
                28.87345846969166
              ],
              [
                -89.00604629918702,
                28.87345846969166
              ],
              [
                -89.00604629918702,
                28.873368638163246
              ],
              [
                -89.00613613071542,
                28.873368638163246
              ],
              [
                -89.00613613071542,
                28.873278806634836
              ],
              [
                -89.00622596224383,
                28.873278806634836
              ],
              [
                -89.00622596224383,
                28.873188975106423
              ],
              [
                -89.00631579377225,
                28.873188975106423
              ],
              [
                -89.00631579377225,
                28.8730093120496
              ],
              [
                -89.00640562530066,
                28.8730093120496
              ],
              [
                -89.00640562530066,
                28.872919480521187
              ],
              [
                -89.00649545682907,
                28.872919480521187
              ],
              [
                -89.00649545682907,
                28.872829648992774
              ],
              [
                -89.00658528835748,
                28.872829648992774
              ],
              [
                -89.00658528835748,
                28.87264998593595
              ],
              [
                -89.0066751198859,
                28.87264998593595
              ],
              [
                -89.0066751198859,
                28.872380491350714
              ],
              [
                -89.00676495141431,
                28.872380491350714
              ],
              [
                -89.00676495141431,
                28.872290659822305
              ],
              [
                -89.00685478294272,
                28.872290659822305
              ],
              [
                -89.00685478294272,
                28.87211099676548
              ],
              [
                -89.00694461447114,
                28.87211099676548
              ],
              [
                -89.00694461447114,
                28.871841502180242
              ],
              [
                -89.00703444599955,
                28.871841502180242
              ],
              [
                -89.00703444599955,
                28.871482176066596
              ],
              [
                -89.00712427752795,
                28.871482176066596
              ],
              [
                -89.00712427752795,
                28.87121268148136
              ],
              [
                -89.00721410905636,
                28.87121268148136
              ],
              [
                -89.00721410905636,
                28.87085335536771
              ],
              [
                -89.00730394058478,
                28.87085335536771
              ],
              [
                -89.00730394058478,
                28.869685545498356
              ],
              [
                -89.00721410905636,
                28.869685545498356
              ],
              [
                -89.00721410905636,
                28.869505882441533
              ],
              [
                -89.00712427752795,
                28.869505882441533
              ],
              [
                -89.00712427752795,
                28.86941605091312
              ],
              [
                -89.00703444599955,
                28.86941605091312
              ],
              [
                -89.00703444599955,
                28.869236387856297
              ],
              [
                -89.00694461447114,
                28.869236387856297
              ],
              [
                -89.00694461447114,
                28.869056724799474
              ],
              [
                -89.00685478294272,
                28.869056724799474
              ],
              [
                -89.00685478294272,
                28.868877061742648
              ],
              [
                -89.00676495141431,
                28.868877061742648
              ],
              [
                -89.00676495141431,
                28.868787230214238
              ],
              [
                -89.0066751198859,
                28.868787230214238
              ],
              [
                -89.0066751198859,
                28.86860756715741
              ],
              [
                -89.00658528835748,
                28.86860756715741
              ],
              [
                -89.00658528835748,
                28.868248241043766
              ],
              [
                -89.00649545682907,
                28.868248241043766
              ],
              [
                -89.00649545682907,
                28.867709251873293
              ],
              [
                -89.00640562530066,
                28.867709251873293
              ],
              [
                -89.00640562530066,
                28.866990599645998
              ],
              [
                -89.00649545682907,
                28.866990599645998
              ],
              [
                -89.00649545682907,
                28.866900768117585
              ],
              [
                -89.00658528835748,
                28.866900768117585
              ],
              [
                -89.00658528835748,
                28.866810936589175
              ],
              [
                -89.0066751198859,
                28.866810936589175
              ],
              [
                -89.0066751198859,
                28.866721105060762
              ],
              [
                -89.00676495141431,
                28.866721105060762
              ],
              [
                -89.00676495141431,
                28.86663127353235
              ],
              [
                -89.00694461447114,
                28.86663127353235
              ],
              [
                -89.00694461447114,
                28.86654144200394
              ],
              [
                -89.00703444599955,
                28.86654144200394
              ],
              [
                -89.00703444599955,
                28.866451610475526
              ],
              [
                -89.00721410905636,
                28.866451610475526
              ],
              [
                -89.00721410905636,
                28.866361778947116
              ],
              [
                -89.00739377211319,
                28.866361778947116
              ],
              [
                -89.00739377211319,
                28.866271947418703
              ],
              [
                -89.0074836036416,
                28.866271947418703
              ],
              [
                -89.0074836036416,
                28.86618211589029
              ],
              [
                -89.00757343517002,
                28.86618211589029
              ],
              [
                -89.00757343517002,
                28.86609228436188
              ],
              [
                -89.00775309822684,
                28.86609228436188
              ],
              [
                -89.00775309822684,
                28.866002452833467
              ],
              [
                -89.00802259281208,
                28.866002452833467
              ],
              [
                -89.00802259281208,
                28.865912621305053
              ],
              [
                -89.00811242434048,
                28.865912621305053
              ],
              [
                -89.00811242434048,
                28.86573295824823
              ],
              [
                -89.0082022558689,
                28.86573295824823
              ],
              [
                -89.0082022558689,
                28.865643126719817
              ],
              [
                -89.00829208739731,
                28.865643126719817
              ],
              [
                -89.00829208739731,
                28.865553295191408
              ],
              [
                -89.00838191892572,
                28.865553295191408
              ],
              [
                -89.00838191892572,
                28.8647448114357
              ],
              [
                -89.00847175045413,
                28.8647448114357
              ],
              [
                -89.00847175045413,
                28.86429565379364
              ],
              [
                -89.00838191892572,
                28.86429565379364
              ],
              [
                -89.00838191892572,
                28.864026159208404
              ],
              [
                -89.00829208739731,
                28.864026159208404
              ],
              [
                -89.00829208739731,
                28.86393632767999
              ],
              [
                -89.0082022558689,
                28.86393632767999
              ],
              [
                -89.0082022558689,
                28.86384649615158
              ],
              [
                -89.00811242434048,
                28.86384649615158
              ],
              [
                -89.00811242434048,
                28.863666833094754
              ],
              [
                -89.00802259281208,
                28.863666833094754
              ],
              [
                -89.00802259281208,
                28.86348717003793
              ],
              [
                -89.00793276128367,
                28.86348717003793
              ],
              [
                -89.00793276128367,
                28.86339733850952
              ],
              [
                -89.00784292975526,
                28.86339733850952
              ],
              [
                -89.00784292975526,
                28.863217675452695
              ],
              [
                -89.00775309822684,
                28.863217675452695
              ],
              [
                -89.00775309822684,
                28.86285834933905
              ],
              [
                -89.00766326669843,
                28.86285834933905
              ],
              [
                -89.00766326669843,
                28.862588854753813
              ],
              [
                -89.00757343517002,
                28.862588854753813
              ],
              [
                -89.00757343517002,
                28.8624990232254
              ],
              [
                -89.0074836036416,
                28.8624990232254
              ],
              [
                -89.0074836036416,
                28.86240919169699
              ],
              [
                -89.00739377211319,
                28.86240919169699
              ],
              [
                -89.00739377211319,
                28.862229528640164
              ],
              [
                -89.00730394058478,
                28.862229528640164
              ],
              [
                -89.00730394058478,
                28.86204986558334
              ],
              [
                -89.00721410905636,
                28.86204986558334
              ],
              [
                -89.00721410905636,
                28.861960034054928
              ],
              [
                -89.00703444599955,
                28.861960034054928
              ],
              [
                -89.00703444599955,
                28.861780370998105
              ],
              [
                -89.00694461447114,
                28.861780370998105
              ],
              [
                -89.00694461447114,
                28.86169053946969
              ],
              [
                -89.00685478294272,
                28.86169053946969
              ],
              [
                -89.00685478294272,
                28.86160070794128
              ],
              [
                -89.0066751198859,
                28.86160070794128
              ],
              [
                -89.0066751198859,
                28.86151087641287
              ],
              [
                -89.00658528835748,
                28.86151087641287
              ],
              [
                -89.00658528835748,
                28.861331213356046
              ],
              [
                -89.00649545682907,
                28.861331213356046
              ],
              [
                -89.00649545682907,
                28.861151550299223
              ],
              [
                -89.00640562530066,
                28.861151550299223
              ],
              [
                -89.00640562530066,
                28.860882055713986
              ],
              [
                -89.00631579377225,
                28.860882055713986
              ],
              [
                -89.00631579377225,
                28.86016340348669
              ],
              [
                -89.00622596224383,
                28.86016340348669
              ],
              [
                -89.00622596224383,
                28.85980407737304
              ],
              [
                -89.00613613071542,
                28.85980407737304
              ],
              [
                -89.00613613071542,
                28.85971424584463
              ],
              [
                -89.00604629918702,
                28.85971424584463
              ],
              [
                -89.00604629918702,
                28.859534582787806
              ],
              [
                -89.0059564676586,
                28.859534582787806
              ],
              [
                -89.0059564676586,
                28.859444751259396
              ],
              [
                -89.0058666361302,
                28.859444751259396
              ],
              [
                -89.0058666361302,
                28.85926508820257
              ],
              [
                -89.00577680460178,
                28.85926508820257
              ],
              [
                -89.00577680460178,
                28.85917525667416
              ],
              [
                -89.00568697307337,
                28.85917525667416
              ],
              [
                -89.00568697307337,
                28.859085425145746
              ],
              [
                -89.00559714154495,
                28.859085425145746
              ],
              [
                -89.00559714154495,
                28.858995593617333
              ],
              [
                -89.00550731001654,
                28.858995593617333
              ],
              [
                -89.00550731001654,
                28.858905762088924
              ],
              [
                -89.00541747848813,
                28.858905762088924
              ],
              [
                -89.00541747848813,
                28.85881593056051
              ],
              [
                -89.00532764695971,
                28.85881593056051
              ],
              [
                -89.00532764695971,
                28.858726099032097
              ],
              [
                -89.0052378154313,
                28.858726099032097
              ],
              [
                -89.0052378154313,
                28.858546435975274
              ],
              [
                -89.00514798390289,
                28.858546435975274
              ],
              [
                -89.00514798390289,
                28.85818710986163
              ],
              [
                -89.0052378154313,
                28.85818710986163
              ],
              [
                -89.0052378154313,
                28.858007446804802
              ],
              [
                -89.00532764695971,
                28.858007446804802
              ],
              [
                -89.00532764695971,
                28.85782778374798
              ],
              [
                -89.00541747848813,
                28.85782778374798
              ],
              [
                -89.00541747848813,
                28.857648120691156
              ],
              [
                -89.00550731001654,
                28.857648120691156
              ],
              [
                -89.00550731001654,
                28.857468457634333
              ],
              [
                -89.00559714154495,
                28.857468457634333
              ],
              [
                -89.00559714154495,
                28.857198963049097
              ],
              [
                -89.00568697307337,
                28.857198963049097
              ],
              [
                -89.00568697307337,
                28.85701929999227
              ],
              [
                -89.00577680460178,
                28.85701929999227
              ],
              [
                -89.00577680460178,
                28.856839636935447
              ],
              [
                -89.0058666361302,
                28.856839636935447
              ],
              [
                -89.0058666361302,
                28.85657014235021
              ],
              [
                -89.0059564676586,
                28.85657014235021
              ],
              [
                -89.0059564676586,
                28.856300647764975
              ],
              [
                -89.00604629918702,
                28.856300647764975
              ],
              [
                -89.00604629918702,
                28.856120984708152
              ],
              [
                -89.00613613071542,
                28.856120984708152
              ],
              [
                -89.00613613071542,
                28.85603115317974
              ],
              [
                -89.00622596224383,
                28.85603115317974
              ],
              [
                -89.00622596224383,
                28.855851490122916
              ],
              [
                -89.00631579377225,
                28.855851490122916
              ],
              [
                -89.00631579377225,
                28.855671827066093
              ],
              [
                -89.00640562530066,
                28.855671827066093
              ],
              [
                -89.00640562530066,
                28.85558199553768
              ],
              [
                -89.00649545682907,
                28.85558199553768
              ],
              [
                -89.00649545682907,
                28.855402332480857
              ],
              [
                -89.00658528835748,
                28.855402332480857
              ],
              [
                -89.00658528835748,
                28.855222669424034
              ],
              [
                -89.0066751198859,
                28.855222669424034
              ],
              [
                -89.0066751198859,
                28.854953174838798
              ],
              [
                -89.00676495141431,
                28.854953174838798
              ],
              [
                -89.00676495141431,
                28.854863343310384
              ],
              [
                -89.00685478294272,
                28.854863343310384
              ],
              [
                -89.00685478294272,
                28.85468368025356
              ],
              [
                -89.00694461447114,
                28.85468368025356
              ],
              [
                -89.00694461447114,
                28.85450401719674
              ],
              [
                -89.00703444599955,
                28.85450401719674
              ],
              [
                -89.00703444599955,
                28.854324354139912
              ],
              [
                -89.00712427752795,
                28.854324354139912
              ],
              [
                -89.00712427752795,
                28.854234522611502
              ],
              [
                -89.00721410905636,
                28.854234522611502
              ],
              [
                -89.00721410905636,
                28.85414469108309
              ],
              [
                -89.00730394058478,
                28.85414469108309
              ],
              [
                -89.00730394058478,
                28.854054859554676
              ],
              [
                -89.00739377211319,
                28.854054859554676
              ],
              [
                -89.00739377211319,
                28.853965028026266
              ],
              [
                -89.0074836036416,
                28.853965028026266
              ],
              [
                -89.0074836036416,
                28.853875196497853
              ],
              [
                -89.00757343517002,
                28.853875196497853
              ],
              [
                -89.00757343517002,
                28.85378536496944
              ],
              [
                -89.00766326669843,
                28.85378536496944
              ],
              [
                -89.00766326669843,
                28.853605701912617
              ],
              [
                -89.00775309822684,
                28.853605701912617
              ],
              [
                -89.00775309822684,
                28.853426038855794
              ],
              [
                -89.00784292975526,
                28.853426038855794
              ],
              [
                -89.00784292975526,
                28.85324637579897
              ],
              [
                -89.00793276128367,
                28.85324637579897
              ],
              [
                -89.00793276128367,
                28.853066712742145
              ],
              [
                -89.00802259281208,
                28.853066712742145
              ],
              [
                -89.00802259281208,
                28.85234806051485
              ],
              [
                -89.00793276128367,
                28.85234806051485
              ],
              [
                -89.00793276128367,
                28.852168397458026
              ],
              [
                -89.00784292975526,
                28.852168397458026
              ],
              [
                -89.00784292975526,
                28.852078565929613
              ],
              [
                -89.00766326669843,
                28.852078565929613
              ],
              [
                -89.00766326669843,
                28.851988734401203
              ],
              [
                -89.0074836036416,
                28.851988734401203
              ],
              [
                -89.0074836036416,
                28.85189890287279
              ],
              [
                -89.00694461447114,
                28.85189890287279
              ],
              [
                -89.00694461447114,
                28.851809071344377
              ],
              [
                -89.00568697307337,
                28.851809071344377
              ],
              [
                -89.00568697307337,
                28.851719239815967
              ],
              [
                -89.00550731001654,
                28.851719239815967
              ],
              [
                -89.00550731001654,
                28.851629408287554
              ],
              [
                -89.00532764695971,
                28.851629408287554
              ],
              [
                -89.00532764695971,
                28.851539576759144
              ],
              [
                -89.0052378154313,
                28.851539576759144
              ],
              [
                -89.0052378154313,
                28.85144974523073
              ],
              [
                -89.00514798390289,
                28.85144974523073
              ],
              [
                -89.00514798390289,
                28.851000587588672
              ],
              [
                -89.0052378154313,
                28.851000587588672
              ],
              [
                -89.0052378154313,
                28.850820924531845
              ],
              [
                -89.00532764695971,
                28.850820924531845
              ],
              [
                -89.00532764695971,
                28.850731093003436
              ],
              [
                -89.00541747848813,
                28.850731093003436
              ],
              [
                -89.00541747848813,
                28.850641261475023
              ],
              [
                -89.00550731001654,
                28.850641261475023
              ],
              [
                -89.00550731001654,
                28.8504615984182
              ],
              [
                -89.00559714154495,
                28.8504615984182
              ],
              [
                -89.00559714154495,
                28.850192103832963
              ],
              [
                -89.00568697307337,
                28.850192103832963
              ],
              [
                -89.00568697307337,
                28.849742946190904
              ],
              [
                -89.00559714154495,
                28.849742946190904
              ],
              [
                -89.00559714154495,
                28.849473451605668
              ],
              [
                -89.00550731001654,
                28.849473451605668
              ],
              [
                -89.00550731001654,
                28.849383620077255
              ],
              [
                -89.00541747848813,
                28.849383620077255
              ],
              [
                -89.00541747848813,
                28.849293788548845
              ],
              [
                -89.00532764695971,
                28.849293788548845
              ],
              [
                -89.00532764695971,
                28.849203957020432
              ],
              [
                -89.0052378154313,
                28.849203957020432
              ],
              [
                -89.0052378154313,
                28.84911412549202
              ],
              [
                -89.00514798390289,
                28.84911412549202
              ],
              [
                -89.00514798390289,
                28.84902429396361
              ],
              [
                -89.00505815237449,
                28.84902429396361
              ],
              [
                -89.00505815237449,
                28.848934462435196
              ],
              [
                -89.00496832084607,
                28.848934462435196
              ],
              [
                -89.00496832084607,
                28.848754799378373
              ],
              [
                -89.00487848931766,
                28.848754799378373
              ],
              [
                -89.00487848931766,
                28.848575136321546
              ],
              [
                -89.00478865778925,
                28.848575136321546
              ],
              [
                -89.00478865778925,
                28.8482158102079
              ],
              [
                -89.00487848931766,
                28.8482158102079
              ],
              [
                -89.00487848931766,
                28.848036147151078
              ],
              [
                -89.00496832084607,
                28.848036147151078
              ],
              [
                -89.00496832084607,
                28.847946315622664
              ],
              [
                -89.00505815237449,
                28.847946315622664
              ],
              [
                -89.00505815237449,
                28.84785648409425
              ],
              [
                -89.00514798390289,
                28.84785648409425
              ],
              [
                -89.00514798390289,
                28.84776665256584
              ],
              [
                -89.0052378154313,
                28.84776665256584
              ],
              [
                -89.0052378154313,
                28.847676821037428
              ],
              [
                -89.00532764695971,
                28.847676821037428
              ],
              [
                -89.00532764695971,
                28.847586989509015
              ],
              [
                -89.00541747848813,
                28.847586989509015
              ],
              [
                -89.00541747848813,
                28.847497157980605
              ],
              [
                -89.00550731001654,
                28.847497157980605
              ],
              [
                -89.00550731001654,
                28.847407326452192
              ],
              [
                -89.00559714154495,
                28.847407326452192
              ],
              [
                -89.00559714154495,
                28.84722766339537
              ],
              [
                -89.00568697307337,
                28.84722766339537
              ],
              [
                -89.00568697307337,
                28.847137831866956
              ],
              [
                -89.00577680460178,
                28.847137831866956
              ],
              [
                -89.00577680460178,
                28.847048000338546
              ],
              [
                -89.0058666361302,
                28.847048000338546
              ],
              [
                -89.0058666361302,
                28.846688674224897
              ],
              [
                -89.0059564676586,
                28.846688674224897
              ],
              [
                -89.0059564676586,
                28.846059853526015
              ],
              [
                -89.00604629918702,
                28.846059853526015
              ],
              [
                -89.00604629918702,
                28.84579035894078
              ],
              [
                -89.00613613071542,
                28.84579035894078
              ],
              [
                -89.00613613071542,
                28.845251369770306
              ],
              [
                -89.00604629918702,
                28.845251369770306
              ],
              [
                -89.00604629918702,
                28.845161538241893
              ],
              [
                -89.0059564676586,
                28.845161538241893
              ],
              [
                -89.0059564676586,
                28.844892043656657
              ],
              [
                -89.0058666361302,
                28.844892043656657
              ],
              [
                -89.0058666361302,
                28.844712380599834
              ],
              [
                -89.00577680460178,
                28.844712380599834
              ],
              [
                -89.00577680460178,
                28.84462254907142
              ],
              [
                -89.00568697307337,
                28.84462254907142
              ],
              [
                -89.00568697307337,
                28.84453271754301
              ],
              [
                -89.00559714154495,
                28.84453271754301
              ],
              [
                -89.00559714154495,
                28.844442886014598
              ],
              [
                -89.00550731001654,
                28.844442886014598
              ],
              [
                -89.00550731001654,
                28.844263222957775
              ],
              [
                -89.00541747848813,
                28.844263222957775
              ],
              [
                -89.00541747848813,
                28.84417339142936
              ],
              [
                -89.00532764695971,
                28.84417339142936
              ],
              [
                -89.00532764695971,
                28.843903896844125
              ],
              [
                -89.0052378154313,
                28.843903896844125
              ],
              [
                -89.0052378154313,
                28.843814065315716
              ],
              [
                -89.00532764695971,
                28.843814065315716
              ],
              [
                -89.00532764695971,
                28.84318524461683
              ],
              [
                -89.00541747848813,
                28.84318524461683
              ],
              [
                -89.00541747848813,
                28.84273608697477
              ],
              [
                -89.00550731001654,
                28.84273608697477
              ],
              [
                -89.00550731001654,
                28.842556423917948
              ],
              [
                -89.00559714154495,
                28.842556423917948
              ],
              [
                -89.00559714154495,
                28.842466592389535
              ],
              [
                -89.00568697307337,
                28.842466592389535
              ],
              [
                -89.00568697307337,
                28.842376760861125
              ],
              [
                -89.00577680460178,
                28.842376760861125
              ],
              [
                -89.00577680460178,
                28.84228692933271
              ],
              [
                -89.0059564676586,
                28.84228692933271
              ],
              [
                -89.0059564676586,
                28.8421970978043
              ],
              [
                -89.00604629918702,
                28.8421970978043
              ],
              [
                -89.00604629918702,
                28.84210726627589
              ],
              [
                -89.00622596224383,
                28.84210726627589
              ],
              [
                -89.00622596224383,
                28.842017434747476
              ],
              [
                -89.00631579377225,
                28.842017434747476
              ],
              [
                -89.00631579377225,
                28.841927603219062
              ],
              [
                -89.00649545682907,
                28.841927603219062
              ],
              [
                -89.00649545682907,
                28.841837771690653
              ],
              [
                -89.0066751198859,
                28.841837771690653
              ],
              [
                -89.0066751198859,
                28.84174794016224
              ],
              [
                -89.00676495141431,
                28.84174794016224
              ],
              [
                -89.00676495141431,
                28.841658108633826
              ],
              [
                -89.00694461447114,
                28.841658108633826
              ],
              [
                -89.00694461447114,
                28.841568277105416
              ],
              [
                -89.00703444599955,
                28.841568277105416
              ],
              [
                -89.00703444599955,
                28.841388614048594
              ],
              [
                -89.00712427752795,
                28.841388614048594
              ],
              [
                -89.00712427752795,
                28.84129878252018
              ],
              [
                -89.00721410905636,
                28.84129878252018
              ],
              [
                -89.00721410905636,
                28.841208950991767
              ],
              [
                -89.00730394058478,
                28.841208950991767
              ],
              [
                -89.00730394058478,
                28.84093945640653
              ],
              [
                -89.00739377211319,
                28.84093945640653
              ],
              [
                -89.00739377211319,
                28.840580130292885
              ],
              [
                -89.0074836036416,
                28.840580130292885
              ],
              [
                -89.0074836036416,
                28.840490298764472
              ],
              [
                -89.00757343517002,
                28.840490298764472
              ],
              [
                -89.00757343517002,
                28.840400467236062
              ],
              [
                -89.00766326669843,
                28.840400467236062
              ],
              [
                -89.00766326669843,
                28.840220804179236
              ],
              [
                -89.00775309822684,
                28.840220804179236
              ],
              [
                -89.00775309822684,
                28.840130972650826
              ],
              [
                -89.00784292975526,
                28.840130972650826
              ],
              [
                -89.00784292975526,
                28.840041141122413
              ],
              [
                -89.00793276128367,
                28.840041141122413
              ],
              [
                -89.00793276128367,
                28.839951309594
              ],
              [
                -89.00802259281208,
                28.839951309594
              ],
              [
                -89.00802259281208,
                28.839771646537177
              ],
              [
                -89.00811242434048,
                28.839771646537177
              ],
              [
                -89.00811242434048,
                28.83950215195194
              ],
              [
                -89.0082022558689,
                28.83950215195194
              ],
              [
                -89.0082022558689,
                28.838963162781468
              ],
              [
                -89.00829208739731,
                28.838963162781468
              ],
              [
                -89.00829208739731,
                28.83851400513941
              ],
              [
                -89.00838191892572,
                28.83851400513941
              ],
              [
                -89.00838191892572,
                28.83806484749735
              ],
              [
                -89.00847175045413,
                28.83806484749735
              ],
              [
                -89.00847175045413,
                28.837885184440527
              ],
              [
                -89.00856158198255,
                28.837885184440527
              ],
              [
                -89.00856158198255,
                28.8377055213837
              ],
              [
                -89.00865141351096,
                28.8377055213837
              ],
              [
                -89.00865141351096,
                28.837525858326877
              ],
              [
                -89.00874124503937,
                28.837525858326877
              ],
              [
                -89.00874124503937,
                28.83725636374164
              ],
              [
                -89.00883107656779,
                28.83725636374164
              ],
              [
                -89.00883107656779,
                28.83707670068482
              ],
              [
                -89.0089209080962,
                28.83707670068482
              ],
              [
                -89.0089209080962,
                28.836897037627995
              ],
              [
                -89.00901073962461,
                28.836897037627995
              ],
              [
                -89.00901073962461,
                28.83671737457117
              ],
              [
                -89.00910057115301,
                28.83671737457117
              ],
              [
                -89.00910057115301,
                28.836447879985936
              ],
              [
                -89.00919040268143,
                28.836447879985936
              ],
              [
                -89.00919040268143,
                28.836088553872287
              ],
              [
                -89.00928023420984,
                28.836088553872287
              ],
              [
                -89.00928023420984,
                28.83581905928705
              ],
              [
                -89.00937006573825,
                28.83581905928705
              ],
              [
                -89.00937006573825,
                28.8354597331734
              ],
              [
                -89.00928023420984,
                28.8354597331734
              ],
              [
                -89.00928023420984,
                28.83528007011658
              ],
              [
                -89.00919040268143,
                28.83528007011658
              ],
              [
                -89.00919040268143,
                28.835100407059755
              ],
              [
                -89.00910057115301,
                28.835100407059755
              ],
              [
                -89.00910057115301,
                28.835010575531342
              ],
              [
                -89.00901073962461,
                28.835010575531342
              ],
              [
                -89.00901073962461,
                28.834920744002932
              ],
              [
                -89.0089209080962,
                28.834920744002932
              ],
              [
                -89.0089209080962,
                28.834741080946106
              ],
              [
                -89.00883107656779,
                28.834741080946106
              ],
              [
                -89.00883107656779,
                28.834651249417696
              ],
              [
                -89.00874124503937,
                28.834651249417696
              ],
              [
                -89.00874124503937,
                28.83447158636087
              ],
              [
                -89.00865141351096,
                28.83447158636087
              ],
              [
                -89.00865141351096,
                28.83438175483246
              ],
              [
                -89.00856158198255,
                28.83438175483246
              ],
              [
                -89.00856158198255,
                28.834291923304047
              ],
              [
                -89.00847175045413,
                28.834291923304047
              ],
              [
                -89.00847175045413,
                28.83357327107675
              ],
              [
                -89.00856158198255,
                28.83357327107675
              ],
              [
                -89.00856158198255,
                28.83348343954834
              ],
              [
                -89.00865141351096,
                28.83348343954834
              ],
              [
                -89.00865141351096,
                28.833303776491515
              ],
              [
                -89.00874124503937,
                28.833303776491515
              ],
              [
                -89.00874124503937,
                28.83303428190628
              ],
              [
                -89.00883107656779,
                28.83303428190628
              ],
              [
                -89.00883107656779,
                28.83258512426422
              ],
              [
                -89.0089209080962,
                28.83258512426422
              ],
              [
                -89.0089209080962,
                28.83213596662216
              ],
              [
                -89.00883107656779,
                28.83213596662216
              ],
              [
                -89.00883107656779,
                28.831057988281216
              ],
              [
                -89.0089209080962,
                28.831057988281216
              ],
              [
                -89.0089209080962,
                28.830878325224393
              ],
              [
                -89.00901073962461,
                28.830878325224393
              ],
              [
                -89.00901073962461,
                28.83078849369598
              ],
              [
                -89.00910057115301,
                28.83078849369598
              ],
              [
                -89.00910057115301,
                28.830518999110744
              ],
              [
                -89.00919040268143,
                28.830518999110744
              ],
              [
                -89.00919040268143,
                28.83033933605392
              ],
              [
                -89.00928023420984,
                28.83033933605392
              ],
              [
                -89.00928023420984,
                28.83024950452551
              ],
              [
                -89.00937006573825,
                28.83024950452551
              ],
              [
                -89.00937006573825,
                28.830159672997098
              ],
              [
                -89.00945989726667,
                28.830159672997098
              ],
              [
                -89.00945989726667,
                28.830069841468685
              ],
              [
                -89.00954972879508,
                28.830069841468685
              ],
              [
                -89.00954972879508,
                28.829980009940275
              ],
              [
                -89.00963956032349,
                28.829980009940275
              ],
              [
                -89.00963956032349,
                28.829890178411862
              ],
              [
                -89.0097293918519,
                28.829890178411862
              ],
              [
                -89.0097293918519,
                28.82980034688345
              ],
              [
                -89.00990905490873,
                28.82980034688345
              ],
              [
                -89.00990905490873,
                28.82971051535504
              ],
              [
                -89.00999888643715,
                28.82971051535504
              ],
              [
                -89.00999888643715,
                28.829620683826626
              ],
              [
                -89.01008871796554,
                28.829620683826626
              ],
              [
                -89.01008871796554,
                28.829530852298213
              ],
              [
                -89.01017854949396,
                28.829530852298213
              ],
              [
                -89.01017854949396,
                28.829441020769803
              ],
              [
                -89.01026838102237,
                28.829441020769803
              ],
              [
                -89.01026838102237,
                28.82926135771298
              ],
              [
                -89.01035821255078,
                28.82926135771298
              ],
              [
                -89.01035821255078,
                28.829171526184567
              ],
              [
                -89.0104480440792,
                28.829171526184567
              ],
              [
                -89.0104480440792,
                28.829081694656153
              ],
              [
                -89.01053787560761,
                28.829081694656153
              ],
              [
                -89.01053787560761,
                28.828991863127744
              ],
              [
                -89.01062770713602,
                28.828991863127744
              ],
              [
                -89.01062770713602,
                28.82890203159933
              ],
              [
                -89.01071753866444,
                28.82890203159933
              ],
              [
                -89.01071753866444,
                28.828812200070917
              ],
              [
                -89.01080737019285,
                28.828812200070917
              ],
              [
                -89.01080737019285,
                28.828722368542508
              ],
              [
                -89.01089720172126,
                28.828722368542508
              ],
              [
                -89.01089720172126,
                28.828632537014094
              ],
              [
                -89.01098703324968,
                28.828632537014094
              ],
              [
                -89.01098703324968,
                28.82854270548568
              ],
              [
                -89.01107686477808,
                28.82854270548568
              ],
              [
                -89.01107686477808,
                28.82845287395727
              ],
              [
                -89.01116669630649,
                28.82845287395727
              ],
              [
                -89.01116669630649,
                28.828363042428858
              ],
              [
                -89.0112565278349,
                28.828363042428858
              ],
              [
                -89.0112565278349,
                28.828183379372035
              ],
              [
                -89.01134635936332,
                28.828183379372035
              ],
              [
                -89.01134635936332,
                28.8279138847868
              ],
              [
                -89.01143619089173,
                28.8279138847868
              ],
              [
                -89.01143619089173,
                28.827824053258386
              ],
              [
                -89.01152602242014,
                28.827824053258386
              ],
              [
                -89.01152602242014,
                28.827644390201563
              ],
              [
                -89.01161585394856,
                28.827644390201563
              ],
              [
                -89.01161585394856,
                28.82755455867315
              ],
              [
                -89.01170568547697,
                28.82755455867315
              ],
              [
                -89.01170568547697,
                28.827374895616327
              ],
              [
                -89.01179551700538,
                28.827374895616327
              ],
              [
                -89.01179551700538,
                28.827285064087917
              ],
              [
                -89.01197518006221,
                28.827285064087917
              ],
              [
                -89.01197518006221,
                28.827195232559504
              ],
              [
                -89.01206501159061,
                28.827195232559504
              ],
              [
                -89.01206501159061,
                28.82710540103109
              ],
              [
                -89.01215484311902,
                28.82710540103109
              ],
              [
                -89.01215484311902,
                28.82701556950268
              ],
              [
                -89.01233450617585,
                28.82701556950268
              ],
              [
                -89.01233450617585,
                28.826925737974268
              ],
              [
                -89.01242433770426,
                28.826925737974268
              ],
              [
                -89.01242433770426,
                28.826835906445854
              ],
              [
                -89.0126938322895,
                28.826835906445854
              ],
              [
                -89.0126938322895,
                28.826746074917445
              ],
              [
                -89.01287349534633,
                28.826746074917445
              ],
              [
                -89.01287349534633,
                28.82665624338903
              ],
              [
                -89.01305315840314,
                28.82665624338903
              ],
              [
                -89.01305315840314,
                28.826566411860618
              ],
              [
                -89.01323282145997,
                28.826566411860618
              ],
              [
                -89.01323282145997,
                28.82647658033221
              ],
              [
                -89.01332265298838,
                28.82647658033221
              ],
              [
                -89.01332265298838,
                28.826296917275386
              ],
              [
                -89.01341248451679,
                28.826296917275386
              ],
              [
                -89.01341248451679,
                28.82611725421856
              ],
              [
                -89.0135023160452,
                28.82611725421856
              ],
              [
                -89.0135023160452,
                28.825757928104913
              ],
              [
                -89.01359214757362,
                28.825757928104913
              ],
              [
                -89.01359214757362,
                28.825488433519677
              ],
              [
                -89.01368197910203,
                28.825488433519677
              ],
              [
                -89.01368197910203,
                28.825398601991264
              ],
              [
                -89.01377181063044,
                28.825398601991264
              ],
              [
                -89.01377181063044,
                28.825308770462854
              ],
              [
                -89.01386164215886,
                28.825308770462854
              ],
              [
                -89.01386164215886,
                28.82521893893444
              ],
              [
                -89.01395147368727,
                28.82521893893444
              ],
              [
                -89.01395147368727,
                28.825129107406028
              ],
              [
                -89.0142209682725,
                28.825129107406028
              ],
              [
                -89.0142209682725,
                28.825039275877618
              ],
              [
                -89.01449046285774,
                28.825039275877618
              ],
              [
                -89.01449046285774,
                28.824949444349205
              ],
              [
                -89.01475995744298,
                28.824949444349205
              ],
              [
                -89.01475995744298,
                28.82485961282079
              ],
              [
                -89.0149396204998,
                28.82485961282079
              ],
              [
                -89.0149396204998,
                28.82476978129238
              ],
              [
                -89.01556844119868,
                28.82476978129238
              ],
              [
                -89.01556844119868,
                28.82467994976397
              ],
              [
                -89.01592776731233,
                28.82467994976397
              ],
              [
                -89.01592776731233,
                28.824590118235555
              ],
              [
                -89.01610743036915,
                28.824590118235555
              ],
              [
                -89.01610743036915,
                28.824500286707146
              ],
              [
                -89.01628709342597,
                28.824500286707146
              ],
              [
                -89.01628709342597,
                28.824410455178732
              ],
              [
                -89.01673625106804,
                28.824410455178732
              ],
              [
                -89.01673625106804,
                28.824320623650323
              ],
              [
                -89.01700574565326,
                28.824320623650323
              ],
              [
                -89.01700574565326,
                28.82423079212191
              ],
              [
                -89.01718540871009,
                28.82423079212191
              ],
              [
                -89.01718540871009,
                28.824140960593496
              ],
              [
                -89.0172752402385,
                28.824140960593496
              ],
              [
                -89.0172752402385,
                28.824051129065086
              ],
              [
                -89.01736507176692,
                28.824051129065086
              ],
              [
                -89.01736507176692,
                28.82387146600826
              ],
              [
                -89.01745490329533,
                28.82387146600826
              ],
              [
                -89.01745490329533,
                28.823691802951437
              ],
              [
                -89.01754473482374,
                28.823691802951437
              ],
              [
                -89.01754473482374,
                28.823601971423024
              ],
              [
                -89.01763456635216,
                28.823601971423024
              ],
              [
                -89.01763456635216,
                28.8234223083662
              ],
              [
                -89.01772439788057,
                28.8234223083662
              ],
              [
                -89.01772439788057,
                28.82333247683779
              ],
              [
                -89.01781422940898,
                28.82333247683779
              ],
              [
                -89.01781422940898,
                28.823152813780965
              ],
              [
                -89.0179040609374,
                28.823152813780965
              ],
              [
                -89.0179040609374,
                28.823062982252555
              ],
              [
                -89.0179938924658,
                28.823062982252555
              ],
              [
                -89.0179938924658,
                28.822973150724142
              ],
              [
                -89.01817355552262,
                28.822973150724142
              ],
              [
                -89.01817355552262,
                28.82288331919573
              ],
              [
                -89.01826338705104,
                28.82288331919573
              ],
              [
                -89.01826338705104,
                28.82279348766732
              ],
              [
                -89.01835321857945,
                28.82279348766732
              ],
              [
                -89.01835321857945,
                28.822703656138906
              ],
              [
                -89.01844305010786,
                28.822703656138906
              ],
              [
                -89.01844305010786,
                28.82243416155367
              ],
              [
                -89.01853288163628,
                28.82243416155367
              ],
              [
                -89.01853288163628,
                28.821805340854787
              ],
              [
                -89.00856158198255,
                28.821805340854787
              ],
              [
                -89.00856158198255,
                28.82234433002526
              ],
              [
                -89.00847175045413,
                28.82234433002526
              ],
              [
                -89.00847175045413,
                28.822523993082083
              ],
              [
                -89.00838191892572,
                28.822523993082083
              ],
              [
                -89.00838191892572,
                28.822703656138906
              ],
              [
                -89.00829208739731,
                28.822703656138906
              ],
              [
                -89.00829208739731,
                28.82279348766732
              ],
              [
                -89.0082022558689,
                28.82279348766732
              ],
              [
                -89.0082022558689,
                28.82288331919573
              ],
              [
                -89.00811242434048,
                28.82288331919573
              ],
              [
                -89.00811242434048,
                28.822973150724142
              ],
              [
                -89.00802259281208,
                28.822973150724142
              ],
              [
                -89.00802259281208,
                28.823062982252555
              ],
              [
                -89.00793276128367,
                28.823062982252555
              ],
              [
                -89.00793276128367,
                28.823152813780965
              ],
              [
                -89.00784292975526,
                28.823152813780965
              ],
              [
                -89.00784292975526,
                28.823242645309378
              ],
              [
                -89.00775309822684,
                28.823242645309378
              ],
              [
                -89.00775309822684,
                28.82333247683779
              ],
              [
                -89.00766326669843,
                28.82333247683779
              ],
              [
                -89.00766326669843,
                28.823512139894614
              ],
              [
                -89.00757343517002,
                28.823512139894614
              ],
              [
                -89.00757343517002,
                28.823601971423024
              ],
              [
                -89.0074836036416,
                28.823601971423024
              ],
              [
                -89.0074836036416,
                28.823691802951437
              ],
              [
                -89.00739377211319,
                28.823691802951437
              ],
              [
                -89.00739377211319,
                28.82387146600826
              ],
              [
                -89.00730394058478,
                28.82387146600826
              ],
              [
                -89.00730394058478,
                28.82467994976397
              ],
              [
                -89.00721410905636,
                28.82467994976397
              ],
              [
                -89.00721410905636,
                28.82647658033221
              ],
              [
                -89.00712427752795,
                28.82647658033221
              ],
              [
                -89.00712427752795,
                28.826835906445854
              ],
              [
                -89.00703444599955,
                28.826835906445854
              ],
              [
                -89.00703444599955,
                28.82710540103109
              ],
              [
                -89.00694461447114,
                28.82710540103109
              ],
              [
                -89.00694461447114,
                28.82746472714474
              ],
              [
                -89.00685478294272,
                28.82746472714474
              ],
              [
                -89.00685478294272,
                28.828003716315212
              ],
              [
                -89.00676495141431,
                28.828003716315212
              ],
              [
                -89.00676495141431,
                28.828183379372035
              ],
              [
                -89.0066751198859,
                28.828183379372035
              ],
              [
                -89.0066751198859,
                28.828363042428858
              ],
              [
                -89.00658528835748,
                28.828363042428858
              ],
              [
                -89.00658528835748,
                28.828722368542508
              ],
              [
                -89.00649545682907,
                28.828722368542508
              ],
              [
                -89.00649545682907,
                28.82890203159933
              ],
              [
                -89.00640562530066,
                28.82890203159933
              ],
              [
                -89.00640562530066,
                28.829081694656153
              ],
              [
                -89.00631579377225,
                28.829081694656153
              ],
              [
                -89.00631579377225,
                28.829171526184567
              ],
              [
                -89.00622596224383,
                28.829171526184567
              ],
              [
                -89.00622596224383,
                28.82935118924139
              ],
              [
                -89.00613613071542,
                28.82935118924139
              ],
              [
                -89.00613613071542,
                28.829530852298213
              ],
              [
                -89.00604629918702,
                28.829530852298213
              ],
              [
                -89.00604629918702,
                28.829620683826626
              ],
              [
                -89.0059564676586,
                28.829620683826626
              ],
              [
                -89.0059564676586,
                28.82971051535504
              ],
              [
                -89.0058666361302,
                28.82971051535504
              ],
              [
                -89.0058666361302,
                28.829980009940275
              ],
              [
                -89.00577680460178,
                28.829980009940275
              ],
              [
                -89.00577680460178,
                28.830159672997098
              ],
              [
                -89.00568697307337,
                28.830159672997098
              ],
              [
                -89.00568697307337,
                28.83024950452551
              ],
              [
                -89.00559714154495,
                28.83024950452551
              ],
              [
                -89.00559714154495,
                28.83033933605392
              ],
              [
                -89.00550731001654,
                28.83033933605392
              ],
              [
                -89.00550731001654,
                28.830608830639157
              ],
              [
                -89.00541747848813,
                28.830608830639157
              ],
              [
                -89.00541747848813,
                28.83078849369598
              ],
              [
                -89.00532764695971,
                28.83078849369598
              ],
              [
                -89.00532764695971,
                28.830878325224393
              ],
              [
                -89.0052378154313,
                28.830878325224393
              ],
              [
                -89.0052378154313,
                28.831057988281216
              ],
              [
                -89.00514798390289,
                28.831057988281216
              ],
              [
                -89.00514798390289,
                28.831507145923275
              ],
              [
                -89.00505815237449,
                28.831507145923275
              ],
              [
                -89.00505815237449,
                28.832405461207397
              ],
              [
                -89.00496832084607,
                28.832405461207397
              ],
              [
                -89.00496832084607,
                28.832495292735807
              ],
              [
                -89.00487848931766,
                28.832495292735807
              ],
              [
                -89.00487848931766,
                28.832674955792633
              ],
              [
                -89.00478865778925,
                28.832674955792633
              ],
              [
                -89.00478865778925,
                28.83303428190628
              ],
              [
                -89.00469882626084,
                28.83303428190628
              ],
              [
                -89.00469882626084,
                28.833303776491515
              ],
              [
                -89.00460899473242,
                28.833303776491515
              ],
              [
                -89.00460899473242,
                28.83348343954834
              ],
              [
                -89.00451916320401,
                28.83348343954834
              ],
              [
                -89.00451916320401,
                28.83357327107675
              ],
              [
                -89.0044293316756,
                28.83357327107675
              ],
              [
                -89.0044293316756,
                28.833663102605165
              ],
              [
                -89.00433950014718,
                28.833663102605165
              ],
              [
                -89.00433950014718,
                28.833842765661988
              ],
              [
                -89.00424966861877,
                28.833842765661988
              ],
              [
                -89.00424966861877,
                28.8339325971904
              ],
              [
                -89.00415983709036,
                28.8339325971904
              ],
              [
                -89.00415983709036,
                28.83402242871881
              ],
              [
                -89.00407000556194,
                28.83402242871881
              ],
              [
                -89.00407000556194,
                28.834112260247224
              ],
              [
                -89.00398017403354,
                28.834112260247224
              ],
              [
                -89.00398017403354,
                28.834291923304047
              ],
              [
                -89.00389034250513,
                28.834291923304047
              ],
              [
                -89.00389034250513,
                28.83438175483246
              ],
              [
                -89.00380051097672,
                28.83438175483246
              ],
              [
                -89.00380051097672,
                28.834561417889283
              ],
              [
                -89.0037106794483,
                28.834561417889283
              ],
              [
                -89.0037106794483,
                28.83483091247452
              ],
              [
                -89.00362084791989,
                28.83483091247452
              ],
              [
                -89.00362084791989,
                28.83519023858817
              ],
              [
                -89.00353101639148,
                28.83519023858817
              ],
              [
                -89.00353101639148,
                28.83528007011658
              ],
              [
                -89.00344118486306,
                28.83528007011658
              ],
              [
                -89.00344118486306,
                28.8354597331734
              ],
              [
                -89.00335135333465,
                28.8354597331734
              ],
              [
                -89.00335135333465,
                28.835639396230228
              ],
              [
                -89.00326152180624,
                28.835639396230228
              ],
              [
                -89.00326152180624,
                28.835908890815464
              ],
              [
                -89.00317169027782,
                28.835908890815464
              ],
              [
                -89.00317169027782,
                28.835998722343874
              ],
              [
                -89.00308185874941,
                28.835998722343874
              ],
              [
                -89.00308185874941,
                28.836088553872287
              ],
              [
                -89.00299202722101,
                28.836088553872287
              ],
              [
                -89.00299202722101,
                28.8361783854007
              ],
              [
                -89.00281236416419,
                28.8361783854007
              ],
              [
                -89.00281236416419,
                28.83626821692911
              ],
              [
                -89.00272253263577,
                28.83626821692911
              ],
              [
                -89.00272253263577,
                28.836358048457523
              ],
              [
                -89.00263270110736,
                28.836358048457523
              ],
              [
                -89.00263270110736,
                28.836447879985936
              ],
              [
                -89.00254286957895,
                28.836447879985936
              ],
              [
                -89.00254286957895,
                28.836537711514346
              ],
              [
                -89.00236320652212,
                28.836537711514346
              ],
              [
                -89.00236320652212,
                28.83662754304276
              ],
              [
                -89.0022733749937,
                28.83662754304276
              ],
              [
                -89.0022733749937,
                28.836897037627995
              ],
              [
                -89.00218354346529,
                28.836897037627995
              ],
              [
                -89.00218354346529,
                28.83716653221323
              ],
              [
                -89.00209371193688,
                28.83716653221323
              ],
              [
                -89.00209371193688,
                28.837346195270054
              ],
              [
                -89.00200388040848,
                28.837346195270054
              ],
              [
                -89.00200388040848,
                28.837525858326877
              ],
              [
                -89.00191404888007,
                28.837525858326877
              ],
              [
                -89.00191404888007,
                28.837795352912114
              ],
              [
                -89.00182421735165,
                28.837795352912114
              ],
              [
                -89.00182421735165,
                28.838154679025763
              ],
              [
                -89.00173438582324,
                28.838154679025763
              ],
              [
                -89.00173438582324,
                28.838244510554173
              ],
              [
                -89.00164455429483,
                28.838244510554173
              ],
              [
                -89.00164455429483,
                28.838334342082586
              ],
              [
                -89.00155472276641,
                28.838334342082586
              ],
              [
                -89.00155472276641,
                28.83851400513941
              ],
              [
                -89.001464891238,
                28.83851400513941
              ],
              [
                -89.001464891238,
                28.838603836667822
              ],
              [
                -89.00137505970959,
                28.838603836667822
              ],
              [
                -89.00137505970959,
                28.838693668196232
              ],
              [
                -89.00119539665276,
                28.838693668196232
              ],
              [
                -89.00119539665276,
                28.838783499724645
              ],
              [
                -89.00110556512435,
                28.838783499724645
              ],
              [
                -89.00110556512435,
                28.83887333125306
              ],
              [
                -89.00101573359595,
                28.83887333125306
              ],
              [
                -89.00101573359595,
                28.838963162781468
              ],
              [
                -89.0006564074823,
                28.838963162781468
              ],
              [
                -89.0006564074823,
                28.83905299430988
              ],
              [
                -89.00038691289706,
                28.83905299430988
              ],
              [
                -89.00038691289706,
                28.839142825838294
              ],
              [
                -89.00020724984023,
                28.839142825838294
              ],
              [
                -89.00020724984023,
                28.839232657366704
              ],
              [
                -89.00002758678342,
                28.839232657366704
              ],
              [
                -89.00002758678342,
                28.839322488895117
              ],
              [
                -88.99984792372659,
                28.839322488895117
              ],
              [
                -88.99984792372659,
                28.83941232042353
              ],
              [
                -88.99966826066976,
                28.83941232042353
              ],
              [
                -88.99966826066976,
                28.83950215195194
              ],
              [
                -88.99957842914135,
                28.83950215195194
              ],
              [
                -88.99957842914135,
                28.839591983480354
              ],
              [
                -88.99948859761294,
                28.839591983480354
              ],
              [
                -88.99948859761294,
                28.839681815008763
              ],
              [
                -88.99939876608452,
                28.839681815008763
              ],
              [
                -88.99939876608452,
                28.83986147806559
              ],
              [
                -88.99930893455611,
                28.83986147806559
              ],
              [
                -88.99930893455611,
                28.840130972650826
              ],
              [
                -88.9992191030277,
                28.840130972650826
              ],
              [
                -88.9992191030277,
                28.840220804179236
              ],
              [
                -88.99912927149929,
                28.840220804179236
              ],
              [
                -88.99912927149929,
                28.84031063570765
              ],
              [
                -88.99903943997089,
                28.84031063570765
              ],
              [
                -88.99903943997089,
                28.840490298764472
              ],
              [
                -88.99894960844247,
                28.840490298764472
              ],
              [
                -88.99894960844247,
                28.840580130292885
              ],
              [
                -88.99885977691406,
                28.840580130292885
              ],
              [
                -88.99885977691406,
                28.840669961821295
              ],
              [
                -88.99876994538565,
                28.840669961821295
              ],
              [
                -88.99876994538565,
                28.840759793349708
              ],
              [
                -88.99868011385723,
                28.840759793349708
              ],
              [
                -88.99868011385723,
                28.84084962487812
              ],
              [
                -88.99859028232882,
                28.84084962487812
              ],
              [
                -88.99859028232882,
                28.84093945640653
              ],
              [
                -88.9985004508004,
                28.84093945640653
              ],
              [
                -88.9985004508004,
                28.841029287934944
              ],
              [
                -88.998410619272,
                28.841029287934944
              ],
              [
                -88.998410619272,
                28.841119119463357
              ],
              [
                -88.99832078774358,
                28.841119119463357
              ],
              [
                -88.99832078774358,
                28.841208950991767
              ],
              [
                -88.99823095621517,
                28.841208950991767
              ],
              [
                -88.99823095621517,
                28.841478445577003
              ],
              [
                -88.99814112468675,
                28.841478445577003
              ],
              [
                -88.99814112468675,
                28.841568277105416
              ],
              [
                -88.99805129315835,
                28.841568277105416
              ],
              [
                -88.99805129315835,
                28.841658108633826
              ],
              [
                -88.99796146162994,
                28.841658108633826
              ],
              [
                -88.99796146162994,
                28.841927603219062
              ],
              [
                -88.99787163010153,
                28.841927603219062
              ],
              [
                -88.99787163010153,
                28.8421970978043
              ],
              [
                -88.99778179857311,
                28.8421970978043
              ],
              [
                -88.99778179857311,
                28.84228692933271
              ],
              [
                -88.9976919670447,
                28.84228692933271
              ],
              [
                -88.9976919670447,
                28.842376760861125
              ],
              [
                -88.99760213551629,
                28.842376760861125
              ],
              [
                -88.99760213551629,
                28.842646255446358
              ],
              [
                -88.99751230398788,
                28.842646255446358
              ],
              [
                -88.99751230398788,
                28.842915750031594
              ],
              [
                -88.99742247245946,
                28.842915750031594
              ],
              [
                -88.99742247245946,
                28.84309541308842
              ],
              [
                -88.99733264093105,
                28.84309541308842
              ],
              [
                -88.99733264093105,
                28.843275076145243
              ],
              [
                -88.99724280940264,
                28.843275076145243
              ],
              [
                -88.99724280940264,
                28.84354457073048
              ],
              [
                -88.99715297787422,
                28.84354457073048
              ],
              [
                -88.99715297787422,
                28.843814065315716
              ],
              [
                -88.99706314634582,
                28.843814065315716
              ],
              [
                -88.99706314634582,
                28.84399372837254
              ],
              [
                -88.99697331481741,
                28.84399372837254
              ],
              [
                -88.99697331481741,
                28.84408355990095
              ],
              [
                -88.996883483289,
                28.84408355990095
              ],
              [
                -88.996883483289,
                28.844442886014598
              ],
              [
                -88.99679365176058,
                28.844442886014598
              ],
              [
                -88.99679365176058,
                28.844712380599834
              ],
              [
                -88.99670382023217,
                28.844712380599834
              ],
              [
                -88.99670382023217,
                28.844892043656657
              ],
              [
                -88.99661398870376,
                28.844892043656657
              ],
              [
                -88.99661398870376,
                28.845071706713483
              ],
              [
                -88.99652415717534,
                28.845071706713483
              ],
              [
                -88.99652415717534,
                28.845520864355542
              ],
              [
                -88.99643432564693,
                28.845520864355542
              ],
              [
                -88.99643432564693,
                28.8459700219976
              ],
              [
                -88.99634449411852,
                28.8459700219976
              ],
              [
                -88.99634449411852,
                28.846149685054424
              ],
              [
                -88.9962546625901,
                28.846149685054424
              ],
              [
                -88.9962546625901,
                28.846239516582838
              ],
              [
                -88.99616483106169,
                28.846239516582838
              ],
              [
                -88.99616483106169,
                28.846509011168074
              ],
              [
                -88.99607499953329,
                28.846509011168074
              ],
              [
                -88.99607499953329,
                28.84677850575331
              ],
              [
                -88.99598516800488,
                28.84677850575331
              ],
              [
                -88.99598516800488,
                28.846958168810133
              ],
              [
                -88.99589533647647,
                28.846958168810133
              ],
              [
                -88.99589533647647,
                28.847048000338546
              ],
              [
                -88.99580550494805,
                28.847048000338546
              ],
              [
                -88.99580550494805,
                28.847586989509015
              ],
              [
                -88.99571567341964,
                28.847586989509015
              ],
              [
                -88.99571567341964,
                28.848036147151078
              ],
              [
                -88.99562584189123,
                28.848036147151078
              ],
              [
                -88.99562584189123,
                28.8482158102079
              ],
              [
                -88.99553601036281,
                28.8482158102079
              ],
              [
                -88.99553601036281,
                28.848395473264723
              ],
              [
                -88.9954461788344,
                28.848395473264723
              ],
              [
                -88.9954461788344,
                28.84866496784996
              ],
              [
                -88.99535634730599,
                28.84866496784996
              ],
              [
                -88.99535634730599,
                28.848754799378373
              ],
              [
                -88.99526651577757,
                28.848754799378373
              ],
              [
                -88.99526651577757,
                28.848934462435196
              ],
              [
                -88.99517668424916,
                28.848934462435196
              ],
              [
                -88.99517668424916,
                28.84902429396361
              ],
              [
                -88.99508685272076,
                28.84902429396361
              ],
              [
                -88.99508685272076,
                28.849293788548845
              ],
              [
                -88.99499702119235,
                28.849293788548845
              ],
              [
                -88.99499702119235,
                28.84965311466249
              ],
              [
                -88.99490718966393,
                28.84965311466249
              ],
              [
                -88.99490718966393,
                28.849742946190904
              ],
              [
                -88.99481735813552,
                28.849742946190904
              ],
              [
                -88.99481735813552,
                28.849832777719314
              ],
              [
                -88.99472752660711,
                28.849832777719314
              ],
              [
                -88.99472752660711,
                28.85010227230455
              ],
              [
                -88.9946376950787,
                28.85010227230455
              ],
              [
                -88.9946376950787,
                28.850371766889786
              ],
              [
                -88.99454786355028,
                28.850371766889786
              ],
              [
                -88.99454786355028,
                28.8504615984182
              ],
              [
                -88.99445803202187,
                28.8504615984182
              ],
              [
                -88.99445803202187,
                28.85055142994661
              ],
              [
                -88.99436820049345,
                28.85055142994661
              ],
              [
                -88.99436820049345,
                28.850641261475023
              ],
              [
                -88.99427836896504,
                28.850641261475023
              ],
              [
                -88.99427836896504,
                28.850731093003436
              ],
              [
                -88.99418853743663,
                28.850731093003436
              ],
              [
                -88.99418853743663,
                28.850820924531845
              ],
              [
                -88.99409870590823,
                28.850820924531845
              ],
              [
                -88.99409870590823,
                28.85091075606026
              ],
              [
                -88.99400887437982,
                28.85091075606026
              ],
              [
                -88.99400887437982,
                28.851000587588672
              ],
              [
                -88.9939190428514,
                28.851000587588672
              ],
              [
                -88.9939190428514,
                28.85109041911708
              ],
              [
                -88.99382921132299,
                28.85109041911708
              ],
              [
                -88.99382921132299,
                28.851180250645495
              ],
              [
                -88.99373937979458,
                28.851180250645495
              ],
              [
                -88.99373937979458,
                28.851270082173908
              ],
              [
                -88.99364954826616,
                28.851270082173908
              ],
              [
                -88.99364954826616,
                28.851629408287554
              ],
              [
                -88.99355971673775,
                28.851629408287554
              ],
              [
                -88.99355971673775,
                28.852168397458026
              ],
              [
                -88.99346988520934,
                28.852168397458026
              ],
              [
                -88.99346988520934,
                28.85234806051485
              ],
              [
                -88.99338005368092,
                28.85234806051485
              ],
              [
                -88.99338005368092,
                28.852437892043262
              ],
              [
                -88.99329022215251,
                28.852437892043262
              ],
              [
                -88.99329022215251,
                28.853066712742145
              ],
              [
                -88.9932003906241,
                28.853066712742145
              ],
              [
                -88.9932003906241,
                28.853965028026266
              ],
              [
                -88.9931105590957,
                28.853965028026266
              ],
              [
                -88.9931105590957,
                28.85414469108309
              ],
              [
                -88.99302072756728,
                28.85414469108309
              ],
              [
                -88.99302072756728,
                28.854414185668325
              ],
              [
                -88.99293089603887,
                28.854414185668325
              ],
              [
                -88.99293089603887,
                28.85468368025356
              ],
              [
                -88.99284106451046,
                28.85468368025356
              ],
              [
                -88.99284106451046,
                28.855043006367207
              ],
              [
                -88.99275123298204,
                28.855043006367207
              ],
              [
                -88.99275123298204,
                28.85513283789562
              ],
              [
                -88.99266140145363,
                28.85513283789562
              ],
              [
                -88.99266140145363,
                28.855312500952444
              ],
              [
                -88.99257156992522,
                28.855312500952444
              ],
              [
                -88.99257156992522,
                28.855671827066093
              ],
              [
                -88.9924817383968,
                28.855671827066093
              ],
              [
                -88.9924817383968,
                28.8564803108218
              ],
              [
                -88.99239190686839,
                28.8564803108218
              ],
              [
                -88.99239190686839,
                28.856839636935447
              ],
              [
                -88.99230207533998,
                28.856839636935447
              ],
              [
                -88.99230207533998,
                28.857198963049097
              ],
              [
                -88.99221224381157,
                28.857198963049097
              ],
              [
                -88.99221224381157,
                28.85836677291845
              ],
              [
                -88.99212241228317,
                28.85836677291845
              ],
              [
                -88.99212241228317,
                28.858995593617333
              ],
              [
                -88.99203258075475,
                28.858995593617333
              ],
              [
                -88.99203258075475,
                28.859085425145746
              ],
              [
                -88.99194274922634,
                28.859085425145746
              ],
              [
                -88.99194274922634,
                28.85926508820257
              ],
              [
                -88.99185291769793,
                28.85926508820257
              ],
              [
                -88.99185291769793,
                28.859534582787806
              ],
              [
                -88.99176308616951,
                28.859534582787806
              ],
              [
                -88.99176308616951,
                28.859893908901455
              ],
              [
                -88.9916732546411,
                28.859893908901455
              ],
              [
                -88.9916732546411,
                28.86070239265716
              ],
              [
                -88.99158342311269,
                28.86070239265716
              ],
              [
                -88.99158342311269,
                28.861331213356046
              ],
              [
                -88.99149359158427,
                28.861331213356046
              ],
              [
                -88.99149359158427,
                28.86169053946969
              ],
              [
                -88.99140376005586,
                28.86169053946969
              ],
              [
                -88.99140376005586,
                28.861960034054928
              ],
              [
                -88.99131392852745,
                28.861960034054928
              ],
              [
                -88.99131392852745,
                28.86204986558334
              ],
              [
                -88.99122409699903,
                28.86204986558334
              ],
              [
                -88.99122409699903,
                28.862139697111754
              ],
              [
                -88.99113426547063,
                28.862139697111754
              ],
              [
                -88.99113426547063,
                28.86240919169699
              ],
              [
                -88.99104443394222,
                28.86240919169699
              ],
              [
                -88.99104443394222,
                28.862678686282223
              ],
              [
                -88.99095460241381,
                28.862678686282223
              ],
              [
                -88.99095460241381,
                28.862768517810636
              ],
              [
                -88.9908647708854,
                28.862768517810636
              ],
              [
                -88.9908647708854,
                28.86294818086746
              ],
              [
                -88.99077493935698,
                28.86294818086746
              ],
              [
                -88.99077493935698,
                28.86330750698111
              ],
              [
                -88.99068510782857,
                28.86330750698111
              ],
              [
                -88.99068510782857,
                28.863666833094754
              ],
              [
                -88.99059527630016,
                28.863666833094754
              ],
              [
                -88.99059527630016,
                28.863756664623168
              ],
              [
                -88.99050544477174,
                28.863756664623168
              ],
              [
                -88.99050544477174,
                28.86384649615158
              ],
              [
                -88.99041561324333,
                28.86384649615158
              ],
              [
                -88.99041561324333,
                28.864115990736817
              ],
              [
                -88.99032578171492,
                28.864115990736817
              ],
              [
                -88.99032578171492,
                28.864475316850463
              ],
              [
                -88.9902359501865,
                28.864475316850463
              ],
              [
                -88.9902359501865,
                28.864565148378876
              ],
              [
                -88.9901461186581,
                28.864565148378876
              ],
              [
                -88.9901461186581,
                28.8647448114357
              ],
              [
                -88.99005628712969,
                28.8647448114357
              ],
              [
                -88.99005628712969,
                28.865014306020935
              ],
              [
                -88.98996645560128,
                28.865014306020935
              ],
              [
                -88.98996645560128,
                28.865193969077758
              ],
              [
                -88.98987662407286,
                28.865193969077758
              ],
              [
                -88.98987662407286,
                28.86528380060617
              ],
              [
                -88.98978679254445,
                28.86528380060617
              ],
              [
                -88.98978679254445,
                28.865373632134585
              ],
              [
                -88.98969696101604,
                28.865373632134585
              ],
              [
                -88.98969696101604,
                28.865553295191408
              ],
              [
                -88.98960712948762,
                28.865553295191408
              ],
              [
                -88.98960712948762,
                28.86573295824823
              ],
              [
                -88.98951729795921,
                28.86573295824823
              ],
              [
                -88.98951729795921,
                28.865912621305053
              ],
              [
                -88.9894274664308,
                28.865912621305053
              ],
              [
                -88.9894274664308,
                28.866002452833467
              ],
              [
                -88.98933763490238,
                28.866002452833467
              ],
              [
                -88.98933763490238,
                28.86618211589029
              ],
              [
                -88.98924780337397,
                28.86618211589029
              ],
              [
                -88.98924780337397,
                28.866271947418703
              ],
              [
                -88.98915797184557,
                28.866271947418703
              ],
              [
                -88.98915797184557,
                28.866451610475526
              ],
              [
                -88.98906814031716,
                28.866451610475526
              ],
              [
                -88.98906814031716,
                28.86654144200394
              ],
              [
                -88.98897830878875,
                28.86654144200394
              ],
              [
                -88.98897830878875,
                28.86663127353235
              ],
              [
                -88.98888847726033,
                28.86663127353235
              ],
              [
                -88.98888847726033,
                28.866810936589175
              ],
              [
                -88.98879864573192,
                28.866810936589175
              ],
              [
                -88.98879864573192,
                28.866900768117585
              ],
              [
                -88.9887088142035,
                28.866900768117585
              ],
              [
                -88.9887088142035,
                28.86708043117441
              ],
              [
                -88.98861898267509,
                28.86708043117441
              ],
              [
                -88.98861898267509,
                28.868787230214238
              ],
              [
                -88.98852915114668,
                28.868787230214238
              ],
              [
                -88.98852915114668,
                28.869146556327884
              ],
              [
                -88.98843931961827,
                28.869146556327884
              ],
              [
                -88.98843931961827,
                28.86932621938471
              ],
              [
                -88.98834948808985,
                28.86932621938471
              ],
              [
                -88.98834948808985,
                28.869505882441533
              ],
              [
                -88.98825965656144,
                28.869505882441533
              ],
              [
                -88.98825965656144,
                28.86977537702677
              ],
              [
                -88.98816982503304,
                28.86977537702677
              ],
              [
                -88.98816982503304,
                28.870583860782478
              ],
              [
                -88.98825965656144,
                28.870583860782478
              ],
              [
                -88.98825965656144,
                28.87220082829389
              ],
              [
                -88.98816982503304,
                28.87220082829389
              ],
              [
                -88.98816982503304,
                28.872829648992774
              ],
              [
                -88.98807999350463,
                28.872829648992774
              ],
              [
                -88.98807999350463,
                28.8730093120496
              ],
              [
                -88.98799016197621,
                28.8730093120496
              ],
              [
                -88.98799016197621,
                28.873188975106423
              ],
              [
                -88.9879003304478,
                28.873188975106423
              ],
              [
                -88.9879003304478,
                28.873368638163246
              ],
              [
                -88.98781049891939,
                28.873368638163246
              ],
              [
                -88.98781049891939,
                28.873638132748482
              ],
              [
                -88.98772066739097,
                28.873638132748482
              ],
              [
                -88.98772066739097,
                28.873817795805305
              ],
              [
                -88.98763083586256,
                28.873817795805305
              ],
              [
                -88.98763083586256,
                28.87390762733372
              ],
              [
                -88.98754100433415,
                28.87390762733372
              ],
              [
                -88.98754100433415,
                28.874266953447368
              ],
              [
                -88.98745117280573,
                28.874266953447368
              ],
              [
                -88.98745117280573,
                28.875973752487194
              ],
              [
                -88.98736134127732,
                28.875973752487194
              ],
              [
                -88.98736134127732,
                28.87633307860084
              ],
              [
                -88.98727150974891,
                28.87633307860084
              ],
              [
                -88.98727150974891,
                28.876602573186076
              ],
              [
                -88.98718167822051,
                28.876602573186076
              ],
              [
                -88.98718167822051,
                28.87714156235655
              ],
              [
                -88.9870918466921,
                28.87714156235655
              ],
              [
                -88.9870918466921,
                28.877411056941785
              ],
              [
                -88.98718167822051,
                28.877411056941785
              ],
              [
                -88.98718167822051,
                28.878309372225903
              ],
              [
                -88.98727150974891,
                28.878309372225903
              ],
              [
                -88.98727150974891,
                28.878758529867962
              ],
              [
                -88.98718167822051,
                28.878758529867962
              ],
              [
                -88.98718167822051,
                28.87947718209526
              ],
              [
                -88.9870918466921,
                28.87947718209526
              ],
              [
                -88.9870918466921,
                28.88001617126573
              ],
              [
                -88.98700201516368,
                28.88001617126573
              ],
              [
                -88.98700201516368,
                28.880195834322556
              ],
              [
                -88.98691218363527,
                28.880195834322556
              ],
              [
                -88.98691218363527,
                28.88037549737938
              ],
              [
                -88.98682235210686,
                28.88037549737938
              ],
              [
                -88.98682235210686,
                28.880644991964616
              ],
              [
                -88.98673252057844,
                28.880644991964616
              ],
              [
                -88.98673252057844,
                28.88100431807826
              ],
              [
                -88.98664268905003,
                28.88100431807826
              ],
              [
                -88.98664268905003,
                28.881094149606675
              ],
              [
                -88.98655285752162,
                28.881094149606675
              ],
              [
                -88.98655285752162,
                28.88136364419191
              ],
              [
                -88.9864630259932,
                28.88136364419191
              ],
              [
                -88.9864630259932,
                28.882890780174915
              ],
              [
                -88.98637319446479,
                28.882890780174915
              ],
              [
                -88.98637319446479,
                28.883789095459033
              ],
              [
                -88.98628336293638,
                28.883789095459033
              ],
              [
                -88.98628336293638,
                28.883968758515856
              ],
              [
                -88.98619353140798,
                28.883968758515856
              ],
              [
                -88.98619353140798,
                28.884238253101092
              ],
              [
                -88.98610369987956,
                28.884238253101092
              ],
              [
                -88.98610369987956,
                28.884867073799978
              ],
              [
                -88.98601386835115,
                28.884867073799978
              ],
              [
                -88.98601386835115,
                28.885316231442037
              ],
              [
                -88.98592403682274,
                28.885316231442037
              ],
              [
                -88.98592403682274,
                28.88540606297045
              ],
              [
                -88.98583420529432,
                28.88540606297045
              ],
              [
                -88.98583420529432,
                28.885585726027273
              ],
              [
                -88.98574437376591,
                28.885585726027273
              ],
              [
                -88.98574437376591,
                28.885765389084096
              ],
              [
                -88.9856545422375,
                28.885765389084096
              ],
              [
                -88.9856545422375,
                28.88594505214092
              ],
              [
                -88.98556471070908,
                28.88594505214092
              ],
              [
                -88.98556471070908,
                28.886034883669332
              ],
              [
                -88.98547487918067,
                28.886034883669332
              ],
              [
                -88.98547487918067,
                28.886214546726155
              ],
              [
                -88.98538504765226,
                28.886214546726155
              ],
              [
                -88.98538504765226,
                28.88639420978298
              ],
              [
                -88.98529521612384,
                28.88639420978298
              ],
              [
                -88.98529521612384,
                28.88648404131139
              ],
              [
                -88.98520538459545,
                28.88648404131139
              ],
              [
                -88.98520538459545,
                28.886663704368218
              ],
              [
                -88.98511555306703,
                28.886663704368218
              ],
              [
                -88.98511555306703,
                28.88684336742504
              ],
              [
                -88.98502572153862,
                28.88684336742504
              ],
              [
                -88.98502572153862,
                28.887202693538686
              ],
              [
                -88.9849358900102,
                28.887202693538686
              ],
              [
                -88.9849358900102,
                28.88774168270916
              ],
              [
                -88.98484605848179,
                28.88774168270916
              ],
              [
                -88.98484605848179,
                28.88792134576598
              ],
              [
                -88.98475622695338,
                28.88792134576598
              ],
              [
                -88.98475622695338,
                28.888101008822808
              ],
              [
                -88.98466639542497,
                28.888101008822808
              ],
              [
                -88.98466639542497,
                28.888370503408044
              ],
              [
                -88.98457656389655,
                28.888370503408044
              ],
              [
                -88.98457656389655,
                28.88863999799328
              ],
              [
                -88.98448673236814,
                28.88863999799328
              ],
              [
                -88.98448673236814,
                28.888819661050103
              ],
              [
                -88.98439690083973,
                28.888819661050103
              ],
              [
                -88.98439690083973,
                28.888909492578513
              ],
              [
                -88.98430706931131,
                28.888909492578513
              ],
              [
                -88.98430706931131,
                28.888999324106926
              ],
              [
                -88.98421723778291,
                28.888999324106926
              ],
              [
                -88.98421723778291,
                28.88908915563534
              ],
              [
                -88.9841274062545,
                28.88908915563534
              ],
              [
                -88.9841274062545,
                28.88917898716375
              ],
              [
                -88.98403757472609,
                28.88917898716375
              ],
              [
                -88.98403757472609,
                28.889268818692162
              ],
              [
                -88.98385791166926,
                28.889268818692162
              ],
              [
                -88.98385791166926,
                28.889358650220576
              ],
              [
                -88.98367824861243,
                28.889358650220576
              ],
              [
                -88.98367824861243,
                28.889448481748985
              ],
              [
                -88.98349858555561,
                28.889448481748985
              ],
              [
                -88.98349858555561,
                28.889628144805812
              ],
              [
                -88.98331892249878,
                28.889628144805812
              ],
              [
                -88.98331892249878,
                28.88971797633422
              ],
              [
                -88.98322909097038,
                28.88971797633422
              ],
              [
                -88.98322909097038,
                28.889807807862635
              ],
              [
                -88.98313925944197,
                28.889807807862635
              ],
              [
                -88.98313925944197,
                28.889897639391044
              ],
              [
                -88.98304942791356,
                28.889897639391044
              ],
              [
                -88.98304942791356,
                28.889987470919458
              ],
              [
                -88.98295959638514,
                28.889987470919458
              ],
              [
                -88.98295959638514,
                28.89007730244787
              ],
              [
                -88.98286976485673,
                28.89007730244787
              ],
              [
                -88.98286976485673,
                28.89016713397628
              ],
              [
                -88.98277993332832,
                28.89016713397628
              ],
              [
                -88.98277993332832,
                28.890346797033107
              ],
              [
                -88.9826901017999,
                28.890346797033107
              ],
              [
                -88.9826901017999,
                28.890436628561517
              ],
              [
                -88.98260027027149,
                28.890436628561517
              ],
              [
                -88.98260027027149,
                28.89052646008993
              ],
              [
                -88.98251043874308,
                28.89052646008993
              ],
              [
                -88.98251043874308,
                28.890616291618343
              ],
              [
                -88.98242060721466,
                28.890616291618343
              ],
              [
                -88.98242060721466,
                28.890795954675166
              ],
              [
                -88.98233077568625,
                28.890795954675166
              ],
              [
                -88.98233077568625,
                28.890885786203576
              ],
              [
                -88.98224094415785,
                28.890885786203576
              ],
              [
                -88.98224094415785,
                28.89097561773199
              ],
              [
                -88.98215111262944,
                28.89097561773199
              ],
              [
                -88.98215111262944,
                28.891245112317225
              ],
              [
                -88.98206128110102,
                28.891245112317225
              ],
              [
                -88.98206128110102,
                28.891784101487698
              ],
              [
                -88.98197144957261,
                28.891784101487698
              ],
              [
                -88.98197144957261,
                28.89241292218658
              ],
              [
                -88.9818816180442,
                28.89241292218658
              ],
              [
                -88.9818816180442,
                28.89286207982864
              ],
              [
                -88.98179178651579,
                28.89286207982864
              ],
              [
                -88.98179178651579,
                28.89340106899911
              ],
              [
                -88.98170195498737,
                28.89340106899911
              ],
              [
                -88.98170195498737,
                28.89376039511276
              ],
              [
                -88.98161212345896,
                28.89376039511276
              ],
              [
                -88.98161212345896,
                28.893940058169584
              ],
              [
                -88.98152229193055,
                28.893940058169584
              ],
              [
                -88.98152229193055,
                28.894029889697997
              ],
              [
                -88.98143246040213,
                28.894029889697997
              ],
              [
                -88.98143246040213,
                28.894299384283233
              ],
              [
                -88.98134262887372,
                28.894299384283233
              ],
              [
                -88.98134262887372,
                28.894389215811643
              ],
              [
                -88.98125279734532,
                28.894389215811643
              ],
              [
                -88.98125279734532,
                28.894479047340056
              ],
              [
                -88.9811629658169,
                28.894479047340056
              ],
              [
                -88.9811629658169,
                28.89456887886847
              ],
              [
                -88.9810731342885,
                28.89456887886847
              ],
              [
                -88.9810731342885,
                28.89465871039688
              ],
              [
                -88.98098330276008,
                28.89465871039688
              ],
              [
                -88.98098330276008,
                28.894748541925292
              ],
              [
                -88.98089347123167,
                28.894748541925292
              ],
              [
                -88.98089347123167,
                28.8948383734537
              ],
              [
                -88.98080363970325,
                28.8948383734537
              ],
              [
                -88.98080363970325,
                28.894928204982115
              ],
              [
                -88.98071380817484,
                28.894928204982115
              ],
              [
                -88.98071380817484,
                28.89501803651053
              ],
              [
                -88.98062397664643,
                28.89501803651053
              ],
              [
                -88.98062397664643,
                28.895107868038938
              ],
              [
                -88.98053414511801,
                28.895107868038938
              ],
              [
                -88.98053414511801,
                28.89519769956735
              ],
              [
                -88.9804443135896,
                28.89519769956735
              ],
              [
                -88.9804443135896,
                28.895287531095764
              ],
              [
                -88.98035448206119,
                28.895287531095764
              ],
              [
                -88.98035448206119,
                28.895377362624174
              ],
              [
                -88.98026465053279,
                28.895377362624174
              ],
              [
                -88.98026465053279,
                28.895467194152587
              ],
              [
                -88.98017481900438,
                28.895467194152587
              ],
              [
                -88.98017481900438,
                28.89564685720941
              ],
              [
                -88.98008498747596,
                28.89564685720941
              ],
              [
                -88.98008498747596,
                28.895736688737824
              ],
              [
                -88.97999515594755,
                28.895736688737824
              ],
              [
                -88.97999515594755,
                28.895826520266233
              ],
              [
                -88.97990532441914,
                28.895826520266233
              ],
              [
                -88.97990532441914,
                28.89600618332306
              ],
              [
                -88.97981549289072,
                28.89600618332306
              ],
              [
                -88.97981549289072,
                28.89609601485147
              ],
              [
                -88.9796358298339,
                28.89609601485147
              ],
              [
                -88.9796358298339,
                28.896185846379883
              ],
              [
                -88.97954599830548,
                28.896185846379883
              ],
              [
                -88.97954599830548,
                28.896365509436706
              ],
              [
                -88.97945616677707,
                28.896365509436706
              ],
              [
                -88.97945616677707,
                28.89645534096512
              ],
              [
                -88.97927650372026,
                28.89645534096512
              ],
              [
                -88.97927650372026,
                28.896545172493532
              ],
              [
                -88.97918667219184,
                28.896545172493532
              ],
              [
                -88.97918667219184,
                28.896724835550355
              ],
              [
                -88.97909684066343,
                28.896724835550355
              ],
              [
                -88.97909684066343,
                28.896814667078765
              ],
              [
                -88.9789171776066,
                28.896814667078765
              ],
              [
                -88.9789171776066,
                28.896904498607178
              ],
              [
                -88.97882734607819,
                28.896904498607178
              ],
              [
                -88.97882734607819,
                28.897084161664
              ],
              [
                -88.97873751454978,
                28.897084161664
              ],
              [
                -88.97873751454978,
                28.897173993192414
              ],
              [
                -88.97855785149295,
                28.897173993192414
              ],
              [
                -88.97855785149295,
                28.897353656249237
              ],
              [
                -88.97846801996454,
                28.897353656249237
              ],
              [
                -88.97846801996454,
                28.89744348777765
              ],
              [
                -88.97837818843612,
                28.89744348777765
              ],
              [
                -88.97837818843612,
                28.897533319306064
              ],
              [
                -88.97828835690773,
                28.897533319306064
              ],
              [
                -88.97828835690773,
                28.897623150834473
              ],
              [
                -88.97819852537931,
                28.897623150834473
              ],
              [
                -88.97819852537931,
                28.897712982362886
              ],
              [
                -88.9781086938509,
                28.897712982362886
              ],
              [
                -88.9781086938509,
                28.89789264541971
              ],
              [
                -88.97792903079407,
                28.89789264541971
              ],
              [
                -88.97792903079407,
                28.897982476948123
              ],
              [
                -88.97783919926566,
                28.897982476948123
              ],
              [
                -88.97783919926566,
                28.898162140004946
              ],
              [
                -88.97774936773725,
                28.898162140004946
              ],
              [
                -88.97774936773725,
                28.89834180306177
              ],
              [
                -88.97765953620883,
                28.89834180306177
              ],
              [
                -88.97765953620883,
                28.898521466118595
              ],
              [
                -88.97756970468042,
                28.898521466118595
              ],
              [
                -88.97756970468042,
                28.898611297647005
              ],
              [
                -88.977479873152,
                28.898611297647005
              ],
              [
                -88.977479873152,
                28.898790960703828
              ],
              [
                -88.9773900416236,
                28.898790960703828
              ],
              [
                -88.9773900416236,
                28.899060455289064
              ],
              [
                -88.9773002100952,
                28.899060455289064
              ],
              [
                -88.9773002100952,
                28.899150286817477
              ],
              [
                -88.97721037856678,
                28.899150286817477
              ],
              [
                -88.97721037856678,
                28.89924011834589
              ],
              [
                -88.97712054703837,
                28.89924011834589
              ],
              [
                -88.97712054703837,
                28.8993299498743
              ],
              [
                -88.97703071550995,
                28.8993299498743
              ],
              [
                -88.97703071550995,
                28.899419781402713
              ],
              [
                -88.97694088398154,
                28.899419781402713
              ],
              [
                -88.97694088398154,
                28.899509612931126
              ],
              [
                -88.97685105245313,
                28.899509612931126
              ],
              [
                -88.97685105245313,
                28.899599444459536
              ],
              [
                -88.97676122092471,
                28.899599444459536
              ],
              [
                -88.97676122092471,
                28.89968927598795
              ],
              [
                -88.9766713893963,
                28.89968927598795
              ],
              [
                -88.9766713893963,
                28.89977910751636
              ],
              [
                -88.97658155786789,
                28.89977910751636
              ],
              [
                -88.97658155786789,
                28.899868939044772
              ],
              [
                -88.97649172633948,
                28.899868939044772
              ],
              [
                -88.97649172633948,
                28.899958770573186
              ],
              [
                -88.97640189481106,
                28.899958770573186
              ],
              [
                -88.97640189481106,
                28.90022826515842
              ],
              [
                -88.97631206328266,
                28.90022826515842
              ],
              [
                -88.97631206328266,
                28.901216411970953
              ],
              [
                -88.97622223175425,
                28.901216411970953
              ],
              [
                -88.97622223175425,
                28.90148590655619
              ],
              [
                -88.97613240022584,
                28.90148590655619
              ],
              [
                -88.97613240022584,
                28.9015757380846
              ],
              [
                -88.97604256869742,
                28.9015757380846
              ],
              [
                -88.97604256869742,
                28.90193506419825
              ],
              [
                -88.97595273716901,
                28.90193506419825
              ],
              [
                -88.97595273716901,
                28.902204558783485
              ],
              [
                -88.9758629056406,
                28.902204558783485
              ],
              [
                -88.9758629056406,
                28.902294390311894
              ],
              [
                -88.97577307411218,
                28.902294390311894
              ],
              [
                -88.97577307411218,
                28.902384221840308
              ],
              [
                -88.97568324258377,
                28.902384221840308
              ],
              [
                -88.97568324258377,
                28.90247405336872
              ],
              [
                -88.97559341105536,
                28.90247405336872
              ],
              [
                -88.97559341105536,
                28.90256388489713
              ],
              [
                -88.97550357952694,
                28.90256388489713
              ],
              [
                -88.97550357952694,
                28.902653716425544
              ],
              [
                -88.97541374799853,
                28.902653716425544
              ],
              [
                -88.97541374799853,
                28.902743547953957
              ],
              [
                -88.97532391647013,
                28.902743547953957
              ],
              [
                -88.97532391647013,
                28.902833379482367
              ],
              [
                -88.97523408494172,
                28.902833379482367
              ],
              [
                -88.97523408494172,
                28.90292321101078
              ],
              [
                -88.9751442534133,
                28.90292321101078
              ],
              [
                -88.9751442534133,
                28.90301304253919
              ],
              [
                -88.97505442188489,
                28.90301304253919
              ],
              [
                -88.97505442188489,
                28.903102874067603
              ],
              [
                -88.97496459035648,
                28.903102874067603
              ],
              [
                -88.97496459035648,
                28.903282537124426
              ],
              [
                -88.97487475882807,
                28.903282537124426
              ],
              [
                -88.97487475882807,
                28.903641863238075
              ],
              [
                -88.97478492729965,
                28.903641863238075
              ],
              [
                -88.97478492729965,
                28.903821526294898
              ],
              [
                -88.97469509577124,
                28.903821526294898
              ],
              [
                -88.97469509577124,
                28.90400118935172
              ],
              [
                -88.97460526424283,
                28.90400118935172
              ],
              [
                -88.97460526424283,
                28.905348662277902
              ],
              [
                -88.97469509577124,
                28.905348662277902
              ],
              [
                -88.97469509577124,
                28.906067314505197
              ],
              [
                -88.97460526424283,
                28.906067314505197
              ],
              [
                -88.97460526424283,
                28.906336809090433
              ],
              [
                -88.97451543271441,
                28.906336809090433
              ],
              [
                -88.97451543271441,
                28.906516472147256
              ],
              [
                -88.974425601186,
                28.906516472147256
              ],
              [
                -88.974425601186,
                28.90660630367567
              ],
              [
                -88.9743357696576,
                28.90660630367567
              ],
              [
                -88.9743357696576,
                28.906696135204083
              ],
              [
                -88.97424593812919,
                28.906696135204083
              ],
              [
                -88.97424593812919,
                28.906785966732492
              ],
              [
                -88.97415610660077,
                28.906785966732492
              ],
              [
                -88.97415610660077,
                28.906875798260906
              ],
              [
                -88.97406627507236,
                28.906875798260906
              ],
              [
                -88.97406627507236,
                28.906965629789315
              ],
              [
                -88.97397644354395,
                28.906965629789315
              ],
              [
                -88.97397644354395,
                28.90705546131773
              ],
              [
                -88.97388661201553,
                28.90705546131773
              ],
              [
                -88.97388661201553,
                28.907145292846142
              ],
              [
                -88.97379678048712,
                28.907145292846142
              ],
              [
                -88.97379678048712,
                28.907324955902965
              ],
              [
                -88.97370694895871,
                28.907324955902965
              ],
              [
                -88.97370694895871,
                28.907414787431378
              ],
              [
                -88.9736171174303,
                28.907414787431378
              ],
              [
                -88.9736171174303,
                28.907504618959788
              ],
              [
                -88.97352728590188,
                28.907504618959788
              ],
              [
                -88.97352728590188,
                28.907774113545024
              ],
              [
                -88.97343745437347,
                28.907774113545024
              ],
              [
                -88.97343745437347,
                28.90804360813026
              ],
              [
                -88.97334762284507,
                28.90804360813026
              ],
              [
                -88.97334762284507,
                28.908133439658673
              ],
              [
                -88.97325779131666,
                28.908133439658673
              ],
              [
                -88.97325779131666,
                28.908223271187083
              ],
              [
                -88.97316795978824,
                28.908223271187083
              ],
              [
                -88.97316795978824,
                28.90849276577232
              ],
              [
                -88.97307812825983,
                28.90849276577232
              ],
              [
                -88.97307812825983,
                28.908672428829146
              ],
              [
                -88.97298829673142,
                28.908672428829146
              ],
              [
                -88.97298829673142,
                28.908762260357555
              ],
              [
                -88.972898465203,
                28.908762260357555
              ],
              [
                -88.972898465203,
                28.90885209188597
              ],
              [
                -88.97280863367459,
                28.90885209188597
              ],
              [
                -88.97280863367459,
                28.90903175494279
              ],
              [
                -88.97271880214618,
                28.90903175494279
              ],
              [
                -88.97271880214618,
                28.909211417999614
              ],
              [
                -88.97262897061776,
                28.909211417999614
              ],
              [
                -88.97262897061776,
                28.909301249528028
              ],
              [
                -88.97253913908935,
                28.909301249528028
              ],
              [
                -88.97253913908935,
                28.90939108105644
              ],
              [
                -88.97244930756094,
                28.90939108105644
              ],
              [
                -88.97244930756094,
                28.90948091258485
              ],
              [
                -88.97235947603254,
                28.90948091258485
              ],
              [
                -88.97235947603254,
                28.909660575641677
              ],
              [
                -88.97226964450412,
                28.909660575641677
              ],
              [
                -88.97226964450412,
                28.909750407170087
              ],
              [
                -88.9720899814473,
                28.909750407170087
              ],
              [
                -88.9720899814473,
                28.90993007022691
              ],
              [
                -88.97200014991888,
                28.90993007022691
              ],
              [
                -88.97200014991888,
                28.91091821703944
              ],
              [
                -88.9720899814473,
                28.91091821703944
              ],
              [
                -88.9720899814473,
                28.911367374681504
              ],
              [
                -88.97217981297571,
                28.911367374681504
              ],
              [
                -88.97217981297571,
                28.911816532323563
              ],
              [
                -88.9720899814473,
                28.911816532323563
              ],
              [
                -88.9720899814473,
                28.91217585843721
              ],
              [
                -88.97200014991888,
                28.91217585843721
              ],
              [
                -88.97200014991888,
                28.91262501607927
              ],
              [
                -88.97191031839047,
                28.91262501607927
              ],
              [
                -88.97191031839047,
                28.912804679136094
              ],
              [
                -88.97182048686206,
                28.912804679136094
              ],
              [
                -88.97182048686206,
                28.912984342192917
              ],
              [
                -88.97173065533364,
                28.912984342192917
              ],
              [
                -88.97173065533364,
                28.914331815119098
              ],
              [
                -88.97164082380523,
                28.914331815119098
              ],
              [
                -88.97164082380523,
                28.915230130403216
              ],
              [
                -88.97155099227682,
                28.915230130403216
              ],
              [
                -88.97155099227682,
                28.91540979346004
              ],
              [
                -88.9714611607484,
                28.91540979346004
              ],
              [
                -88.9714611607484,
                28.915589456516866
              ],
              [
                -88.97137132922,
                28.915589456516866
              ],
              [
                -88.97137132922,
                28.91594878263051
              ],
              [
                -88.97128149769159,
                28.91594878263051
              ],
              [
                -88.97128149769159,
                28.916218277215748
              ],
              [
                -88.97119166616318,
                28.916218277215748
              ],
              [
                -88.97119166616318,
                28.91639794027257
              ],
              [
                -88.97110183463477,
                28.91639794027257
              ],
              [
                -88.97110183463477,
                28.916577603329397
              ],
              [
                -88.97101200310635,
                28.916577603329397
              ],
              [
                -88.97101200310635,
                28.91675726638622
              ],
              [
                -88.97092217157794,
                28.91675726638622
              ],
              [
                -88.97092217157794,
                28.917026760971456
              ],
              [
                -88.97083234004953,
                28.917026760971456
              ],
              [
                -88.97083234004953,
                28.91720642402828
              ],
              [
                -88.97074250852111,
                28.91720642402828
              ],
              [
                -88.97074250852111,
                28.91756575014193
              ],
              [
                -88.97083234004953,
                28.91756575014193
              ],
              [
                -88.97083234004953,
                28.91774541319875
              ],
              [
                -88.97092217157794,
                28.91774541319875
              ],
              [
                -88.97092217157794,
                28.918014907783988
              ],
              [
                -88.97101200310635,
                28.918014907783988
              ],
              [
                -88.97101200310635,
                28.918284402369224
              ],
              [
                -88.97110183463477,
                28.918284402369224
              ],
              [
                -88.97110183463477,
                28.918464065426047
              ],
              [
                -88.97119166616318,
                28.918464065426047
              ],
              [
                -88.97119166616318,
                28.91855389695446
              ],
              [
                -88.97128149769159,
                28.91855389695446
              ],
              [
                -88.97128149769159,
                28.91900305459652
              ],
              [
                -88.97137132922,
                28.91900305459652
              ],
              [
                -88.97137132922,
                28.919901369880638
              ],
              [
                -88.9714611607484,
                28.919901369880638
              ],
              [
                -88.9714611607484,
                28.920350527522697
              ],
              [
                -88.97155099227682,
                28.920350527522697
              ],
              [
                -88.97155099227682,
                28.920620022107933
              ],
              [
                -88.97164082380523,
                28.920620022107933
              ],
              [
                -88.97164082380523,
                28.922057326562523
              ],
              [
                -88.97155099227682,
                28.922057326562523
              ],
              [
                -88.97155099227682,
                28.92223698961935
              ],
              [
                -88.9714611607484,
                28.92223698961935
              ],
              [
                -88.9714611607484,
                28.92232682114776
              ],
              [
                -88.97137132922,
                28.92232682114776
              ],
              [
                -88.97137132922,
                28.922506484204586
              ],
              [
                -88.97128149769159,
                28.922506484204586
              ],
              [
                -88.97128149769159,
                28.92268614726141
              ],
              [
                -88.97119166616318,
                28.92268614726141
              ],
              [
                -88.97119166616318,
                28.922775978789822
              ],
              [
                -88.97110183463477,
                28.922775978789822
              ],
              [
                -88.97110183463477,
                28.922865810318232
              ],
              [
                -88.97101200310635,
                28.922865810318232
              ],
              [
                -88.97101200310635,
                28.923045473375055
              ],
              [
                -88.97092217157794,
                28.923045473375055
              ],
              [
                -88.97092217157794,
                28.92322513643188
              ],
              [
                -88.97083234004953,
                28.92322513643188
              ],
              [
                -88.97083234004953,
                28.92331496796029
              ],
              [
                -88.97074250852111,
                28.92331496796029
              ],
              [
                -88.97074250852111,
                28.923404799488704
              ],
              [
                -88.9706526769927,
                28.923404799488704
              ],
              [
                -88.9706526769927,
                28.92367429407394
              ],
              [
                -88.97056284546429,
                28.92367429407394
              ],
              [
                -88.97056284546429,
                28.923943788659177
              ],
              [
                -88.97047301393587,
                28.923943788659177
              ],
              [
                -88.97047301393587,
                28.924033620187586
              ],
              [
                -88.97038318240747,
                28.924033620187586
              ],
              [
                -88.97038318240747,
                28.924213283244413
              ],
              [
                -88.97029335087906,
                28.924213283244413
              ],
              [
                -88.97029335087906,
                28.924662440886472
              ],
              [
                -88.97020351935065,
                28.924662440886472
              ],
              [
                -88.97020351935065,
                28.924842103943295
              ],
              [
                -88.97029335087906,
                28.924842103943295
              ],
              [
                -88.97029335087906,
                28.92547092464218
              ],
              [
                -88.97038318240747,
                28.92547092464218
              ],
              [
                -88.97038318240747,
                28.925740419227417
              ],
              [
                -88.97047301393587,
                28.925740419227417
              ],
              [
                -88.97047301393587,
                28.92690822909677
              ],
              [
                -88.97038318240747,
                28.92690822909677
              ],
              [
                -88.97038318240747,
                28.927986207437712
              ],
              [
                -88.97029335087906,
                28.927986207437712
              ],
              [
                -88.97029335087906,
                28.930681153290074
              ],
              [
                -88.97020351935065,
                28.930681153290074
              ],
              [
                -88.97020351935065,
                28.932298120801487
              ],
              [
                -88.97011368782223,
                28.932298120801487
              ],
              [
                -88.97011368782223,
                28.93247778385831
              ],
              [
                -88.97002385629382,
                28.93247778385831
              ],
              [
                -88.97002385629382,
                28.932747278443546
              ],
              [
                -88.96993402476541,
                28.932747278443546
              ],
              [
                -88.96993402476541,
                28.93328626761402
              ],
              [
                -88.969844193237,
                28.93328626761402
              ],
              [
                -88.969844193237,
                28.93346593067084
              ],
              [
                -88.96993402476541,
                28.93346593067084
              ],
              [
                -88.96993402476541,
                28.9346337405402
              ],
              [
                -88.97002385629382,
                28.9346337405402
              ],
              [
                -88.97002385629382,
                28.93517272971067
              ],
              [
                -88.97011368782223,
                28.93517272971067
              ],
              [
                -88.97011368782223,
                28.935801550409554
              ],
              [
                -88.97020351935065,
                28.935801550409554
              ],
              [
                -88.97020351935065,
                28.936250708051613
              ],
              [
                -88.97029335087906,
                28.936250708051613
              ],
              [
                -88.97029335087906,
                28.936430371108436
              ],
              [
                -88.97038318240747,
                28.936430371108436
              ],
              [
                -88.97038318240747,
                28.93652020263685
              ],
              [
                -88.97047301393587,
                28.93652020263685
              ],
              [
                -88.97047301393587,
                28.936610034165263
              ],
              [
                -88.97056284546429,
                28.936610034165263
              ],
              [
                -88.97056284546429,
                28.936699865693672
              ],
              [
                -88.9706526769927,
                28.936699865693672
              ],
              [
                -88.9706526769927,
                28.9368795287505
              ],
              [
                -88.97083234004953,
                28.9368795287505
              ],
              [
                -88.97083234004953,
                28.93696936027891
              ],
              [
                -88.97092217157794,
                28.93696936027891
              ],
              [
                -88.97092217157794,
                28.93705919180732
              ],
              [
                -88.97101200310635,
                28.93705919180732
              ],
              [
                -88.97101200310635,
                28.93714902333573
              ],
              [
                -88.97137132922,
                28.93714902333573
              ],
              [
                -88.97137132922,
                28.937238854864145
              ],
              [
                -88.97226964450412,
                28.937238854864145
              ],
              [
                -88.97226964450412,
                28.937328686392558
              ],
              [
                -88.97253913908935,
                28.937328686392558
              ],
              [
                -88.97253913908935,
                28.937238854864145
              ],
              [
                -88.97316795978824,
                28.937238854864145
              ],
              [
                -88.97316795978824,
                28.93714902333573
              ],
              [
                -88.97352728590188,
                28.93714902333573
              ],
              [
                -88.97352728590188,
                28.93705919180732
              ],
              [
                -88.97397644354395,
                28.93705919180732
              ],
              [
                -88.97397644354395,
                28.93714902333573
              ],
              [
                -88.97424593812919,
                28.93714902333573
              ],
              [
                -88.97424593812919,
                28.937238854864145
              ],
              [
                -88.974425601186,
                28.937238854864145
              ],
              [
                -88.974425601186,
                28.937328686392558
              ],
              [
                -88.97451543271441,
                28.937328686392558
              ],
              [
                -88.97451543271441,
                28.937418517920968
              ],
              [
                -88.97460526424283,
                28.937418517920968
              ],
              [
                -88.97460526424283,
                28.93750834944938
              ],
              [
                -88.97478492729965,
                28.93750834944938
              ],
              [
                -88.97478492729965,
                28.937598180977794
              ],
              [
                -88.97487475882807,
                28.937598180977794
              ],
              [
                -88.97487475882807,
                28.937777844034617
              ],
              [
                -88.97496459035648,
                28.937777844034617
              ],
              [
                -88.97496459035648,
                28.93786767556303
              ],
              [
                -88.97505442188489,
                28.93786767556303
              ],
              [
                -88.97505442188489,
                28.938047338619853
              ],
              [
                -88.9751442534133,
                28.938047338619853
              ],
              [
                -88.9751442534133,
                28.938227001676676
              ],
              [
                -88.97523408494172,
                28.938227001676676
              ],
              [
                -88.97523408494172,
                28.938496496261912
              ],
              [
                -88.97532391647013,
                28.938496496261912
              ],
              [
                -88.97532391647013,
                28.93876599084715
              ],
              [
                -88.97541374799853,
                28.93876599084715
              ],
              [
                -88.97541374799853,
                28.93894565390397
              ],
              [
                -88.97550357952694,
                28.93894565390397
              ],
              [
                -88.97550357952694,
                28.939035485432385
              ],
              [
                -88.97559341105536,
                28.939035485432385
              ],
              [
                -88.97559341105536,
                28.93930498001762
              ],
              [
                -88.97568324258377,
                28.93930498001762
              ],
              [
                -88.97568324258377,
                28.93939481154603
              ],
              [
                -88.97577307411218,
                28.93939481154603
              ],
              [
                -88.97577307411218,
                28.939574474602857
              ],
              [
                -88.9758629056406,
                28.939574474602857
              ],
              [
                -88.9758629056406,
                28.939664306131267
              ],
              [
                -88.97595273716901,
                28.939664306131267
              ],
              [
                -88.97595273716901,
                28.939843969188093
              ],
              [
                -88.97604256869742,
                28.939843969188093
              ],
              [
                -88.97604256869742,
                28.940023632244916
              ],
              [
                -88.97613240022584,
                28.940023632244916
              ],
              [
                -88.97613240022584,
                28.940113463773326
              ],
              [
                -88.97622223175425,
                28.940113463773326
              ],
              [
                -88.97622223175425,
                28.940293126830152
              ],
              [
                -88.97631206328266,
                28.940293126830152
              ],
              [
                -88.97631206328266,
                28.940652452943798
              ],
              [
                -88.97640189481106,
                28.940652452943798
              ],
              [
                -88.97640189481106,
                28.941460936699507
              ],
              [
                -88.97649172633948,
                28.941460936699507
              ],
              [
                -88.97649172633948,
                28.941820262813156
              ],
              [
                -88.97658155786789,
                28.941820262813156
              ],
              [
                -88.97658155786789,
                28.94208975739839
              ],
              [
                -88.9766713893963,
                28.94208975739839
              ],
              [
                -88.9766713893963,
                28.942269420455215
              ],
              [
                -88.97676122092471,
                28.942269420455215
              ],
              [
                -88.97676122092471,
                28.94253891504045
              ],
              [
                -88.97685105245313,
                28.94253891504045
              ],
              [
                -88.97685105245313,
                28.94262874656886
              ],
              [
                -88.97694088398154,
                28.94262874656886
              ],
              [
                -88.97694088398154,
                28.942808409625687
              ],
              [
                -88.97703071550995,
                28.942808409625687
              ],
              [
                -88.97703071550995,
                28.942898241154097
              ],
              [
                -88.97712054703837,
                28.942898241154097
              ],
              [
                -88.97712054703837,
                28.94298807268251
              ],
              [
                -88.97721037856678,
                28.94298807268251
              ],
              [
                -88.97721037856678,
                28.94307790421092
              ],
              [
                -88.9773002100952,
                28.94307790421092
              ],
              [
                -88.9773002100952,
                28.943257567267747
              ],
              [
                -88.9773900416236,
                28.943257567267747
              ],
              [
                -88.9773900416236,
                28.94343723032457
              ],
              [
                -88.977479873152,
                28.94343723032457
              ],
              [
                -88.977479873152,
                28.943706724909806
              ],
              [
                -88.97756970468042,
                28.943706724909806
              ],
              [
                -88.97756970468042,
                28.94388638796663
              ],
              [
                -88.97765953620883,
                28.94388638796663
              ],
              [
                -88.97765953620883,
                28.94406605102345
              ],
              [
                -88.97774936773725,
                28.94406605102345
              ],
              [
                -88.97774936773725,
                28.944155882551865
              ],
              [
                -88.97783919926566,
                28.944155882551865
              ],
              [
                -88.97783919926566,
                28.944335545608688
              ],
              [
                -88.97801886232249,
                28.944335545608688
              ],
              [
                -88.97801886232249,
                28.9444253771371
              ],
              [
                -88.97855785149295,
                28.9444253771371
              ]
            ]
          ]
        },
        "properties": {
          "area_km2": 30.378
        }
      },
      {
        "type": "Feature",
        "geometry": {
          "type": "Polygon",
          "coordinates": [
            [
              [
                -88.98996645560128,
                28.829620683826626
              ],
              [
                -88.98996645560128,
                28.829530852298213
              ],
              [
                -88.9901461186581,
                28.829530852298213
              ],
              [
                -88.9901461186581,
                28.829441020769803
              ],
              [
                -88.99059527630016,
                28.829441020769803
              ],
              [
                -88.99059527630016,
                28.82935118924139
              ],
              [
                -88.99095460241381,
                28.82935118924139
              ],
              [
                -88.99095460241381,
                28.82926135771298
              ],
              [
                -88.99104443394222,
                28.82926135771298
              ],
              [
                -88.99104443394222,
                28.829171526184567
              ],
              [
                -88.99113426547063,
                28.829171526184567
              ],
              [
                -88.99113426547063,
                28.829081694656153
              ],
              [
                -88.99131392852745,
                28.829081694656153
              ],
              [
                -88.99131392852745,
                28.828991863127744
              ],
              [
                -88.99140376005586,
                28.828991863127744
              ],
              [
                -88.99140376005586,
                28.82890203159933
              ],
              [
                -88.99149359158427,
                28.82890203159933
              ],
              [
                -88.99149359158427,
                28.828722368542508
              ],
              [
                -88.99158342311269,
                28.828722368542508
              ],
              [
                -88.99158342311269,
                28.828632537014094
              ],
              [
                -88.9916732546411,
                28.828632537014094
              ],
              [
                -88.9916732546411,
                28.82854270548568
              ],
              [
                -88.99176308616951,
                28.82854270548568
              ],
              [
                -88.99176308616951,
                28.82845287395727
              ],
              [
                -88.99185291769793,
                28.82845287395727
              ],
              [
                -88.99185291769793,
                28.828363042428858
              ],
              [
                -88.99194274922634,
                28.828363042428858
              ],
              [
                -88.99194274922634,
                28.82827321090045
              ],
              [
                -88.99203258075475,
                28.82827321090045
              ],
              [
                -88.99203258075475,
                28.828183379372035
              ],
              [
                -88.99212241228317,
                28.828183379372035
              ],
              [
                -88.99212241228317,
                28.828093547843622
              ],
              [
                -88.99221224381157,
                28.828093547843622
              ],
              [
                -88.99221224381157,
                28.828003716315212
              ],
              [
                -88.99230207533998,
                28.828003716315212
              ],
              [
                -88.99230207533998,
                28.8279138847868
              ],
              [
                -88.99257156992522,
                28.8279138847868
              ],
              [
                -88.99257156992522,
                28.827824053258386
              ],
              [
                -88.99275123298204,
                28.827824053258386
              ],
              [
                -88.99275123298204,
                28.827734221729976
              ],
              [
                -88.99302072756728,
                28.827734221729976
              ],
              [
                -88.99302072756728,
                28.827644390201563
              ],
              [
                -88.99454786355028,
                28.827644390201563
              ],
              [
                -88.99454786355028,
                28.82755455867315
              ],
              [
                -88.99598516800488,
                28.82755455867315
              ],
              [
                -88.99598516800488,
                28.82746472714474
              ],
              [
                -88.9962546625901,
                28.82746472714474
              ],
              [
                -88.9962546625901,
                28.827374895616327
              ],
              [
                -88.99643432564693,
                28.827374895616327
              ],
              [
                -88.99643432564693,
                28.827285064087917
              ],
              [
                -88.99742247245946,
                28.827285064087917
              ],
              [
                -88.99742247245946,
                28.827195232559504
              ],
              [
                -88.99796146162994,
                28.827195232559504
              ],
              [
                -88.99796146162994,
                28.82710540103109
              ],
              [
                -88.99823095621517,
                28.82710540103109
              ],
              [
                -88.99823095621517,
                28.82701556950268
              ],
              [
                -88.998410619272,
                28.82701556950268
              ],
              [
                -88.998410619272,
                28.826925737974268
              ],
              [
                -88.99885977691406,
                28.826925737974268
              ],
              [
                -88.99885977691406,
                28.826835906445854
              ],
              [
                -88.99912927149929,
                28.826835906445854
              ],
              [
                -88.99912927149929,
                28.826746074917445
              ],
              [
                -88.99939876608452,
                28.826746074917445
              ],
              [
                -88.99939876608452,
                28.82665624338903
              ],
              [
                -88.99948859761294,
                28.82665624338903
              ],
              [
                -88.99948859761294,
                28.826566411860618
              ],
              [
                -88.99975809219818,
                28.826566411860618
              ],
              [
                -88.99975809219818,
                28.82647658033221
              ],
              [
                -88.999937755255,
                28.82647658033221
              ],
              [
                -88.999937755255,
                28.826386748803795
              ],
              [
                -89.00002758678342,
                28.826386748803795
              ],
              [
                -89.00002758678342,
                28.826296917275386
              ],
              [
                -89.00011741831182,
                28.826296917275386
              ],
              [
                -89.00011741831182,
                28.826207085746972
              ],
              [
                -89.00029708136864,
                28.826207085746972
              ],
              [
                -89.00029708136864,
                28.82611725421856
              ],
              [
                -89.00047674442547,
                28.82611725421856
              ],
              [
                -89.00047674442547,
                28.82602742269015
              ],
              [
                -89.00056657595388,
                28.82602742269015
              ],
              [
                -89.00056657595388,
                28.825937591161736
              ],
              [
                -89.0006564074823,
                28.825937591161736
              ],
              [
                -89.0006564074823,
                28.825847759633323
              ],
              [
                -89.00092590206754,
                28.825847759633323
              ],
              [
                -89.00092590206754,
                28.825757928104913
              ],
              [
                -89.00119539665276,
                28.825757928104913
              ],
              [
                -89.00119539665276,
                28.8256680965765
              ],
              [
                -89.00128522818117,
                28.8256680965765
              ],
              [
                -89.00128522818117,
                28.825578265048087
              ],
              [
                -89.00137505970959,
                28.825578265048087
              ],
              [
                -89.00137505970959,
                28.825488433519677
              ],
              [
                -89.00155472276641,
                28.825488433519677
              ],
              [
                -89.00155472276641,
                28.825398601991264
              ],
              [
                -89.00164455429483,
                28.825398601991264
              ],
              [
                -89.00164455429483,
                28.82521893893444
              ],
              [
                -89.00173438582324,
                28.82521893893444
              ],
              [
                -89.00173438582324,
                28.825129107406028
              ],
              [
                -89.00191404888007,
                28.825129107406028
              ],
              [
                -89.00191404888007,
                28.825039275877618
              ],
              [
                -89.00200388040848,
                28.825039275877618
              ],
              [
                -89.00200388040848,
                28.824949444349205
              ],
              [
                -89.00209371193688,
                28.824949444349205
              ],
              [
                -89.00209371193688,
                28.82485961282079
              ],
              [
                -89.0022733749937,
                28.82485961282079
              ],
              [
                -89.0022733749937,
                28.82476978129238
              ],
              [
                -89.00245303805053,
                28.82476978129238
              ],
              [
                -89.00245303805053,
                28.82467994976397
              ],
              [
                -89.00263270110736,
                28.82467994976397
              ],
              [
                -89.00263270110736,
                28.824590118235555
              ],
              [
                -89.00281236416419,
                28.824590118235555
              ],
              [
                -89.00281236416419,
                28.824500286707146
              ],
              [
                -89.0029021956926,
                28.824500286707146
              ],
              [
                -89.0029021956926,
                28.824410455178732
              ],
              [
                -89.00308185874941,
                28.824410455178732
              ],
              [
                -89.00308185874941,
                28.824320623650323
              ],
              [
                -89.00326152180624,
                28.824320623650323
              ],
              [
                -89.00326152180624,
                28.82423079212191
              ],
              [
                -89.00335135333465,
                28.82423079212191
              ],
              [
                -89.00335135333465,
                28.824140960593496
              ],
              [
                -89.00344118486306,
                28.824140960593496
              ],
              [
                -89.00344118486306,
                28.824051129065086
              ],
              [
                -89.00353101639148,
                28.824051129065086
              ],
              [
                -89.00353101639148,
                28.823961297536673
              ],
              [
                -89.00362084791989,
                28.823961297536673
              ],
              [
                -89.00362084791989,
                28.82387146600826
              ],
              [
                -89.0037106794483,
                28.82387146600826
              ],
              [
                -89.0037106794483,
                28.82378163447985
              ],
              [
                -89.00380051097672,
                28.82378163447985
              ],
              [
                -89.00380051097672,
                28.823691802951437
              ],
              [
                -89.00389034250513,
                28.823691802951437
              ],
              [
                -89.00389034250513,
                28.823601971423024
              ],
              [
                -89.00407000556194,
                28.823601971423024
              ],
              [
                -89.00407000556194,
                28.823512139894614
              ],
              [
                -89.00415983709036,
                28.823512139894614
              ],
              [
                -89.00415983709036,
                28.8234223083662
              ],
              [
                -89.00433950014718,
                28.8234223083662
              ],
              [
                -89.00433950014718,
                28.82333247683779
              ],
              [
                -89.00451916320401,
                28.82333247683779
              ],
              [
                -89.00451916320401,
                28.823242645309378
              ],
              [
                -89.00469882626084,
                28.823242645309378
              ],
              [
                -89.00469882626084,
                28.823152813780965
              ],
              [
                -89.00487848931766,
                28.823152813780965
              ],
              [
                -89.00487848931766,
                28.822973150724142
              ],
              [
                -89.00514798390289,
                28.822973150724142
              ],
              [
                -89.00514798390289,
                28.82288331919573
              ],
              [
                -89.00532764695971,
                28.82288331919573
              ],
              [
                -89.00532764695971,
                28.82279348766732
              ],
              [
                -89.00541747848813,
                28.82279348766732
              ],
              [
                -89.00541747848813,
                28.822703656138906
              ],
              [
                -89.00550731001654,
                28.822703656138906
              ],
              [
                -89.00550731001654,
                28.822613824610492
              ],
              [
                -89.00559714154495,
                28.822613824610492
              ],
              [
                -89.00559714154495,
                28.82243416155367
              ],
              [
                -89.00568697307337,
                28.82243416155367
              ],
              [
                -89.00568697307337,
                28.821805340854787
              ],
              [
                -88.99903943997089,
                28.821805340854787
              ],
              [
                -88.99903943997089,
                28.822523993082083
              ],
              [
                -88.99894960844247,
                28.822523993082083
              ],
              [
                -88.99894960844247,
                28.822703656138906
              ],
              [
                -88.99885977691406,
                28.822703656138906
              ],
              [
                -88.99885977691406,
                28.82279348766732
              ],
              [
                -88.99868011385723,
                28.82279348766732
              ],
              [
                -88.99868011385723,
                28.82288331919573
              ],
              [
                -88.99859028232882,
                28.82288331919573
              ],
              [
                -88.99859028232882,
                28.822973150724142
              ],
              [
                -88.9985004508004,
                28.822973150724142
              ],
              [
                -88.9985004508004,
                28.823062982252555
              ],
              [
                -88.998410619272,
                28.823062982252555
              ],
              [
                -88.998410619272,
                28.823152813780965
              ],
              [
                -88.99823095621517,
                28.823152813780965
              ],
              [
                -88.99823095621517,
                28.823242645309378
              ],
              [
                -88.99805129315835,
                28.823242645309378
              ],
              [
                -88.99805129315835,
                28.82333247683779
              ],
              [
                -88.99796146162994,
                28.82333247683779
              ],
              [
                -88.99796146162994,
                28.823512139894614
              ],
              [
                -88.99778179857311,
                28.823512139894614
              ],
              [
                -88.99778179857311,
                28.823601971423024
              ],
              [
                -88.9976919670447,
                28.823601971423024
              ],
              [
                -88.9976919670447,
                28.823691802951437
              ],
              [
                -88.99760213551629,
                28.823691802951437
              ],
              [
                -88.99760213551629,
                28.82378163447985
              ],
              [
                -88.99751230398788,
                28.82378163447985
              ],
              [
                -88.99751230398788,
                28.82387146600826
              ],
              [
                -88.99742247245946,
                28.82387146600826
              ],
              [
                -88.99742247245946,
                28.823961297536673
              ],
              [
                -88.99733264093105,
                28.823961297536673
              ],
              [
                -88.99733264093105,
                28.824051129065086
              ],
              [
                -88.99724280940264,
                28.824051129065086
              ],
              [
                -88.99724280940264,
                28.824140960593496
              ],
              [
                -88.99715297787422,
                28.824140960593496
              ],
              [
                -88.99715297787422,
                28.82423079212191
              ],
              [
                -88.99697331481741,
                28.82423079212191
              ],
              [
                -88.99697331481741,
                28.824320623650323
              ],
              [
                -88.99670382023217,
                28.824320623650323
              ],
              [
                -88.99670382023217,
                28.824410455178732
              ],
              [
                -88.99661398870376,
                28.824410455178732
              ],
              [
                -88.99661398870376,
                28.824500286707146
              ],
              [
                -88.99652415717534,
                28.824500286707146
              ],
              [
                -88.99652415717534,
                28.824590118235555
              ],
              [
                -88.99616483106169,
                28.824590118235555
              ],
              [
                -88.99616483106169,
                28.82467994976397
              ],
              [
                -88.99589533647647,
                28.82467994976397
              ],
              [
                -88.99589533647647,
                28.82476978129238
              ],
              [
                -88.99571567341964,
                28.82476978129238
              ],
              [
                -88.99571567341964,
                28.82485961282079
              ],
              [
                -88.99562584189123,
                28.82485961282079
              ],
              [
                -88.99562584189123,
                28.824949444349205
              ],
              [
                -88.99499702119235,
                28.824949444349205
              ],
              [
                -88.99499702119235,
                28.825039275877618
              ],
              [
                -88.9946376950787,
                28.825039275877618
              ],
              [
                -88.9946376950787,
                28.825129107406028
              ],
              [
                -88.99445803202187,
                28.825129107406028
              ],
              [
                -88.99445803202187,
                28.82521893893444
              ],
              [
                -88.99436820049345,
                28.82521893893444
              ],
              [
                -88.99436820049345,
                28.825308770462854
              ],
              [
                -88.9939190428514,
                28.825308770462854
              ],
              [
                -88.9939190428514,
                28.825398601991264
              ],
              [
                -88.99203258075475,
                28.825398601991264
              ],
              [
                -88.99203258075475,
                28.825308770462854
              ],
              [
                -88.99095460241381,
                28.825308770462854
              ],
              [
                -88.99095460241381,
                28.825398601991264
              ],
              [
                -88.99077493935698,
                28.825398601991264
              ],
              [
                -88.99077493935698,
                28.825488433519677
              ],
              [
                -88.99059527630016,
                28.825488433519677
              ],
              [
                -88.99059527630016,
                28.825578265048087
              ],
              [
                -88.99050544477174,
                28.825578265048087
              ],
              [
                -88.99050544477174,
                28.8256680965765
              ],
              [
                -88.9902359501865,
                28.8256680965765
              ],
              [
                -88.9902359501865,
                28.825757928104913
              ],
              [
                -88.98996645560128,
                28.825757928104913
              ],
              [
                -88.98996645560128,
                28.825847759633323
              ],
              [
                -88.98987662407286,
                28.825847759633323
              ],
              [
                -88.98987662407286,
                28.825937591161736
              ],
              [
                -88.98969696101604,
                28.825937591161736
              ],
              [
                -88.98969696101604,
                28.82602742269015
              ],
              [
                -88.98933763490238,
                28.82602742269015
              ],
              [
                -88.98933763490238,
                28.82611725421856
              ],
              [
                -88.98897830878875,
                28.82611725421856
              ],
              [
                -88.98897830878875,
                28.826207085746972
              ],
              [
                -88.98888847726033,
                28.826207085746972
              ],
              [
                -88.98888847726033,
                28.826296917275386
              ],
              [
                -88.9887088142035,
                28.826296917275386
              ],
              [
                -88.9887088142035,
                28.826386748803795
              ],
              [
                -88.98834948808985,
                28.826386748803795
              ],
              [
                -88.98834948808985,
                28.82647658033221
              ],
              [
                -88.98816982503304,
                28.82647658033221
              ],
              [
                -88.98816982503304,
                28.826566411860618
              ],
              [
                -88.98807999350463,
                28.826566411860618
              ],
              [
                -88.98807999350463,
                28.82665624338903
              ],
              [
                -88.98799016197621,
                28.82665624338903
              ],
              [
                -88.98799016197621,
                28.826746074917445
              ],
              [
                -88.9879003304478,
                28.826746074917445
              ],
              [
                -88.9879003304478,
                28.826925737974268
              ],
              [
                -88.98781049891939,
                28.826925737974268
              ],
              [
                -88.98781049891939,
                28.82710540103109
              ],
              [
                -88.98772066739097,
                28.82710540103109
              ],
              [
                -88.98772066739097,
                28.827195232559504
              ],
              [
                -88.98763083586256,
                28.827195232559504
              ],
              [
                -88.98763083586256,
                28.827285064087917
              ],
              [
                -88.98754100433415,
                28.827285064087917
              ],
              [
                -88.98754100433415,
                28.827374895616327
              ],
              [
                -88.98745117280573,
                28.827374895616327
              ],
              [
                -88.98745117280573,
                28.82746472714474
              ],
              [
                -88.98736134127732,
                28.82746472714474
              ],
              [
                -88.98736134127732,
                28.82755455867315
              ],
              [
                -88.98718167822051,
                28.82755455867315
              ],
              [
                -88.98718167822051,
                28.827734221729976
              ],
              [
                -88.9870918466921,
                28.827734221729976
              ],
              [
                -88.9870918466921,
                28.827824053258386
              ],
              [
                -88.98682235210686,
                28.827824053258386
              ],
              [
                -88.98682235210686,
                28.8279138847868
              ],
              [
                -88.98664268905003,
                28.8279138847868
              ],
              [
                -88.98664268905003,
                28.828003716315212
              ],
              [
                -88.98655285752162,
                28.828003716315212
              ],
              [
                -88.98655285752162,
                28.828093547843622
              ],
              [
                -88.9864630259932,
                28.828093547843622
              ],
              [
                -88.9864630259932,
                28.828812200070917
              ],
              [
                -88.98655285752162,
                28.828812200070917
              ],
              [
                -88.98655285752162,
                28.82890203159933
              ],
              [
                -88.98664268905003,
                28.82890203159933
              ],
              [
                -88.98664268905003,
                28.828991863127744
              ],
              [
                -88.98673252057844,
                28.828991863127744
              ],
              [
                -88.98673252057844,
                28.829081694656153
              ],
              [
                -88.98682235210686,
                28.829081694656153
              ],
              [
                -88.98682235210686,
                28.82926135771298
              ],
              [
                -88.98700201516368,
                28.82926135771298
              ],
              [
                -88.98700201516368,
                28.82935118924139
              ],
              [
                -88.98861898267509,
                28.82935118924139
              ],
              [
                -88.98861898267509,
                28.829441020769803
              ],
              [
                -88.98924780337397,
                28.829441020769803
              ],
              [
                -88.98924780337397,
                28.829530852298213
              ],
              [
                -88.9894274664308,
                28.829530852298213
              ],
              [
                -88.9894274664308,
                28.829620683826626
              ],
              [
                -88.98996645560128,
                28.829620683826626
              ]
            ]
          ]
        },
        "properties": {
          "area_km2": 0.7
        }
      }
    ]
  },
  "ais_tracks": {
    "type": "FeatureCollection",
    "features": []
  },
  "zones": {
    "type": "FeatureCollection",
    "features": []
  }
}