{
  "ships": {
    "type": "FeatureCollection",
    "features": [
      {
        "type": "Feature",
        "geometry": {
          "type": "Polygon",
          "coordinates": [
            [
              [
                32.515336736081,
                31.61504788596581
              ],
              [
                32.51744645662389,
                31.61504788596581
              ],
              [
                32.51744645662389,
                31.614329237025817
              ],
              [
                32.515336736081,
                31.614329237025817
              ],
              [
                32.515336736081,
                31.61504788596581
              ]
            ]
          ]
        },
        "properties": {
          "matched": true,
          "mmsi": "SYNTH000000",
          "type": "cargo",
          "confidence": 1.0
        }
      },
      {
        "type": "Feature",
        "geometry": {
          "type": "Polygon",
          "coordinates": [
            [
              [
                32.445268867618104,
                31.55113275329525
              ],
              [
                32.44737714076414,
                31.55113275329525
              ],
              [
                32.44737714076414,
                31.550324273237756
              ],
              [
                32.445268867618104,
                31.550324273237756
              ],
              [
                32.445268867618104,
                31.55113275329525
              ]
            ]
          ]
        },
        "properties": {
          "matched": true,
          "mmsi": "SYNTH000003",
          "type": "cargo",
          "confidence": 1.0
        }
      },
      {
        "type": "Feature",
        "geometry": {
          "type": "Polygon",
          "coordinates": [
            [
              [
                32.48901708565196,
                31.527731640349394
              ],
              [
                32.49112483140353,
                31.527731640349394
              ],
              [
                32.49112483140353,
                31.5270129914094
              ],
              [
                32.48901708565196,
                31.5270129914094
              ],
              [
                32.48901708565196,
                31.527731640349394
              ]
            ]
          ]
        },
        "properties": {
          "matched": true,
          "mmsi": "SYNTH000005",
          "type": "cargo",
          "confidence": 1.0
        }
      },
      {
        "type": "Feature",
        "geometry": {
          "type": "Polygon",
          "coordinates": [
            [
              [
                32.53599920802617,
                31.507070388814643
              ],
              [
                32.53810648774822,
                31.507070388814643
              ],
              [
                32.53810648774822,
                31.50635173987465
              ],
              [
                32.53599920802617,
                31.50635173987465
              ],
              [
                32.53599920802617,
                31.507070388814643
              ]
            ]
          ]
        },
        "properties": {
          "matched": true,
          "mmsi": "SYNTH000006",
          "type": "cargo",
          "confidence": 1.0
        }
      },
      {
        "type": "Feature",
        "geometry": {
          "type": "Polygon",
          "coordinates": [
            [
              [
                32.475453164569664,
                31.471182692186787
              ],
              [
                32.47755963090541,
                31.471182692186787
              ],
              [
                32.47755963090541,
                31.470014887659296
              ],
              [
                32.475453164569664,
                31.470014887659296
              ],
              [
                32.475453164569664,
                31.471182692186787
              ]
            ]
          ]
        },
        "properties": {
          "matched": true,
          "mmsi": "SYNTH000007",
          "type": "cargo",
          "confidence": 1.0
        }
      }
    ]
  },
  "dark_vessels": {
    "type": "FeatureCollection",
    "features": [
      {
        "type": "Feature",
        "geometry": {
          "type": "Polygon",
          "coordinates": [
            [
              [
                32.435207502909236,
                31.5718838359475
              ],
              [
                32.437316243108725,
                31.5718838359475
              ],
              [
                32.437316243108725,
                31.570895693655007
              ],
              [
                32.435207502909236,
                31.570895693655007
              ],
              [
                32.435207502909236,
                31.5718838359475
              ]
            ]
          ]
        },
        "properties": {
          "matched": false,
          "confidence": 1.0
        }
      },
      {
        "type": "Feature",
        "geometry": {
          "type": "Polygon",
          "coordinates": [
            [
              [
                32.48991501441347,
                31.562182030468097
              ],
              [
                32.49202353321026,
                31.562182030468097
              ],
              [
                32.49202353321026,
                31.561014225940607
              ],
              [
                32.48991501441347,
                31.561014225940607
              ],
              [
                32.48991501441347,
                31.562182030468097
              ]
            ]
          ]
        },
        "properties": {
          "matched": false,
          "confidence": 1.0
        }
      },
      {
        "type": "Feature",
        "geometry": {
          "type": "Polygon",
          "coordinates": [
            [
              [
                32.46134887959983,
                31.536220719578868
              ],
              [
                32.4634568159539,
                31.536220719578868
              ],
              [
                32.4634568159539,
                31.535412239521374
              ],
              [
                32.46134887959983,
                31.535412239521374
              ],
              [
                32.46134887959983,
                31.536220719578868
              ]
            ]
          ]
        },
        "properties": {
          "matched": false,
          "confidence": 1.0
        }
      }
    ]
  },
  "oil": {
    "type": "FeatureCollection",
    "features": [
      {
        "type": "Feature",
        "geometry": {
          "type": "Polygon",
          "coordinates": [
            [
              [
                32.49411337730628,
                31.55647773108487
              ],
              [
                32.49411337730628,
                31.55638789955646
              ],
              [
                32.49402354577787,
                31.55638789955646
              ],
              [
                32.49402354577787,
                31.556298068028045
              ],
              [
                32.49393371424946,
                31.556298068028045
              ],
              [
                32.49393371424946,
                31.556208236499632
              ],
              [
                32.49375405119263,
                31.556208236499632
              ],
              [
                32.49375405119263,
                31.55602857344281
              ],
              [
                32.49366421966422,
                31.55602857344281
              ],
              [
                32.49366421966422,
                31.55557941580075
              ],
              [
                32.49375405119263,
                31.55557941580075
              ],
              [
                32.49375405119263,
                31.555399752743927
              ],
              [
                32.49393371424946,
                31.555399752743927
              ],
              [
                32.49393371424946,
                31.5552200896871
              ],
              [
                32.49402354577787,
                31.5552200896871
              ],
              [
                32.49402354577787,
                31.555040426630278
              ],
              [
                32.49411337730628,
                31.555040426630278
              ],
              [
                32.49411337730628,
                31.554950595101865
              ],
              [
                32.494293040363104,
                31.554950595101865
              ],
              [
                32.494293040363104,
                31.55468110051663
              ],
              [
                32.49438287189152,
                31.55468110051663
              ],
              [
                32.49438287189152,
                31.554411605931396
              ],
              [
                32.49447270341993,
                31.554411605931396
              ],
              [
                32.49447270341993,
                31.554321774402982
              ],
              [
                32.494562534948344,
                31.554321774402982
              ],
              [
                32.494562534948344,
                31.55423194287457
              ],
              [
                32.49465236647675,
                31.55423194287457
              ],
              [
                32.49465236647675,
                31.553872616760923
              ],
              [
                32.49474219800516,
                31.553872616760923
              ],
              [
                32.49474219800516,
                31.553692953704097
              ],
              [
                32.494832029533576,
                31.553692953704097
              ],
              [
                32.494832029533576,
                31.553603122175687
              ],
              [
                32.49492186106199,
                31.553603122175687
              ],
              [
                32.49492186106199,
                31.553513290647274
              ],
              [
                32.4950116925904,
                31.553513290647274
              ],
              [
                32.4950116925904,
                31.553243796062038
              ],
              [
                32.49510152411881,
                31.553243796062038
              ],
              [
                32.49510152411881,
                31.553064133005215
              ],
              [
                32.49519135564722,
                31.553064133005215
              ],
              [
                32.49519135564722,
                31.5529743014768
              ],
              [
                32.495281187175635,
                31.5529743014768
              ],
              [
                32.495281187175635,
                31.552884469948392
              ],
              [
                32.49537101870405,
                31.552884469948392
              ],
              [
                32.49537101870405,
                31.55279463841998
              ],
              [
                32.49546085023246,
                31.55279463841998
              ],
              [
                32.49546085023246,
                31.552704806891565
              ],
              [
                32.495550681760875,
                31.552704806891565
              ],
              [
                32.495550681760875,
                31.552614975363156
              ],
              [
                32.49564051328928,
                31.552614975363156
              ],
              [
                32.49564051328928,
                31.552525143834742
              ],
              [
                32.49582017634611,
                31.552525143834742
              ],
              [
                32.49582017634611,
                31.552435312306333
              ],
              [
                32.495999839402934,
                31.552435312306333
              ],
              [
                32.495999839402934,
                31.55234548077792
              ],
              [
                32.49608967093134,
                31.55234548077792
              ],
              [
                32.49608967093134,
                31.552165817721097
              ],
              [
                32.49617950245975,
                31.552165817721097
              ],
              [
                32.49617950245975,
                31.552075986192683
              ],
              [
                32.49635916551658,
                31.552075986192683
              ],
              [
                32.49635916551658,
                31.55198615466427
              ],
              [
                32.49644899704499,
                31.55198615466427
              ],
              [
                32.49644899704499,
                31.551806491607447
              ],
              [
                32.49653882857341,
                31.551806491607447
              ],
              [
                32.49653882857341,
                31.551716660079034
              ],
              [
                32.49662866010181,
                31.551716660079034
              ],
              [
                32.49662866010181,
                31.551626828550624
              ],
              [
                32.496718491630226,
                31.551626828550624
              ],
              [
                32.496718491630226,
                31.55153699702221
              ],
              [
                32.49680832315864,
                31.55153699702221
              ],
              [
                32.49680832315864,
                31.5514471654938
              ],
              [
                32.49689815468705,
                31.5514471654938
              ],
              [
                32.49689815468705,
                31.551357333965388
              ],
              [
                32.49707781774387,
                31.551357333965388
              ],
              [
                32.49707781774387,
                31.551267502436975
              ],
              [
                32.497167649272285,
                31.551267502436975
              ],
              [
                32.497167649272285,
                31.551357333965388
              ],
              [
                32.4972574808007,
                31.551357333965388
              ],
              [
                32.4972574808007,
                31.5514471654938
              ],
              [
                32.49734731232911,
                31.5514471654938
              ],
              [
                32.49734731232911,
                31.55153699702221
              ],
              [
                32.497437143857525,
                31.55153699702221
              ],
              [
                32.497437143857525,
                31.551626828550624
              ],
              [
                32.49752697538594,
                31.551626828550624
              ],
              [
                32.49752697538594,
                31.551716660079034
              ],
              [
                32.497616806914344,
                31.551716660079034
              ],
              [
                32.497616806914344,
                31.551806491607447
              ],
              [
                32.49779646997117,
                31.551806491607447
              ],
              [
                32.49779646997117,
                31.55198615466427
              ],
              [
                32.497886301499584,
                31.55198615466427
              ],
              [
                32.497886301499584,
                31.552075986192683
              ],
              [
                32.497976133028,
                31.552075986192683
              ],
              [
                32.497976133028,
                31.552165817721097
              ],
              [
                32.4980659645564,
                31.552165817721097
              ],
              [
                32.4980659645564,
                31.55234548077792
              ],
              [
                32.498155796084816,
                31.55234548077792
              ],
              [
                32.498155796084816,
                31.552525143834742
              ],
              [
                32.49824562761323,
                31.552525143834742
              ],
              [
                32.49824562761323,
                31.552884469948392
              ],
              [
                32.498155796084816,
                31.552884469948392
              ],
              [
                32.498155796084816,
                31.553064133005215
              ],
              [
                32.4980659645564,
                31.553064133005215
              ],
              [
                32.4980659645564,
                31.553153964533628
              ],
              [
                32.497976133028,
                31.553153964533628
              ],
              [
                32.497976133028,
                31.553243796062038
              ],
              [
                32.497886301499584,
                31.553243796062038
              ],
              [
                32.497886301499584,
                31.55333362759045
              ],
              [
                32.49770663844276,
                31.55333362759045
              ],
              [
                32.49770663844276,
                31.553513290647274
              ],
              [
                32.497616806914344,
                31.553513290647274
              ],
              [
                32.497616806914344,
                31.553603122175687
              ],
              [
                32.497437143857525,
                31.553603122175687
              ],
              [
                32.497437143857525,
                31.553692953704097
              ],
              [
                32.49734731232911,
                31.553692953704097
              ],
              [
                32.49734731232911,
                31.55378278523251
              ],
              [
                32.4972574808007,
                31.55378278523251
              ],
              [
                32.4972574808007,
                31.553872616760923
              ],
              [
                32.497167649272285,
                31.553872616760923
              ],
              [
                32.497167649272285,
                31.553962448289333
              ],
              [
                32.49707781774387,
                31.553962448289333
              ],
              [
                32.49707781774387,
                31.554052279817746
              ],
              [
                32.496987986215466,
                31.554052279817746
              ],
              [
                32.496987986215466,
                31.55414211134616
              ],
              [
                32.49689815468705,
                31.55414211134616
              ],
              [
                32.49689815468705,
                31.55423194287457
              ],
              [
                32.49680832315864,
                31.55423194287457
              ],
              [
                32.49680832315864,
                31.554321774402982
              ],
              [
                32.496718491630226,
                31.554321774402982
              ],
              [
                32.496718491630226,
                31.554411605931396
              ],
              [
                32.49662866010181,
                31.554411605931396
              ],
              [
                32.49662866010181,
                31.55459126898822
              ],
              [
                32.49653882857341,
                31.55459126898822
              ],
              [
                32.49653882857341,
                31.55477093204504
              ],
              [
                32.49644899704499,
                31.55477093204504
              ],
              [
                32.49644899704499,
                31.554860763573455
              ],
              [
                32.49635916551658,
                31.554860763573455
              ],
              [
                32.49635916551658,
                31.555040426630278
              ],
              [
                32.49626933398817,
                31.555040426630278
              ],
              [
                32.49626933398817,
                31.5552200896871
              ],
              [
                32.49617950245975,
                31.5552200896871
              ],
              [
                32.49617950245975,
                31.555489584272337
              ],
              [
                32.49608967093134,
                31.555489584272337
              ],
              [
                32.49608967093134,
                31.55557941580075
              ],
              [
                32.495999839402934,
                31.55557941580075
              ],
              [
                32.495999839402934,
                31.555759078857573
              ],
              [
                32.49591000787452,
                31.555759078857573
              ],
              [
                32.49591000787452,
                31.555938741914396
              ],
              [
                32.49582017634611,
                31.555938741914396
              ],
              [
                32.49582017634611,
                31.55602857344281
              ],
              [
                32.495730344817694,
                31.55602857344281
              ],
              [
                32.495730344817694,
                31.556118404971222
              ],
              [
                32.495550681760875,
                31.556118404971222
              ],
              [
                32.495550681760875,
                31.556208236499632
              ],
              [
                32.49519135564722,
                31.556208236499632
              ],
              [
                32.49519135564722,
                31.556298068028045
              ],
              [
                32.494832029533576,
                31.556298068028045
              ],
              [
                32.494832029533576,
                31.55638789955646
              ],
              [
                32.49447270341993,
                31.55638789955646
              ],
              [
                32.49447270341993,
                31.55647773108487
              ],
              [
                32.49411337730628,
                31.55647773108487
              ]
            ]
          ]
        },
        "properties": {
          "area_km2": 0.134
        }
      },
      {
        "type": "Feature",
        "geometry": {
          "type": "Polygon",
          "coordinates": [
            [
              [
                32.49779646997117,
                31.550818344794916
              ],
              [
                32.49779646997117,
                31.550728513266503
              ],
              [
                32.497616806914344,
                31.550728513266503
              ],
              [
                32.497616806914344,
                31.55054885020968
              ],
              [
                32.49752697538594,
                31.55054885020968
              ],
              [
                32.49752697538594,
                31.550279355624443
              ],
              [
                32.497437143857525,
                31.550279355624443
              ],
              [
                32.497437143857525,
                31.55009969256762
              ],
              [
                32.49752697538594,
                31.55009969256762
              ],
              [
                32.49752697538594,
                31.54965053492556
              ],
              [
                32.497616806914344,
                31.54965053492556
              ],
              [
                32.497616806914344,
                31.549291208811912
              ],
              [
                32.49770663844276,
                31.549291208811912
              ],
              [
                32.49770663844276,
                31.549021714226676
              ],
              [
                32.49779646997117,
                31.549021714226676
              ],
              [
                32.49779646997117,
                31.54875221964144
              ],
              [
                32.497886301499584,
                31.54875221964144
              ],
              [
                32.497886301499584,
                31.547943735885735
              ],
              [
                32.497976133028,
                31.547943735885735
              ],
              [
                32.497976133028,
                31.547494578243676
              ],
              [
                32.4980659645564,
                31.547494578243676
              ],
              [
                32.4980659645564,
                31.547135252130026
              ],
              [
                32.498155796084816,
                31.547135252130026
              ],
              [
                32.498155796084816,
                31.54686575754479
              ],
              [
                32.49824562761323,
                31.54686575754479
              ],
              [
                32.49824562761323,
                31.54596744226067
              ],
              [
                32.49833545914164,
                31.54596744226067
              ],
              [
                32.49833545914164,
                31.545697947675436
              ],
              [
                32.498425290670056,
                31.545697947675436
              ],
              [
                32.498425290670056,
                31.545518284618613
              ],
              [
                32.49851512219847,
                31.545518284618613
              ],
              [
                32.49851512219847,
                31.5454284530902
              ],
              [
                32.498604953726876,
                31.5454284530902
              ],
              [
                32.498604953726876,
                31.545248790033376
              ],
              [
                32.49869478525529,
                31.545248790033376
              ],
              [
                32.49869478525529,
                31.545158958504963
              ],
              [
                32.4987846167837,
                31.545158958504963
              ],
              [
                32.4987846167837,
                31.54497929544814
              ],
              [
                32.498874448312115,
                31.54497929544814
              ],
              [
                32.498874448312115,
                31.544889463919727
              ],
              [
                32.49896427984053,
                31.544889463919727
              ],
              [
                32.49896427984053,
                31.54453013780608
              ],
              [
                32.499054111368935,
                31.54453013780608
              ],
              [
                32.499054111368935,
                31.54417081169243
              ],
              [
                32.49914394289735,
                31.54417081169243
              ],
              [
                32.49914394289735,
                31.543901317107196
              ],
              [
                32.49923377442576,
                31.543901317107196
              ],
              [
                32.49923377442576,
                31.543721654050373
              ],
              [
                32.499323605954174,
                31.543721654050373
              ],
              [
                32.499323605954174,
                31.543362327936723
              ],
              [
                32.49941343748259,
                31.543362327936723
              ],
              [
                32.49941343748259,
                31.543092833351487
              ],
              [
                32.499503269011,
                31.543092833351487
              ],
              [
                32.499503269011,
                31.542913170294664
              ],
              [
                32.49968293206782,
                31.542913170294664
              ],
              [
                32.49968293206782,
                31.54282333876625
              ],
              [
                32.49977276359623,
                31.54282333876625
              ],
              [
                32.49977276359623,
                31.54273350723784
              ],
              [
                32.49986259512465,
                31.54273350723784
              ],
              [
                32.49986259512465,
                31.542643675709428
              ],
              [
                32.50013208970988,
                31.542643675709428
              ],
              [
                32.50013208970988,
                31.54273350723784
              ],
              [
                32.50040158429512,
                31.54273350723784
              ],
              [
                32.50040158429512,
                31.54282333876625
              ],
              [
                32.50049141582353,
                31.54282333876625
              ],
              [
                32.50049141582353,
                31.542913170294664
              ],
              [
                32.50058124735194,
                31.542913170294664
              ],
              [
                32.50058124735194,
                31.543092833351487
              ],
              [
                32.50067107888035,
                31.543092833351487
              ],
              [
                32.50067107888035,
                31.5431826648799
              ],
              [
                32.500760910408765,
                31.5431826648799
              ],
              [
                32.500760910408765,
                31.543362327936723
              ],
              [
                32.50085074193718,
                31.543362327936723
              ],
              [
                32.50085074193718,
                31.54363182252196
              ],
              [
                32.50094057346559,
                31.54363182252196
              ],
              [
                32.50094057346559,
                31.54408098016402
              ],
              [
                32.501030404994,
                31.54408098016402
              ],
              [
                32.501030404994,
                31.54453013780608
              ],
              [
                32.50112023652241,
                31.54453013780608
              ],
              [
                32.50112023652241,
                31.544889463919727
              ],
              [
                32.501210068050824,
                31.544889463919727
              ],
              [
                32.501210068050824,
                31.545518284618613
              ],
              [
                32.50129989957924,
                31.545518284618613
              ],
              [
                32.50129989957924,
                31.545787779203845
              ],
              [
                32.50138973110765,
                31.545787779203845
              ],
              [
                32.50138973110765,
                31.54587761073226
              ],
              [
                32.501479562636064,
                31.54587761073226
              ],
              [
                32.501479562636064,
                31.54605727378908
              ],
              [
                32.50156939416447,
                31.54605727378908
              ],
              [
                32.50156939416447,
                31.546326768374318
              ],
              [
                32.50165922569288,
                31.546326768374318
              ],
              [
                32.50165922569288,
                31.546686094487967
              ],
              [
                32.501749057221296,
                31.546686094487967
              ],
              [
                32.501749057221296,
                31.546955589073203
              ],
              [
                32.50183888874971,
                31.546955589073203
              ],
              [
                32.50183888874971,
                31.547045420601613
              ],
              [
                32.501749057221296,
                31.547045420601613
              ],
              [
                32.501749057221296,
                31.54722508365844
              ],
              [
                32.50165922569288,
                31.54722508365844
              ],
              [
                32.50165922569288,
                31.547494578243676
              ],
              [
                32.50156939416447,
                31.547494578243676
              ],
              [
                32.50156939416447,
                31.547584409772085
              ],
              [
                32.501479562636064,
                31.547584409772085
              ],
              [
                32.501479562636064,
                31.5476742413005
              ],
              [
                32.50129989957924,
                31.5476742413005
              ],
              [
                32.50129989957924,
                31.547764072828908
              ],
              [
                32.50112023652241,
                31.547764072828908
              ],
              [
                32.50112023652241,
                31.54785390435732
              ],
              [
                32.50085074193718,
                31.54785390435732
              ],
              [
                32.50085074193718,
                31.547764072828908
              ],
              [
                32.50058124735194,
                31.547764072828908
              ],
              [
                32.50058124735194,
                31.5476742413005
              ],
              [
                32.50049141582353,
                31.5476742413005
              ],
              [
                32.50049141582353,
                31.547584409772085
              ],
              [
                32.500311752766706,
                31.547584409772085
              ],
              [
                32.500311752766706,
                31.547494578243676
              ],
              [
                32.50022192123829,
                31.547494578243676
              ],
              [
                32.50022192123829,
                31.54731491518685
              ],
              [
                32.50013208970988,
                31.54731491518685
              ],
              [
                32.50013208970988,
                31.547045420601613
              ],
              [
                32.500042258181466,
                31.547045420601613
              ],
              [
                32.500042258181466,
                31.54686575754479
              ],
              [
                32.49986259512465,
                31.54686575754479
              ],
              [
                32.49986259512465,
                31.546775926016377
              ],
              [
                32.499323605954174,
                31.546775926016377
              ],
              [
                32.499323605954174,
                31.54686575754479
              ],
              [
                32.49914394289735,
                31.54686575754479
              ],
              [
                32.49914394289735,
                31.546955589073203
              ],
              [
                32.499054111368935,
                31.546955589073203
              ],
              [
                32.499054111368935,
                31.547404746715262
              ],
              [
                32.49914394289735,
                31.547404746715262
              ],
              [
                32.49914394289735,
                31.547494578243676
              ],
              [
                32.49923377442576,
                31.547494578243676
              ],
              [
                32.49923377442576,
                31.5476742413005
              ],
              [
                32.499323605954174,
                31.5476742413005
              ],
              [
                32.499323605954174,
                31.547764072828908
              ],
              [
                32.49941343748259,
                31.547764072828908
              ],
              [
                32.49941343748259,
                31.547943735885735
              ],
              [
                32.499503269011,
                31.547943735885735
              ],
              [
                32.499503269011,
                31.548123398942558
              ],
              [
                32.49959310053941,
                31.548123398942558
              ],
              [
                32.49959310053941,
                31.54830306199938
              ],
              [
                32.49968293206782,
                31.54830306199938
              ],
              [
                32.49968293206782,
                31.548392893527794
              ],
              [
                32.49977276359623,
                31.548392893527794
              ],
              [
                32.49977276359623,
                31.54866238811303
              ],
              [
                32.49986259512465,
                31.54866238811303
              ],
              [
                32.49986259512465,
                31.548931882698266
              ],
              [
                32.49995242665306,
                31.548931882698266
              ],
              [
                32.49995242665306,
                31.54911154575509
              ],
              [
                32.500042258181466,
                31.54911154575509
              ],
              [
                32.500042258181466,
                31.549381040340325
              ],
              [
                32.50013208970988,
                31.549381040340325
              ],
              [
                32.50013208970988,
                31.550009861039207
              ],
              [
                32.500042258181466,
                31.550009861039207
              ],
              [
                32.500042258181466,
                31.550189524096034
              ],
              [
                32.49995242665306,
                31.550189524096034
              ],
              [
                32.49995242665306,
                31.550279355624443
              ],
              [
                32.49986259512465,
                31.550279355624443
              ],
              [
                32.49986259512465,
                31.550369187152857
              ],
              [
                32.49959310053941,
                31.550369187152857
              ],
              [
                32.49959310053941,
                31.55045901868127
              ],
              [
                32.49914394289735,
                31.55045901868127
              ],
              [
                32.49914394289735,
                31.55054885020968
              ],
              [
                32.49896427984053,
                31.55054885020968
              ],
              [
                32.49896427984053,
                31.550638681738093
              ],
              [
                32.4987846167837,
                31.550638681738093
              ],
              [
                32.4987846167837,
                31.550728513266503
              ],
              [
                32.49851512219847,
                31.550728513266503
              ],
              [
                32.49851512219847,
                31.550818344794916
              ],
              [
                32.49779646997117,
                31.550818344794916
              ]
            ]
          ]
        },
        "properties": {
          "area_km2": 0.222
        }
      },
      {
        "type": "Feature",
        "geometry": {
          "type": "Polygon",
          "coordinates": [
            [
              [
                32.50228804639177,
                31.543811485578782
              ],
              [
                32.50228804639177,
                31.543721654050373
              ],
              [
                32.50201855180653,
                31.543721654050373
              ],
              [
                32.50201855180653,
                31.54363182252196
              ],
              [
                32.50183888874971,
                31.54363182252196
              ],
              [
                32.50183888874971,
                31.54354199099355
              ],
              [
                32.501749057221296,
                31.54354199099355
              ],
              [
                32.501749057221296,
                31.543452159465136
              ],
              [
                32.50165922569288,
                31.543452159465136
              ],
              [
                32.50165922569288,
                31.543362327936723
              ],
              [
                32.50156939416447,
                31.543362327936723
              ],
              [
                32.50156939416447,
                31.543092833351487
              ],
              [
                32.501479562636064,
                31.543092833351487
              ],
              [
                32.501479562636064,
                31.542643675709428
              ],
              [
                32.50138973110765,
                31.542643675709428
              ],
              [
                32.50138973110765,
                31.54255384418102
              ],
              [
                32.50129989957924,
                31.54255384418102
              ],
              [
                32.50129989957924,
                31.542464012652605
              ],
              [
                32.501210068050824,
                31.542464012652605
              ],
              [
                32.501210068050824,
                31.542374181124192
              ],
              [
                32.501030404994,
                31.542374181124192
              ],
              [
                32.501030404994,
                31.542284349595782
              ],
              [
                32.50094057346559,
                31.542284349595782
              ],
              [
                32.50094057346559,
                31.54219451806737
              ],
              [
                32.50085074193718,
                31.54219451806737
              ],
              [
                32.50085074193718,
                31.542014855010546
              ],
              [
                32.500760910408765,
                31.542014855010546
              ],
              [
                32.500760910408765,
                31.54138603431166
              ],
              [
                32.50085074193718,
                31.54138603431166
              ],
              [
                32.50085074193718,
                31.541116539726424
              ],
              [
                32.50094057346559,
                31.541116539726424
              ],
              [
                32.50094057346559,
                31.541026708198014
              ],
              [
                32.501479562636064,
                31.541026708198014
              ],
              [
                32.501479562636064,
                31.541116539726424
              ],
              [
                32.50156939416447,
                31.541116539726424
              ],
              [
                32.50156939416447,
                31.541475865840074
              ],
              [
                32.50165922569288,
                31.541475865840074
              ],
              [
                32.50165922569288,
                31.541925023482133
              ],
              [
                32.501749057221296,
                31.541925023482133
              ],
              [
                32.501749057221296,
                31.542104686538956
              ],
              [
                32.50201855180653,
                31.542104686538956
              ],
              [
                32.50201855180653,
                31.54219451806737
              ],
              [
                32.502647372505415,
                31.54219451806737
              ],
              [
                32.502647372505415,
                31.542104686538956
              ],
              [
                32.503096530147474,
                31.542104686538956
              ],
              [
                32.503096530147474,
                31.542014855010546
              ],
              [
                32.50345585626113,
                31.542014855010546
              ],
              [
                32.50345585626113,
                31.541925023482133
              ],
              [
                32.50354568778953,
                31.541925023482133
              ],
              [
                32.50354568778953,
                31.54183519195372
              ],
              [
                32.50372535084636,
                31.54183519195372
              ],
              [
                32.50372535084636,
                31.54174536042531
              ],
              [
                32.50381518237477,
                31.54174536042531
              ],
              [
                32.50381518237477,
                31.541655528896896
              ],
              [
                32.50399484543159,
                31.541655528896896
              ],
              [
                32.50399484543159,
                31.54174536042531
              ],
              [
                32.50417450848842,
                31.54174536042531
              ],
              [
                32.50417450848842,
                31.54183519195372
              ],
              [
                32.50426434001683,
                31.54183519195372
              ],
              [
                32.50426434001683,
                31.541925023482133
              ],
              [
                32.504354171545245,
                31.541925023482133
              ],
              [
                32.504354171545245,
                31.542014855010546
              ],
              [
                32.50444400307366,
                31.542014855010546
              ],
              [
                32.50444400307366,
                31.542374181124192
              ],
              [
                32.504533834602064,
                31.542374181124192
              ],
              [
                32.504533834602064,
                31.543003001823077
              ],
              [
                32.50444400307366,
                31.543003001823077
              ],
              [
                32.50444400307366,
                31.5431826648799
              ],
              [
                32.504354171545245,
                31.5431826648799
              ],
              [
                32.504354171545245,
                31.543272496408314
              ],
              [
                32.50417450848842,
                31.543272496408314
              ],
              [
                32.50417450848842,
                31.543362327936723
              ],
              [
                32.504084676960005,
                31.543362327936723
              ],
              [
                32.504084676960005,
                31.543452159465136
              ],
              [
                32.50399484543159,
                31.543452159465136
              ],
              [
                32.50399484543159,
                31.54354199099355
              ],
              [
                32.50345585626113,
                31.54354199099355
              ],
              [
                32.50345585626113,
                31.54363182252196
              ],
              [
                32.50300669861906,
                31.54363182252196
              ],
              [
                32.50300669861906,
                31.543721654050373
              ],
              [
                32.50273720403383,
                31.543721654050373
              ],
              [
                32.50273720403383,
                31.543811485578782
              ],
              [
                32.50228804639177,
                31.543811485578782
              ]
            ]
          ]
        },
        "properties": {
          "area_km2": 0.071
        }
      },
      {
        "type": "Feature",
        "geometry": {
          "type": "Polygon",
          "coordinates": [
            [
              [
                32.50381518237477,
                31.53896058304454
              ],
              [
                32.50381518237477,
                31.538870751516125
              ],
              [
                32.503635519317946,
                31.538870751516125
              ],
              [
                32.503635519317946,
                31.538780919987715
              ],
              [
                32.50354568778953,
                31.538780919987715
              ],
              [
                32.50354568778953,
                31.538691088459302
              ],
              [
                32.50345585626113,
                31.538691088459302
              ],
              [
                32.50345585626113,
                31.53851142540248
              ],
              [
                32.50354568778953,
                31.53851142540248
              ],
              [
                32.50354568778953,
                31.538241930817243
              ],
              [
                32.503635519317946,
                31.538241930817243
              ],
              [
                32.503635519317946,
                31.53815209928883
              ],
              [
                32.50372535084636,
                31.53815209928883
              ],
              [
                32.50372535084636,
                31.53806226776042
              ],
              [
                32.50381518237477,
                31.53806226776042
              ],
              [
                32.50381518237477,
                31.537972436232007
              ],
              [
                32.50399484543159,
                31.537972436232007
              ],
              [
                32.50399484543159,
                31.537882604703594
              ],
              [
                32.50444400307366,
                31.537882604703594
              ],
              [
                32.50444400307366,
                31.53806226776042
              ],
              [
                32.504533834602064,
                31.53806226776042
              ],
              [
                32.504533834602064,
                31.53815209928883
              ],
              [
                32.50462366613048,
                31.53815209928883
              ],
              [
                32.50462366613048,
                31.53851142540248
              ],
              [
                32.504533834602064,
                31.53851142540248
              ],
              [
                32.504533834602064,
                31.538780919987715
              ],
              [
                32.50444400307366,
                31.538780919987715
              ],
              [
                32.50444400307366,
                31.538870751516125
              ],
              [
                32.50417450848842,
                31.538870751516125
              ],
              [
                32.50417450848842,
                31.53896058304454
              ],
              [
                32.50381518237477,
                31.53896058304454
              ]
            ]
          ]
        },
        "properties": {
          "area_km2": 0.012
        }
      },
      {
        "type": "Feature",
        "geometry": {
          "type": "Polygon",
          "coordinates": [
            [
              [
                32.483782751538904,
                31.537972436232007
              ],
              [
                32.483782751538904,
                31.537882604703594
              ],
              [
                32.4836929200105,
                31.537882604703594
              ],
              [
                32.4836929200105,
                31.537792773175184
              ],
              [
                32.483603088482084,
                31.537792773175184
              ],
              [
                32.483603088482084,
                31.537343615533125
              ],
              [
                32.48351325695367,
                31.537343615533125
              ],
              [
                32.48351325695367,
                31.536804626362652
              ],
              [
                32.483603088482084,
                31.536804626362652
              ],
              [
                32.483603088482084,
                31.536175805663767
              ],
              [
                32.4836929200105,
                31.536175805663767
              ],
              [
                32.4836929200105,
                31.535996142606944
              ],
              [
                32.483782751538904,
                31.535996142606944
              ],
              [
                32.483782751538904,
                31.53590631107853
              ],
              [
                32.48387258306732,
                31.53590631107853
              ],
              [
                32.48387258306732,
                31.53581647955012
              ],
              [
                32.48396241459573,
                31.53581647955012
              ],
              [
                32.48396241459573,
                31.535726648021708
              ],
              [
                32.48441157223779,
                31.535726648021708
              ],
              [
                32.48441157223779,
                31.53581647955012
              ],
              [
                32.4845014037662,
                31.53581647955012
              ],
              [
                32.4845014037662,
                31.53626563719218
              ],
              [
                32.48441157223779,
                31.53626563719218
              ],
              [
                32.48441157223779,
                31.537433447061535
              ],
              [
                32.484321740709376,
                31.537433447061535
              ],
              [
                32.484321740709376,
                31.53770294164677
              ],
              [
                32.48423190918096,
                31.53770294164677
              ],
              [
                32.48423190918096,
                31.537882604703594
              ],
              [
                32.48414207765256,
                31.537882604703594
              ],
              [
                32.48414207765256,
                31.537972436232007
              ],
              [
                32.483782751538904,
                31.537972436232007
              ]
            ]
          ]
        },
        "properties": {
          "area_km2": 0.021
        }
      },
      {
        "type": "Feature",
        "geometry": {
          "type": "Polygon",
          "coordinates": [
            [
              [
                32.5070491173976,
                31.538870751516125
              ],
              [
                32.5070491173976,
                31.538780919987715
              ],
              [
                32.50677962281237,
                31.538780919987715
              ],
              [
                32.50677962281237,
                31.538691088459302
              ],
              [
                32.506689791283954,
                31.538691088459302
              ],
              [
                32.506689791283954,
                31.53860125693089
              ],
              [
                32.50659995975554,
                31.53860125693089
              ],
              [
                32.50659995975554,
                31.53851142540248
              ],
              [
                32.50651012822713,
                31.53851142540248
              ],
              [
                32.50651012822713,
                31.538421593874066
              ],
              [
                32.50642029669872,
                31.538421593874066
              ],
              [
                32.50642029669872,
                31.538331762345656
              ],
              [
                32.50633046517031,
                31.538331762345656
              ],
              [
                32.50633046517031,
                31.538241930817243
              ],
              [
                32.506240633641895,
                31.538241930817243
              ],
              [
                32.506240633641895,
                31.53815209928883
              ],
              [
                32.50615080211348,
                31.53815209928883
              ],
              [
                32.50615080211348,
                31.537972436232007
              ],
              [
                32.50606097058507,
                31.537972436232007
              ],
              [
                32.50606097058507,
                31.537882604703594
              ],
              [
                32.505971139056655,
                31.537882604703594
              ],
              [
                32.505971139056655,
                31.537792773175184
              ],
              [
                32.50588130752825,
                31.537792773175184
              ],
              [
                32.50588130752825,
                31.537613110118357
              ],
              [
                32.505791475999835,
                31.537613110118357
              ],
              [
                32.505791475999835,
                31.537523278589948
              ],
              [
                32.50570164447142,
                31.537523278589948
              ],
              [
                32.50570164447142,
                31.537433447061535
              ],
              [
                32.50561181294301,
                31.537433447061535
              ],
              [
                32.50561181294301,
                31.537343615533125
              ],
              [
                32.505521981414596,
                31.537343615533125
              ],
              [
                32.505521981414596,
                31.5371639524763
              ],
              [
                32.50543214988619,
                31.5371639524763
              ],
              [
                32.50543214988619,
                31.536624963305826
              ],
              [
                32.505521981414596,
                31.536624963305826
              ],
              [
                32.505521981414596,
                31.536085974135357
              ],
              [
                32.50561181294301,
                31.536085974135357
              ],
              [
                32.50561181294301,
                31.53581647955012
              ],
              [
                32.50570164447142,
                31.53581647955012
              ],
              [
                32.50570164447142,
                31.535636816493295
              ],
              [
                32.505791475999835,
                31.535636816493295
              ],
              [
                32.505791475999835,
                31.535546984964885
              ],
              [
                32.50588130752825,
                31.535546984964885
              ],
              [
                32.50588130752825,
                31.53545715343647
              ],
              [
                32.505971139056655,
                31.53545715343647
              ],
              [
                32.505971139056655,
                31.535367321908062
              ],
              [
                32.50606097058507,
                31.535367321908062
              ],
              [
                32.50606097058507,
                31.53527749037965
              ],
              [
                32.506240633641895,
                31.53527749037965
              ],
              [
                32.506240633641895,
                31.535187658851235
              ],
              [
                32.50651012822713,
                31.535187658851235
              ],
              [
                32.50651012822713,
                31.535097827322826
              ],
              [
                32.50677962281237,
                31.535097827322826
              ],
              [
                32.50677962281237,
                31.535007995794412
              ],
              [
                32.5070491173976,
                31.535007995794412
              ],
              [
                32.5070491173976,
                31.534918164266
              ],
              [
                32.50794743268172,
                31.534918164266
              ],
              [
                32.50794743268172,
                31.53482833273759
              ],
              [
                32.50848642185219,
                31.53482833273759
              ],
              [
                32.50848642185219,
                31.534738501209176
              ],
              [
                32.50875591643743,
                31.534738501209176
              ],
              [
                32.50875591643743,
                31.534648669680763
              ],
              [
                32.50902541102266,
                31.534648669680763
              ],
              [
                32.50902541102266,
                31.534558838152353
              ],
              [
                32.51019322089202,
                31.534558838152353
              ],
              [
                32.51019322089202,
                31.534648669680763
              ],
              [
                32.510283052420434,
                31.534648669680763
              ],
              [
                32.510283052420434,
                31.534738501209176
              ],
              [
                32.51046271547725,
                31.534738501209176
              ],
              [
                32.51046271547725,
                31.53482833273759
              ],
              [
                32.51091187311931,
                31.53482833273759
              ],
              [
                32.51091187311931,
                31.534918164266
              ],
              [
                32.51118136770455,
                31.534918164266
              ],
              [
                32.51118136770455,
                31.535007995794412
              ],
              [
                32.511271199232965,
                31.535007995794412
              ],
              [
                32.511271199232965,
                31.535097827322826
              ],
              [
                32.51136103076138,
                31.535097827322826
              ],
              [
                32.51136103076138,
                31.535187658851235
              ],
              [
                32.5115406938182,
                31.535187658851235
              ],
              [
                32.5115406938182,
                31.53527749037965
              ],
              [
                32.51163052534661,
                31.53527749037965
              ],
              [
                32.51163052534661,
                31.535367321908062
              ],
              [
                32.511720356875024,
                31.535367321908062
              ],
              [
                32.511720356875024,
                31.535996142606944
              ],
              [
                32.51163052534661,
                31.535996142606944
              ],
              [
                32.51163052534661,
                31.53626563719218
              ],
              [
                32.5115406938182,
                31.53626563719218
              ],
              [
                32.5115406938182,
                31.536355468720593
              ],
              [
                32.511450862289784,
                31.536355468720593
              ],
              [
                32.511450862289784,
                31.536445300249003
              ],
              [
                32.51136103076138,
                31.536445300249003
              ],
              [
                32.51136103076138,
                31.536624963305826
              ],
              [
                32.511271199232965,
                31.536624963305826
              ],
              [
                32.511271199232965,
                31.53671479483424
              ],
              [
                32.51118136770455,
                31.53671479483424
              ],
              [
                32.51118136770455,
                31.536804626362652
              ],
              [
                32.51109153617614,
                31.536804626362652
              ],
              [
                32.51109153617614,
                31.536894457891062
              ],
              [
                32.511001704647725,
                31.536894457891062
              ],
              [
                32.511001704647725,
                31.53707412094789
              ],
              [
                32.51091187311931,
                31.53707412094789
              ],
              [
                32.51091187311931,
                31.5371639524763
              ],
              [
                32.510822041590906,
                31.5371639524763
              ],
              [
                32.510822041590906,
                31.53725378400471
              ],
              [
                32.51073221006249,
                31.53725378400471
              ],
              [
                32.51073221006249,
                31.537343615533125
              ],
              [
                32.51064237853408,
                31.537343615533125
              ],
              [
                32.51064237853408,
                31.537433447061535
              ],
              [
                32.51046271547725,
                31.537433447061535
              ],
              [
                32.51046271547725,
                31.537523278589948
              ],
              [
                32.510283052420434,
                31.537523278589948
              ],
              [
                32.510283052420434,
                31.53770294164677
              ],
              [
                32.51019322089202,
                31.53770294164677
              ],
              [
                32.51019322089202,
                31.537792773175184
              ],
              [
                32.50992372630678,
                31.537792773175184
              ],
              [
                32.50992372630678,
                31.537882604703594
              ],
              [
                32.509564400193135,
                31.537882604703594
              ],
              [
                32.509564400193135,
                31.537972436232007
              ],
              [
                32.509384737136315,
                31.537972436232007
              ],
              [
                32.509384737136315,
                31.53806226776042
              ],
              [
                32.5092949056079,
                31.53806226776042
              ],
              [
                32.5092949056079,
                31.53815209928883
              ],
              [
                32.50893557949425,
                31.53815209928883
              ],
              [
                32.50893557949425,
                31.538241930817243
              ],
              [
                32.50866608490902,
                31.538241930817243
              ],
              [
                32.50866608490902,
                31.538331762345656
              ],
              [
                32.50848642185219,
                31.538331762345656
              ],
              [
                32.50848642185219,
                31.538421593874066
              ],
              [
                32.50830675879537,
                31.538421593874066
              ],
              [
                32.50830675879537,
                31.53851142540248
              ],
              [
                32.50794743268172,
                31.53851142540248
              ],
              [
                32.50794743268172,
                31.53860125693089
              ],
              [
                32.50749827503966,
                31.53860125693089
              ],
              [
                32.50749827503966,
                31.538691088459302
              ],
              [
                32.50731861198284,
                31.538691088459302
              ],
              [
                32.50731861198284,
                31.538780919987715
              ],
              [
                32.50713894892601,
                31.538780919987715
              ],
              [
                32.50713894892601,
                31.538870751516125
              ],
              [
                32.5070491173976,
                31.538870751516125
              ]
            ]
          ]
        },
        "properties": {
          "area_km2": 0.232
        }
      },
      {
        "type": "Feature",
        "geometry": {
          "type": "Polygon",
          "coordinates": [
            [
              [
                32.509564400193135,
                31.529438441032873
              ],
              [
                32.509564400193135,
                31.52934860950446
              ],
              [
                32.50920507407949,
                31.52934860950446
              ],
              [
                32.50920507407949,
                31.529258777976047
              ],
              [
                32.5085762533806,
                31.529258777976047
              ],
              [
                32.5085762533806,
                31.529168946447637
              ],
              [
                32.50830675879537,
                31.529168946447637
              ],
              [
                32.50830675879537,
                31.529079114919224
              ],
              [
                32.508127095738544,
                31.529079114919224
              ],
              [
                32.508127095738544,
                31.52898928339081
              ],
              [
                32.50803726421013,
                31.52898928339081
              ],
              [
                32.50803726421013,
                31.528809620333988
              ],
              [
                32.50794743268172,
                31.528809620333988
              ],
              [
                32.50794743268172,
                31.52854012574875
              ],
              [
                32.50785760115331,
                31.52854012574875
              ],
              [
                32.50785760115331,
                31.527641810464633
              ],
              [
                32.5077677696249,
                31.527641810464633
              ],
              [
                32.5077677696249,
                31.52710282129416
              ],
              [
                32.50785760115331,
                31.52710282129416
              ],
              [
                32.50785760115331,
                31.52674349518051
              ],
              [
                32.50794743268172,
                31.52674349518051
              ],
              [
                32.50794743268172,
                31.526384169066866
              ],
              [
                32.50803726421013,
                31.526384169066866
              ],
              [
                32.50803726421013,
                31.526024842953216
              ],
              [
                32.508127095738544,
                31.526024842953216
              ],
              [
                32.508127095738544,
                31.525935011424806
              ],
              [
                32.50821692726696,
                31.525935011424806
              ],
              [
                32.50821692726696,
                31.525845179896393
              ],
              [
                32.50830675879537,
                31.525845179896393
              ],
              [
                32.50830675879537,
                31.52575534836798
              ],
              [
                32.508396590323784,
                31.52575534836798
              ],
              [
                32.508396590323784,
                31.525396022254334
              ],
              [
                32.50830675879537,
                31.525396022254334
              ],
              [
                32.50830675879537,
                31.52530619072592
              ],
              [
                32.508127095738544,
                31.52530619072592
              ],
              [
                32.508127095738544,
                31.525126527669098
              ],
              [
                32.50803726421013,
                31.525126527669098
              ],
              [
                32.50803726421013,
                31.52476720155545
              ],
              [
                32.50794743268172,
                31.52476720155545
              ],
              [
                32.50794743268172,
                31.523779054742917
              ],
              [
                32.50803726421013,
                31.523779054742917
              ],
              [
                32.50803726421013,
                31.523509560157684
              ],
              [
                32.508127095738544,
                31.523509560157684
              ],
              [
                32.508127095738544,
                31.52341972862927
              ],
              [
                32.50830675879537,
                31.52341972862927
              ],
              [
                32.50830675879537,
                31.523329897100858
              ],
              [
                32.50848642185219,
                31.523329897100858
              ],
              [
                32.50848642185219,
                31.52324006557245
              ],
              [
                32.50875591643743,
                31.52324006557245
              ],
              [
                32.50875591643743,
                31.523329897100858
              ],
              [
                32.50884574796584,
                31.523329897100858
              ],
              [
                32.50884574796584,
                31.52341972862927
              ],
              [
                32.50902541102266,
                31.52341972862927
              ],
              [
                32.50902541102266,
                31.523509560157684
              ],
              [
                32.509115242551076,
                31.523509560157684
              ],
              [
                32.509115242551076,
                31.523599391686094
              ],
              [
                32.50920507407949,
                31.523599391686094
              ],
              [
                32.50920507407949,
                31.523689223214507
              ],
              [
                32.5092949056079,
                31.523689223214507
              ],
              [
                32.5092949056079,
                31.523779054742917
              ],
              [
                32.509384737136315,
                31.523779054742917
              ],
              [
                32.509384737136315,
                31.52386888627133
              ],
              [
                32.50947456866472,
                31.52386888627133
              ],
              [
                32.50947456866472,
                31.524407875441803
              ],
              [
                32.509384737136315,
                31.524407875441803
              ],
              [
                32.509384737136315,
                31.524587538498626
              ],
              [
                32.5092949056079,
                31.524587538498626
              ],
              [
                32.5092949056079,
                31.52467737002704
              ],
              [
                32.50920507407949,
                31.52467737002704
              ],
              [
                32.50920507407949,
                31.524857033083862
              ],
              [
                32.509115242551076,
                31.524857033083862
              ],
              [
                32.509115242551076,
                31.524946864612275
              ],
              [
                32.50902541102266,
                31.524946864612275
              ],
              [
                32.50902541102266,
                31.525036696140685
              ],
              [
                32.50893557949425,
                31.525036696140685
              ],
              [
                32.50893557949425,
                31.525126527669098
              ],
              [
                32.50884574796584,
                31.525126527669098
              ],
              [
                32.50884574796584,
                31.52530619072592
              ],
              [
                32.50875591643743,
                31.52530619072592
              ],
              [
                32.50875591643743,
                31.525396022254334
              ],
              [
                32.50866608490902,
                31.525396022254334
              ],
              [
                32.50866608490902,
                31.52575534836798
              ],
              [
                32.50875591643743,
                31.52575534836798
              ],
              [
                32.50875591643743,
                31.525845179896393
              ],
              [
                32.50884574796584,
                31.525845179896393
              ],
              [
                32.50884574796584,
                31.525935011424806
              ],
              [
                32.50893557949425,
                31.525935011424806
              ],
              [
                32.50893557949425,
                31.526024842953216
              ],
              [
                32.509115242551076,
                31.526024842953216
              ],
              [
                32.509115242551076,
                31.52611467448163
              ],
              [
                32.50920507407949,
                31.52611467448163
              ],
              [
                32.50920507407949,
                31.526204506010043
              ],
              [
                32.509384737136315,
                31.526204506010043
              ],
              [
                32.509384737136315,
                31.526294337538452
              ],
              [
                32.509564400193135,
                31.526294337538452
              ],
              [
                32.509564400193135,
                31.526384169066866
              ],
              [
                32.50965423172155,
                31.526384169066866
              ],
              [
                32.50965423172155,
                31.52647400059528
              ],
              [
                32.50974406324996,
                31.52647400059528
              ],
              [
                32.50974406324996,
                31.52656383212369
              ],
              [
                32.50992372630678,
                31.52656383212369
              ],
              [
                32.50992372630678,
                31.5266536636521
              ],
              [
                32.510013557835194,
                31.5266536636521
              ],
              [
                32.510013557835194,
                31.52674349518051
              ],
              [
                32.51010338936361,
                31.52674349518051
              ],
              [
                32.51010338936361,
                31.526833326708925
              ],
              [
                32.51019322089202,
                31.526833326708925
              ],
              [
                32.51019322089202,
                31.526923158237338
              ],
              [
                32.510283052420434,
                31.526923158237338
              ],
              [
                32.510283052420434,
                31.52710282129416
              ],
              [
                32.51037288394885,
                31.52710282129416
              ],
              [
                32.51037288394885,
                31.527282484350984
              ],
              [
                32.510552547005666,
                31.527282484350984
              ],
              [
                32.510552547005666,
                31.527372315879397
              ],
              [
                32.51064237853408,
                31.527372315879397
              ],
              [
                32.51064237853408,
                31.52746214740781
              ],
              [
                32.510822041590906,
                31.52746214740781
              ],
              [
                32.510822041590906,
                31.52755197893622
              ],
              [
                32.511001704647725,
                31.52755197893622
              ],
              [
                32.511001704647725,
                31.527641810464633
              ],
              [
                32.511450862289784,
                31.527641810464633
              ],
              [
                32.511450862289784,
                31.527731641993043
              ],
              [
                32.51163052534661,
                31.527731641993043
              ],
              [
                32.51163052534661,
                31.527821473521456
              ],
              [
                32.511720356875024,
                31.527821473521456
              ],
              [
                32.511720356875024,
                31.52791130504987
              ],
              [
                32.51181018840344,
                31.52791130504987
              ],
              [
                32.51181018840344,
                31.52800113657828
              ],
              [
                32.51198985146026,
                31.52800113657828
              ],
              [
                32.51198985146026,
                31.528090968106692
              ],
              [
                32.51216951451708,
                31.528090968106692
              ],
              [
                32.51216951451708,
                31.528180799635106
              ],
              [
                32.5122593460455,
                31.528180799635106
              ],
              [
                32.5122593460455,
                31.528270631163515
              ],
              [
                32.51234917757391,
                31.528270631163515
              ],
              [
                32.51234917757391,
                31.52854012574875
              ],
              [
                32.512439009102316,
                31.52854012574875
              ],
              [
                32.512439009102316,
                31.528719788805574
              ],
              [
                32.51234917757391,
                31.528719788805574
              ],
              [
                32.51234917757391,
                31.528809620333988
              ],
              [
                32.5122593460455,
                31.528809620333988
              ],
              [
                32.5122593460455,
                31.5288994518624
              ],
              [
                32.51216951451708,
                31.5288994518624
              ],
              [
                32.51216951451708,
                31.52898928339081
              ],
              [
                32.51207968298867,
                31.52898928339081
              ],
              [
                32.51207968298867,
                31.529079114919224
              ],
              [
                32.51198985146026,
                31.529079114919224
              ],
              [
                32.51198985146026,
                31.529168946447637
              ],
              [
                32.51190001993184,
                31.529168946447637
              ],
              [
                32.51190001993184,
                31.529258777976047
              ],
              [
                32.51163052534661,
                31.529258777976047
              ],
              [
                32.51163052534661,
                31.52934860950446
              ],
              [
                32.511450862289784,
                31.52934860950446
              ],
              [
                32.511450862289784,
                31.529438441032873
              ],
              [
                32.509564400193135,
                31.529438441032873
              ]
            ]
          ]
        },
        "properties": {
          "area_km2": 0.165
        }
      },
      {
        "type": "Feature",
        "geometry": {
          "type": "Polygon",
          "coordinates": [
            [
              [
                32.516481427880855,
                31.523779054742917
              ],
              [
                32.516481427880855,
                31.523689223214507
              ],
              [
                32.516301764824036,
                31.523689223214507
              ],
              [
                32.516301764824036,
                31.523599391686094
              ],
              [
                32.51612210176721,
                31.523599391686094
              ],
              [
                32.51612210176721,
                31.523509560157684
              ],
              [
                32.51585260718197,
                31.523509560157684
              ],
              [
                32.51585260718197,
                31.52341972862927
              ],
              [
                32.51567294412515,
                31.52341972862927
              ],
              [
                32.51567294412515,
                31.523329897100858
              ],
              [
                32.51549328106832,
                31.523329897100858
              ],
              [
                32.51549328106832,
                31.52324006557245
              ],
              [
                32.51540344953991,
                31.52324006557245
              ],
              [
                32.51540344953991,
                31.523150234044035
              ],
              [
                32.51513395495468,
                31.523150234044035
              ],
              [
                32.51513395495468,
                31.523060402515622
              ],
              [
                32.51495429189785,
                31.523060402515622
              ],
              [
                32.51495429189785,
                31.522970570987212
              ],
              [
                32.51477462884103,
                31.522970570987212
              ],
              [
                32.51477462884103,
                31.5228807394588
              ],
              [
                32.514594965784205,
                31.5228807394588
              ],
              [
                32.514594965784205,
                31.522790907930386
              ],
              [
                32.51432547119897,
                31.522790907930386
              ],
              [
                32.51432547119897,
                31.522701076401976
              ],
              [
                32.514145808142146,
                31.522701076401976
              ],
              [
                32.514145808142146,
                31.522611244873563
              ],
              [
                32.51405597661373,
                31.522611244873563
              ],
              [
                32.51405597661373,
                31.52252141334515
              ],
              [
                32.51396614508532,
                31.52252141334515
              ],
              [
                32.51396614508532,
                31.52243158181674
              ],
              [
                32.513876313556906,
                31.52243158181674
              ],
              [
                32.513876313556906,
                31.522341750288327
              ],
              [
                32.5137864820285,
                31.522341750288327
              ],
              [
                32.5137864820285,
                31.522162087231504
              ],
              [
                32.51369665050009,
                31.522162087231504
              ],
              [
                32.51369665050009,
                31.521533266532618
              ],
              [
                32.513606818971674,
                31.521533266532618
              ],
              [
                32.513606818971674,
                31.52099427736215
              ],
              [
                32.51351698744326,
                31.52099427736215
              ],
              [
                32.51351698744326,
                31.520455288191677
              ],
              [
                32.51342715591485,
                31.520455288191677
              ],
              [
                32.51342715591485,
                31.519467141379145
              ],
              [
                32.51351698744326,
                31.519467141379145
              ],
              [
                32.51351698744326,
                31.51919764679391
              ],
              [
                32.513606818971674,
                31.51919764679391
              ],
              [
                32.513606818971674,
                31.518928152208673
              ],
              [
                32.51369665050009,
                31.518928152208673
              ],
              [
                32.51369665050009,
                31.51874848915185
              ],
              [
                32.5137864820285,
                31.51874848915185
              ],
              [
                32.5137864820285,
                31.518568826095024
              ],
              [
                32.51396614508532,
                31.518568826095024
              ],
              [
                32.51396614508532,
                31.518478994566614
              ],
              [
                32.51405597661373,
                31.518478994566614
              ],
              [
                32.51405597661373,
                31.518568826095024
              ],
              [
                32.51441530272738,
                31.518568826095024
              ],
              [
                32.51441530272738,
                31.518658657623437
              ],
              [
                32.514594965784205,
                31.518658657623437
              ],
              [
                32.514594965784205,
                31.51874848915185
              ],
              [
                32.51477462884103,
                31.51874848915185
              ],
              [
                32.51477462884103,
                31.51883832068026
              ],
              [
                32.51495429189785,
                31.51883832068026
              ],
              [
                32.51495429189785,
                31.518928152208673
              ],
              [
                32.51513395495468,
                31.518928152208673
              ],
              [
                32.51513395495468,
                31.519017983737086
              ],
              [
                32.51558311259674,
                31.519017983737086
              ],
              [
                32.51558311259674,
                31.519107815265496
              ],
              [
                32.51585260718197,
                31.519107815265496
              ],
              [
                32.51585260718197,
                31.51919764679391
              ],
              [
                32.51594243871038,
                31.51919764679391
              ],
              [
                32.51594243871038,
                31.519377309850732
              ],
              [
                32.516032270238796,
                31.519377309850732
              ],
              [
                32.516032270238796,
                31.519467141379145
              ],
              [
                32.51621193329562,
                31.519467141379145
              ],
              [
                32.51621193329562,
                31.519556972907555
              ],
              [
                32.516301764824036,
                31.519556972907555
              ],
              [
                32.516301764824036,
                31.51982646749279
              ],
              [
                32.51639159635244,
                31.51982646749279
              ],
              [
                32.51639159635244,
                31.520095962078027
              ],
              [
                32.516481427880855,
                31.520095962078027
              ],
              [
                32.516481427880855,
                31.52018579360644
              ],
              [
                32.51657125940927,
                31.52018579360644
              ],
              [
                32.51657125940927,
                31.520365456663264
              ],
              [
                32.51666109093768,
                31.520365456663264
              ],
              [
                32.51666109093768,
                31.520545119720087
              ],
              [
                32.516750922466095,
                31.520545119720087
              ],
              [
                32.516750922466095,
                31.520724782776913
              ],
              [
                32.51684075399451,
                31.520724782776913
              ],
              [
                32.51684075399451,
                31.520814614305323
              ],
              [
                32.5175594062218,
                31.520814614305323
              ],
              [
                32.5175594062218,
                31.520724782776913
              ],
              [
                32.51782890080704,
                31.520724782776913
              ],
              [
                32.51782890080704,
                31.5206349512485
              ],
              [
                32.51800856386386,
                31.5206349512485
              ],
              [
                32.51800856386386,
                31.520545119720087
              ],
              [
                32.51989502596051,
                31.520545119720087
              ],
              [
                32.51989502596051,
                31.5206349512485
              ],
              [
                32.51998485748892,
                31.5206349512485
              ],
              [
                32.51998485748892,
                31.520724782776913
              ],
              [
                32.520074689017335,
                31.520724782776913
              ],
              [
                32.520074689017335,
                31.520814614305323
              ],
              [
                32.52016452054575,
                31.520814614305323
              ],
              [
                32.52016452054575,
                31.520904445833736
              ],
              [
                32.52025435207416,
                31.520904445833736
              ],
              [
                32.52025435207416,
                31.52108410889056
              ],
              [
                32.52034418360257,
                31.52108410889056
              ],
              [
                32.52034418360257,
                31.521353603475795
              ],
              [
                32.52025435207416,
                31.521353603475795
              ],
              [
                32.52025435207416,
                31.52162309806103
              ],
              [
                32.52016452054575,
                31.52162309806103
              ],
              [
                32.52016452054575,
                31.521712929589444
              ],
              [
                32.51998485748892,
                31.521712929589444
              ],
              [
                32.51998485748892,
                31.521892592646267
              ],
              [
                32.51989502596051,
                31.521892592646267
              ],
              [
                32.51989502596051,
                31.52198242417468
              ],
              [
                32.51971536290369,
                31.52198242417468
              ],
              [
                32.51971536290369,
                31.52207225570309
              ],
              [
                32.51953569984686,
                31.52207225570309
              ],
              [
                32.51953569984686,
                31.522162087231504
              ],
              [
                32.51944586831845,
                31.522162087231504
              ],
              [
                32.51944586831845,
                31.522251918759917
              ],
              [
                32.519356036790036,
                31.522251918759917
              ],
              [
                32.519356036790036,
                31.522341750288327
              ],
              [
                32.51926620526163,
                31.522341750288327
              ],
              [
                32.51926620526163,
                31.52243158181674
              ],
              [
                32.51917637373322,
                31.52243158181674
              ],
              [
                32.51917637373322,
                31.52252141334515
              ],
              [
                32.5190865422048,
                31.52252141334515
              ],
              [
                32.5190865422048,
                31.522611244873563
              ],
              [
                32.51899671067639,
                31.522611244873563
              ],
              [
                32.51899671067639,
                31.522701076401976
              ],
              [
                32.51890687914798,
                31.522701076401976
              ],
              [
                32.51890687914798,
                31.522790907930386
              ],
              [
                32.51881704761957,
                31.522790907930386
              ],
              [
                32.51881704761957,
                31.5228807394588
              ],
              [
                32.51872721609116,
                31.5228807394588
              ],
              [
                32.51872721609116,
                31.522970570987212
              ],
              [
                32.518637384562744,
                31.522970570987212
              ],
              [
                32.518637384562744,
                31.523060402515622
              ],
              [
                32.51845772150592,
                31.523060402515622
              ],
              [
                32.51845772150592,
                31.523150234044035
              ],
              [
                32.5182780584491,
                31.523150234044035
              ],
              [
                32.5182780584491,
                31.52324006557245
              ],
              [
                32.518188226920685,
                31.52324006557245
              ],
              [
                32.518188226920685,
                31.523329897100858
              ],
              [
                32.51800856386386,
                31.523329897100858
              ],
              [
                32.51800856386386,
                31.52341972862927
              ],
              [
                32.51782890080704,
                31.52341972862927
              ],
              [
                32.51782890080704,
                31.523509560157684
              ],
              [
                32.5175594062218,
                31.523509560157684
              ],
              [
                32.5175594062218,
                31.523599391686094
              ],
              [
                32.517469574693386,
                31.523599391686094
              ],
              [
                32.517469574693386,
                31.523689223214507
              ],
              [
                32.51737974316497,
                31.523689223214507
              ],
              [
                32.51737974316497,
                31.523779054742917
              ],
              [
                32.516481427880855,
                31.523779054742917
              ]
            ]
          ]
        },
        "properties": {
          "area_km2": 0.258
        }
      },
      {
        "type": "Feature",
        "geometry": {
          "type": "Polygon",
          "coordinates": [
            [
              [
                32.51109153617614,
                31.51794000539614
              ],
              [
                32.51109153617614,
                31.51785017386773
              ],
              [
                32.51091187311931,
                31.51785017386773
              ],
              [
                32.51091187311931,
                31.51776034233932
              ],
              [
                32.51073221006249,
                31.51776034233932
              ],
              [
                32.51073221006249,
                31.517670510810905
              ],
              [
                32.510552547005666,
                31.517670510810905
              ],
              [
                32.510552547005666,
                31.517580679282492
              ],
              [
                32.51046271547725,
                31.517580679282492
              ],
              [
                32.51046271547725,
                31.51740101622567
              ],
              [
                32.51037288394885,
                31.51740101622567
              ],
              [
                32.51037288394885,
                31.51731118469726
              ],
              [
                32.510283052420434,
                31.51731118469726
              ],
              [
                32.510283052420434,
                31.517221353168846
              ],
              [
                32.51019322089202,
                31.517221353168846
              ],
              [
                32.51019322089202,
                31.516862027055197
              ],
              [
                32.51010338936361,
                31.516862027055197
              ],
              [
                32.51010338936361,
                31.51659253246996
              ],
              [
                32.51019322089202,
                31.51659253246996
              ],
              [
                32.51019322089202,
                31.51551455412902
              ],
              [
                32.510283052420434,
                31.51551455412902
              ],
              [
                32.510283052420434,
                31.515334891072197
              ],
              [
                32.51037288394885,
                31.515334891072197
              ],
              [
                32.51037288394885,
                31.515245059543783
              ],
              [
                32.51046271547725,
                31.515245059543783
              ],
              [
                32.51046271547725,
                31.51515522801537
              ],
              [
                32.510552547005666,
                31.51515522801537
              ],
              [
                32.510552547005666,
                31.51506539648696
              ],
              [
                32.51064237853408,
                31.51506539648696
              ],
              [
                32.51064237853408,
                31.514975564958547
              ],
              [
                32.51073221006249,
                31.514975564958547
              ],
              [
                32.51073221006249,
                31.514885733430134
              ],
              [
                32.510822041590906,
                31.514885733430134
              ],
              [
                32.510822041590906,
                31.514795901901724
              ],
              [
                32.511001704647725,
                31.514795901901724
              ],
              [
                32.511001704647725,
                31.51470607037331
              ],
              [
                32.51163052534661,
                31.51470607037331
              ],
              [
                32.51163052534661,
                31.514795901901724
              ],
              [
                32.51181018840344,
                31.514795901901724
              ],
              [
                32.51181018840344,
                31.514885733430134
              ],
              [
                32.51190001993184,
                31.514885733430134
              ],
              [
                32.51190001993184,
                31.514975564958547
              ],
              [
                32.51198985146026,
                31.514975564958547
              ],
              [
                32.51198985146026,
                31.515245059543783
              ],
              [
                32.51207968298867,
                31.515245059543783
              ],
              [
                32.51207968298867,
                31.51560438565743
              ],
              [
                32.51216951451708,
                31.51560438565743
              ],
              [
                32.51216951451708,
                31.515784048714256
              ],
              [
                32.5122593460455,
                31.515784048714256
              ],
              [
                32.5122593460455,
                31.515873880242665
              ],
              [
                32.51234917757391,
                31.515873880242665
              ],
              [
                32.51234917757391,
                31.5161433748279
              ],
              [
                32.512439009102316,
                31.5161433748279
              ],
              [
                32.512439009102316,
                31.516233206356315
              ],
              [
                32.51252884063073,
                31.516233206356315
              ],
              [
                32.51252884063073,
                31.516412869413138
              ],
              [
                32.51261867215914,
                31.516412869413138
              ],
              [
                32.51261867215914,
                31.51650270094155
              ],
              [
                32.512708503687556,
                31.51650270094155
              ],
              [
                32.512708503687556,
                31.51659253246996
              ],
              [
                32.51279833521597,
                31.51659253246996
              ],
              [
                32.51279833521597,
                31.516772195526787
              ],
              [
                32.512888166744375,
                31.516772195526787
              ],
              [
                32.512888166744375,
                31.51695185858361
              ],
              [
                32.51297799827279,
                31.51695185858361
              ],
              [
                32.51297799827279,
                31.517221353168846
              ],
              [
                32.512888166744375,
                31.517221353168846
              ],
              [
                32.512888166744375,
                31.51740101622567
              ],
              [
                32.51279833521597,
                31.51740101622567
              ],
              [
                32.51279833521597,
                31.517490847754082
              ],
              [
                32.512708503687556,
                31.517490847754082
              ],
              [
                32.512708503687556,
                31.517580679282492
              ],
              [
                32.51261867215914,
                31.517580679282492
              ],
              [
                32.51261867215914,
                31.517670510810905
              ],
              [
                32.512439009102316,
                31.517670510810905
              ],
              [
                32.512439009102316,
                31.51776034233932
              ],
              [
                32.51207968298867,
                31.51776034233932
              ],
              [
                32.51207968298867,
                31.51785017386773
              ],
              [
                32.511720356875024,
                31.51785017386773
              ],
              [
                32.511720356875024,
                31.51794000539614
              ],
              [
                32.51109153617614,
                31.51794000539614
              ]
            ]
          ]
        },
        "properties": {
          "area_km2": 0.081
        }
      },
      {
        "type": "Feature",
        "geometry": {
          "type": "Polygon",
          "coordinates": [
            [
              [
                32.517739069278626,
                31.511741629935717
              ],
              [
                32.517739069278626,
                31.511651798407303
              ],
              [
                32.51657125940927,
                31.511651798407303
              ],
              [
                32.51657125940927,
                31.511561966878894
              ],
              [
                32.51639159635244,
                31.511561966878894
              ],
              [
                32.51639159635244,
                31.51147213535048
              ],
              [
                32.51621193329562,
                31.51147213535048
              ],
              [
                32.51621193329562,
                31.511292472293658
              ],
              [
                32.516301764824036,
                31.511292472293658
              ],
              [
                32.516301764824036,
                31.511202640765244
              ],
              [
                32.51639159635244,
                31.511202640765244
              ],
              [
                32.51639159635244,
                31.51102297770842
              ],
              [
                32.516481427880855,
                31.51102297770842
              ],
              [
                32.516481427880855,
                31.510933146180008
              ],
              [
                32.51666109093768,
                31.510933146180008
              ],
              [
                32.51666109093768,
                31.5108433146516
              ],
              [
                32.51684075399451,
                31.5108433146516
              ],
              [
                32.51684075399451,
                31.510753483123185
              ],
              [
                32.517200080108154,
                31.510753483123185
              ],
              [
                32.517200080108154,
                31.510663651594772
              ],
              [
                32.51728991163657,
                31.510663651594772
              ],
              [
                32.51728991163657,
                31.510573820066362
              ],
              [
                32.517469574693386,
                31.510573820066362
              ],
              [
                32.517469574693386,
                31.51048398853795
              ],
              [
                32.51764923775021,
                31.51048398853795
              ],
              [
                32.51764923775021,
                31.51039415700954
              ],
              [
                32.51782890080704,
                31.51039415700954
              ],
              [
                32.51782890080704,
                31.510304325481126
              ],
              [
                32.517918732335445,
                31.510304325481126
              ],
              [
                32.517918732335445,
                31.510214493952713
              ],
              [
                32.51800856386386,
                31.510214493952713
              ],
              [
                32.51800856386386,
                31.510124662424303
              ],
              [
                32.51809839539227,
                31.510124662424303
              ],
              [
                32.51809839539227,
                31.51003483089589
              ],
              [
                32.518188226920685,
                31.51003483089589
              ],
              [
                32.518188226920685,
                31.509944999367477
              ],
              [
                32.51845772150592,
                31.509944999367477
              ],
              [
                32.51845772150592,
                31.51003483089589
              ],
              [
                32.518637384562744,
                31.51003483089589
              ],
              [
                32.518637384562744,
                31.510124662424303
              ],
              [
                32.51872721609116,
                31.510124662424303
              ],
              [
                32.51872721609116,
                31.510304325481126
              ],
              [
                32.51881704761957,
                31.510304325481126
              ],
              [
                32.51881704761957,
                31.510753483123185
              ],
              [
                32.51890687914798,
                31.510753483123185
              ],
              [
                32.51890687914798,
                31.511292472293658
              ],
              [
                32.51881704761957,
                31.511292472293658
              ],
              [
                32.51881704761957,
                31.51147213535048
              ],
              [
                32.51872721609116,
                31.51147213535048
              ],
              [
                32.51872721609116,
                31.511561966878894
              ],
              [
                32.518637384562744,
                31.511561966878894
              ],
              [
                32.518637384562744,
                31.511651798407303
              ],
              [
                32.518367889977505,
                31.511651798407303
              ],
              [
                32.518367889977505,
                31.511741629935717
              ],
              [
                32.517739069278626,
                31.511741629935717
              ]
            ]
          ]
        },
        "properties": {
          "area_km2": 0.037
        }
      },
      {
        "type": "Feature",
        "geometry": {
          "type": "Polygon",
          "coordinates": [
            [
              [
                32.44802980323095,
                31.48667863350878
              ],
              [
                32.44802980323095,
                31.48658880198037
              ],
              [
                32.44793997170254,
                31.48658880198037
              ],
              [
                32.44793997170254,
                31.486498970451958
              ],
              [
                32.447850140174125,
                31.486498970451958
              ],
              [
                32.447850140174125,
                31.486319307395135
              ],
              [
                32.44776030864571,
                31.486319307395135
              ],
              [
                32.44776030864571,
                31.4860498128099
              ],
              [
                32.4476704771173,
                31.4860498128099
              ],
              [
                32.4476704771173,
                31.485061665997367
              ],
              [
                32.44776030864571,
                31.485061665997367
              ],
              [
                32.44776030864571,
                31.484971834468954
              ],
              [
                32.447850140174125,
                31.484971834468954
              ],
              [
                32.447850140174125,
                31.484882002940545
              ],
              [
                32.44793997170254,
                31.484882002940545
              ],
              [
                32.44793997170254,
                31.48479217141213
              ],
              [
                32.44811963475936,
                31.48479217141213
              ],
              [
                32.44811963475936,
                31.484702339883718
              ],
              [
                32.44820946628777,
                31.484702339883718
              ],
              [
                32.44820946628777,
                31.48461250835531
              ],
              [
                32.4483891293446,
                31.48461250835531
              ],
              [
                32.4483891293446,
                31.484522676826895
              ],
              [
                32.44865862392983,
                31.484522676826895
              ],
              [
                32.44865862392983,
                31.484432845298482
              ],
              [
                32.44883828698666,
                31.484432845298482
              ],
              [
                32.44883828698666,
                31.484343013770072
              ],
              [
                32.44892811851507,
                31.484343013770072
              ],
              [
                32.44892811851507,
                31.48425318224166
              ],
              [
                32.44910778157189,
                31.48425318224166
              ],
              [
                32.44910778157189,
                31.48416335071325
              ],
              [
                32.44946710768554,
                31.48416335071325
              ],
              [
                32.44946710768554,
                31.48425318224166
              ],
              [
                32.449736602270775,
                31.48425318224166
              ],
              [
                32.449736602270775,
                31.484432845298482
              ],
              [
                32.44982643379919,
                31.484432845298482
              ],
              [
                32.44982643379919,
                31.484522676826895
              ],
              [
                32.4499162653276,
                31.484522676826895
              ],
              [
                32.4499162653276,
                31.484702339883718
              ],
              [
                32.450006096856015,
                31.484702339883718
              ],
              [
                32.450006096856015,
                31.484882002940545
              ],
              [
                32.45009592838442,
                31.484882002940545
              ],
              [
                32.45009592838442,
                31.484971834468954
              ],
              [
                32.450185759912834,
                31.484971834468954
              ],
              [
                32.450185759912834,
                31.48515149752578
              ],
              [
                32.45027559144125,
                31.48515149752578
              ],
              [
                32.45027559144125,
                31.48560065516784
              ],
              [
                32.450185759912834,
                31.48560065516784
              ],
              [
                32.450185759912834,
                31.48569048669625
              ],
              [
                32.45009592838442,
                31.48569048669625
              ],
              [
                32.45009592838442,
                31.485780318224663
              ],
              [
                32.450006096856015,
                31.485780318224663
              ],
              [
                32.450006096856015,
                31.485870149753076
              ],
              [
                32.4499162653276,
                31.485870149753076
              ],
              [
                32.4499162653276,
                31.4860498128099
              ],
              [
                32.44982643379919,
                31.4860498128099
              ],
              [
                32.44982643379919,
                31.486139644338312
              ],
              [
                32.44964677074236,
                31.486139644338312
              ],
              [
                32.44964677074236,
                31.486229475866722
              ],
              [
                32.44946710768554,
                31.486229475866722
              ],
              [
                32.44946710768554,
                31.486319307395135
              ],
              [
                32.449287444628716,
                31.486319307395135
              ],
              [
                32.449287444628716,
                31.486409138923545
              ],
              [
                32.448748455458244,
                31.486409138923545
              ],
              [
                32.448748455458244,
                31.486498970451958
              ],
              [
                32.44847896087301,
                31.486498970451958
              ],
              [
                32.44847896087301,
                31.48658880198037
              ],
              [
                32.4483891293446,
                31.48658880198037
              ],
              [
                32.4483891293446,
                31.48667863350878
              ],
              [
                32.44802980323095,
                31.48667863350878
              ]
            ]
          ]
        },
        "properties": {
          "area_km2": 0.057
        }
      },
      {
        "type": "Feature",
        "geometry": {
          "type": "Polygon",
          "coordinates": [
            [
              [
                32.54118509819414,
                31.47967177429265
              ],
              [
                32.54118509819414,
                31.479581942764238
              ],
              [
                32.54109526666573,
                31.479581942764238
              ],
              [
                32.54109526666573,
                31.479222616650592
              ],
              [
                32.54100543513732,
                31.479222616650592
              ],
              [
                32.54100543513732,
                31.478503964423293
              ],
              [
                32.54091560360891,
                31.478503964423293
              ],
              [
                32.54091560360891,
                31.478144638309647
              ],
              [
                32.54100543513732,
                31.478144638309647
              ],
              [
                32.54100543513732,
                31.477785312195998
              ],
              [
                32.54109526666573,
                31.477785312195998
              ],
              [
                32.54109526666573,
                31.477695480667588
              ],
              [
                32.54118509819414,
                31.477695480667588
              ],
              [
                32.54118509819414,
                31.47751581761076
              ],
              [
                32.541274929722555,
                31.47751581761076
              ],
              [
                32.541274929722555,
                31.477425986082352
              ],
              [
                32.54145459277938,
                31.477425986082352
              ],
              [
                32.54145459277938,
                31.47733615455394
              ],
              [
                32.541544424307794,
                31.47733615455394
              ],
              [
                32.541544424307794,
                31.47724632302553
              ],
              [
                32.5416342558362,
                31.47724632302553
              ],
              [
                32.5416342558362,
                31.477156491497116
              ],
              [
                32.541724087364614,
                31.477156491497116
              ],
              [
                32.541724087364614,
                31.476976828440293
              ],
              [
                32.54181391889303,
                31.476976828440293
              ],
              [
                32.54181391889303,
                31.476617502326643
              ],
              [
                32.54190375042144,
                31.476617502326643
              ],
              [
                32.54190375042144,
                31.47643783926982
              ],
              [
                32.54199358194985,
                31.47643783926982
              ],
              [
                32.54199358194985,
                31.476258176212998
              ],
              [
                32.54208341347826,
                31.476258176212998
              ],
              [
                32.54208341347826,
                31.4755395239857
              ],
              [
                32.54217324500667,
                31.4755395239857
              ],
              [
                32.54217324500667,
                31.473832724945872
              ],
              [
                32.54208341347826,
                31.473832724945872
              ],
              [
                32.54208341347826,
                31.473383567303813
              ],
              [
                32.54217324500667,
                31.473383567303813
              ],
              [
                32.54217324500667,
                31.472664915076518
              ],
              [
                32.54208341347826,
                31.472664915076518
              ],
              [
                32.54208341347826,
                31.472575083548104
              ],
              [
                32.54217324500667,
                31.472575083548104
              ],
              [
                32.54217324500667,
                31.4717665997924
              ],
              [
                32.542263076535086,
                31.4717665997924
              ],
              [
                32.542263076535086,
                31.471586936735573
              ],
              [
                32.5423529080635,
                31.471586936735573
              ],
              [
                32.5423529080635,
                31.47140727367875
              ],
              [
                32.54244273959191,
                31.47140727367875
              ],
              [
                32.54244273959191,
                31.470868284508278
              ],
              [
                32.542532571120326,
                31.470868284508278
              ],
              [
                32.542532571120326,
                31.47059878992304
              ],
              [
                32.54262240264873,
                31.47059878992304
              ],
              [
                32.54262240264873,
                31.47041912686622
              ],
              [
                32.542712234177145,
                31.47041912686622
              ],
              [
                32.542712234177145,
                31.470329295337805
              ],
              [
                32.54280206570556,
                31.470329295337805
              ],
              [
                32.54280206570556,
                31.470149632280982
              ],
              [
                32.54289189723397,
                31.470149632280982
              ],
              [
                32.54289189723397,
                31.470059800752573
              ],
              [
                32.542981728762385,
                31.470059800752573
              ],
              [
                32.542981728762385,
                31.46996996922416
              ],
              [
                32.54307156029079,
                31.46996996922416
              ],
              [
                32.54307156029079,
                31.469880137695746
              ],
              [
                32.543161391819204,
                31.469880137695746
              ],
              [
                32.543161391819204,
                31.469790306167337
              ],
              [
                32.54325122334762,
                31.469790306167337
              ],
              [
                32.54325122334762,
                31.469700474638923
              ],
              [
                32.54334105487603,
                31.469700474638923
              ],
              [
                32.54334105487603,
                31.46961064311051
              ],
              [
                32.543430886404444,
                31.46961064311051
              ],
              [
                32.543430886404444,
                31.4695208115821
              ],
              [
                32.54352071793286,
                31.4695208115821
              ],
              [
                32.54352071793286,
                31.469430980053687
              ],
              [
                32.54361054946126,
                31.469430980053687
              ],
              [
                32.54361054946126,
                31.469341148525274
              ],
              [
                32.54370038098968,
                31.469341148525274
              ],
              [
                32.54370038098968,
                31.469251316996864
              ],
              [
                32.5438800440465,
                31.469251316996864
              ],
              [
                32.5438800440465,
                31.46916148546845
              ],
              [
                32.54450886474539,
                31.46916148546845
              ],
              [
                32.54450886474539,
                31.469251316996864
              ],
              [
                32.544598696273795,
                31.469251316996864
              ],
              [
                32.544598696273795,
                31.469341148525274
              ],
              [
                32.54468852780221,
                31.469341148525274
              ],
              [
                32.54468852780221,
                31.46961064311051
              ],
              [
                32.54477835933062,
                31.46961064311051
              ],
              [
                32.54477835933062,
                31.471946262849222
              ],
              [
                32.54468852780221,
                31.471946262849222
              ],
              [
                32.54468852780221,
                31.472664915076518
              ],
              [
                32.54477835933062,
                31.472664915076518
              ],
              [
                32.54477835933062,
                31.473024241190167
              ],
              [
                32.544868190859034,
                31.473024241190167
              ],
              [
                32.544868190859034,
                31.47320390424699
              ],
              [
                32.54495802238745,
                31.47320390424699
              ],
              [
                32.54495802238745,
                31.4732937357754
              ],
              [
                32.545047853915854,
                31.4732937357754
              ],
              [
                32.545047853915854,
                31.47365306188905
              ],
              [
                32.54513768544427,
                31.47365306188905
              ],
              [
                32.54513768544427,
                31.47419205105952
              ],
              [
                32.545047853915854,
                31.47419205105952
              ],
              [
                32.545047853915854,
                31.474731040229994
              ],
              [
                32.54495802238745,
                31.474731040229994
              ],
              [
                32.54495802238745,
                31.47500053481523
              ],
              [
                32.544868190859034,
                31.47500053481523
              ],
              [
                32.544868190859034,
                31.475629355514112
              ],
              [
                32.54495802238745,
                31.475629355514112
              ],
              [
                32.54495802238745,
                31.47598868162776
              ],
              [
                32.545047853915854,
                31.47598868162776
              ],
              [
                32.545047853915854,
                31.476797165383466
              ],
              [
                32.54495802238745,
                31.476797165383466
              ],
              [
                32.54495802238745,
                31.476976828440293
              ],
              [
                32.54477835933062,
                31.476976828440293
              ],
              [
                32.54477835933062,
                31.477066659968703
              ],
              [
                32.54468852780221,
                31.477066659968703
              ],
              [
                32.54468852780221,
                31.477156491497116
              ],
              [
                32.54450886474539,
                31.477156491497116
              ],
              [
                32.54450886474539,
                31.47724632302553
              ],
              [
                32.544419033216975,
                31.47724632302553
              ],
              [
                32.544419033216975,
                31.47733615455394
              ],
              [
                32.54432920168856,
                31.47733615455394
              ],
              [
                32.54432920168856,
                31.477425986082352
              ],
              [
                32.543969875574916,
                31.477425986082352
              ],
              [
                32.543969875574916,
                31.47751581761076
              ],
              [
                32.54361054946126,
                31.47751581761076
              ],
              [
                32.54361054946126,
                31.477605649139175
              ],
              [
                32.543430886404444,
                31.477605649139175
              ],
              [
                32.543430886404444,
                31.477695480667588
              ],
              [
                32.54334105487603,
                31.477695480667588
              ],
              [
                32.54334105487603,
                31.477785312195998
              ],
              [
                32.54307156029079,
                31.477785312195998
              ],
              [
                32.54307156029079,
                31.47787514372441
              ],
              [
                32.542712234177145,
                31.47787514372441
              ],
              [
                32.542712234177145,
                31.477964975252824
              ],
              [
                32.54262240264873,
                31.477964975252824
              ],
              [
                32.54262240264873,
                31.478054806781234
              ],
              [
                32.542532571120326,
                31.478054806781234
              ],
              [
                32.542532571120326,
                31.478144638309647
              ],
              [
                32.54244273959191,
                31.478144638309647
              ],
              [
                32.54244273959191,
                31.47823446983806
              ],
              [
                32.5423529080635,
                31.47823446983806
              ],
              [
                32.5423529080635,
                31.47832430136647
              ],
              [
                32.542263076535086,
                31.47832430136647
              ],
              [
                32.542263076535086,
                31.478503964423293
              ],
              [
                32.54217324500667,
                31.478503964423293
              ],
              [
                32.54217324500667,
                31.478593795951706
              ],
              [
                32.54208341347826,
                31.478593795951706
              ],
              [
                32.54208341347826,
                31.47877345900853
              ],
              [
                32.54199358194985,
                31.47877345900853
              ],
              [
                32.54199358194985,
                31.478863290536943
              ],
              [
                32.54190375042144,
                31.478863290536943
              ],
              [
                32.54190375042144,
                31.47913278512218
              ],
              [
                32.54181391889303,
                31.47913278512218
              ],
              [
                32.54181391889303,
                31.479492111235825
              ],
              [
                32.541724087364614,
                31.479492111235825
              ],
              [
                32.541724087364614,
                31.479581942764238
              ],
              [
                32.541544424307794,
                31.479581942764238
              ],
              [
                32.541544424307794,
                31.47967177429265
              ],
              [
                32.54118509819414,
                31.47967177429265
              ]
            ]
          ]
        },
        "properties": {
          "area_km2": 0.298
        }
      },
      {
        "type": "Feature",
        "geometry": {
          "type": "Polygon",
          "coordinates": [
            [
              [
                32.40473100653639,
                31.469251316996864
              ],
              [
                32.40473100653639,
                31.46916148546845
              ],
              [
                32.40455134347956,
                31.46916148546845
              ],
              [
                32.40455134347956,
                31.46907165394004
              ],
              [
                32.404461511951155,
                31.46907165394004
              ],
              [
                32.404461511951155,
                31.468891990883215
              ],
              [
                32.40437168042274,
                31.468891990883215
              ],
              [
                32.40437168042274,
                31.468802159354805
              ],
              [
                32.40428184889433,
                31.468802159354805
              ],
              [
                32.40428184889433,
                31.468712327826392
              ],
              [
                32.404192017365915,
                31.468712327826392
              ],
              [
                32.404192017365915,
                31.46853266476957
              ],
              [
                32.4041021858375,
                31.46853266476957
              ],
              [
                32.4041021858375,
                31.466466539616093
              ],
              [
                32.404192017365915,
                31.466466539616093
              ],
              [
                32.404192017365915,
                31.466017381974034
              ],
              [
                32.40428184889433,
                31.466017381974034
              ],
              [
                32.40428184889433,
                31.46592755044562
              ],
              [
                32.40437168042274,
                31.46592755044562
              ],
              [
                32.40437168042274,
                31.46583771891721
              ],
              [
                32.404461511951155,
                31.46583771891721
              ],
              [
                32.404461511951155,
                31.46547839280356
              ],
              [
                32.40455134347956,
                31.46547839280356
              ],
              [
                32.40455134347956,
                31.465208898218325
              ],
              [
                32.404641175007974,
                31.465208898218325
              ],
              [
                32.404641175007974,
                31.465119066689915
              ],
              [
                32.40473100653639,
                31.465119066689915
              ],
              [
                32.40473100653639,
                31.465029235161502
              ],
              [
                32.404910669593214,
                31.465029235161502
              ],
              [
                32.404910669593214,
                31.46493940363309
              ],
              [
                32.40518016417845,
                31.46493940363309
              ],
              [
                32.40518016417845,
                31.465029235161502
              ],
              [
                32.40526999570686,
                31.465029235161502
              ],
              [
                32.40526999570686,
                31.465119066689915
              ],
              [
                32.40535982723527,
                31.465119066689915
              ],
              [
                32.40535982723527,
                31.465208898218325
              ],
              [
                32.405449658763686,
                31.465208898218325
              ],
              [
                32.405449658763686,
                31.46529872974674
              ],
              [
                32.40553949029209,
                31.46529872974674
              ],
              [
                32.40553949029209,
                31.465388561275148
              ],
              [
                32.405629321820506,
                31.465388561275148
              ],
              [
                32.405629321820506,
                31.46547839280356
              ],
              [
                32.40571915334892,
                31.46547839280356
              ],
              [
                32.40571915334892,
                31.465568224331975
              ],
              [
                32.40580898487733,
                31.465568224331975
              ],
              [
                32.40580898487733,
                31.465658055860384
              ],
              [
                32.405898816405745,
                31.465658055860384
              ],
              [
                32.405898816405745,
                31.46583771891721
              ],
              [
                32.40598864793416,
                31.46583771891721
              ],
              [
                32.40598864793416,
                31.46592755044562
              ],
              [
                32.406078479462565,
                31.46592755044562
              ],
              [
                32.406078479462565,
                31.466107213502447
              ],
              [
                32.40616831099098,
                31.466107213502447
              ],
              [
                32.40616831099098,
                31.466197045030857
              ],
              [
                32.40625814251939,
                31.466197045030857
              ],
              [
                32.40625814251939,
                31.46628687655927
              ],
              [
                32.406347974047804,
                31.46628687655927
              ],
              [
                32.406347974047804,
                31.46709536031498
              ],
              [
                32.40625814251939,
                31.46709536031498
              ],
              [
                32.40625814251939,
                31.4672750233718
              ],
              [
                32.40616831099098,
                31.4672750233718
              ],
              [
                32.40616831099098,
                31.467454686428624
              ],
              [
                32.406078479462565,
                31.467454686428624
              ],
              [
                32.406078479462565,
                31.467814012542274
              ],
              [
                32.40598864793416,
                31.467814012542274
              ],
              [
                32.40598864793416,
                31.46808350712751
              ],
              [
                32.405898816405745,
                31.46808350712751
              ],
              [
                32.405898816405745,
                31.46817333865592
              ],
              [
                32.40580898487733,
                31.46817333865592
              ],
              [
                32.40580898487733,
                31.468353001712742
              ],
              [
                32.40571915334892,
                31.468353001712742
              ],
              [
                32.40571915334892,
                31.46853266476957
              ],
              [
                32.405629321820506,
                31.46853266476957
              ],
              [
                32.405629321820506,
                31.468712327826392
              ],
              [
                32.40553949029209,
                31.468712327826392
              ],
              [
                32.40553949029209,
                31.468802159354805
              ],
              [
                32.40535982723527,
                31.468802159354805
              ],
              [
                32.40535982723527,
                31.468981822411628
              ],
              [
                32.40526999570686,
                31.468981822411628
              ],
              [
                32.40526999570686,
                31.46907165394004
              ],
              [
                32.40518016417845,
                31.46907165394004
              ],
              [
                32.40518016417845,
                31.46916148546845
              ],
              [
                32.404910669593214,
                31.46916148546845
              ],
              [
                32.404910669593214,
                31.469251316996864
              ],
              [
                32.40473100653639,
                31.469251316996864
              ]
            ]
          ]
        },
        "properties": {
          "area_km2": 0.086
        }
      },
      {
        "type": "Feature",
        "geometry": {
          "type": "Polygon",
          "coordinates": [
            [
              [
                32.45386885257773,
                31.559891329164522
              ],
              [
                32.45386885257773,
                31.559801497636112
              ],
              [
                32.45359935799249,
                31.559801497636112
              ],
              [
                32.45359935799249,
                31.5597116661077
              ],
              [
                32.45350952646408,
                31.5597116661077
              ],
              [
                32.45350952646408,
                31.55962183457929
              ],
              [
                32.45341969493567,
                31.55962183457929
              ],
              [
                32.45341969493567,
                31.559532003050876
              ],
              [
                32.453329863407255,
                31.559532003050876
              ],
              [
                32.453329863407255,
                31.559442171522463
              ],
              [
                32.45315020035043,
                31.559442171522463
              ],
              [
                32.45315020035043,
                31.559352339994053
              ],
              [
                32.45297053729361,
                31.559352339994053
              ],
              [
                32.45297053729361,
                31.55926250846564
              ],
              [
                32.452880705765196,
                31.55926250846564
              ],
              [
                32.452880705765196,
                31.559172676937226
              ],
              [
                32.45279087423678,
                31.559172676937226
              ],
              [
                32.45279087423678,
                31.559082845408817
              ],
              [
                32.45252137965155,
                31.559082845408817
              ],
              [
                32.45252137965155,
                31.558993013880404
              ],
              [
                32.45243154812314,
                31.558993013880404
              ],
              [
                32.45243154812314,
                31.55890318235199
              ],
              [
                32.452341716594724,
                31.55890318235199
              ],
              [
                32.452341716594724,
                31.55881335082358
              ],
              [
                32.45225188506631,
                31.55881335082358
              ],
              [
                32.45225188506631,
                31.558633687766758
              ],
              [
                32.4521620535379,
                31.558633687766758
              ],
              [
                32.4521620535379,
                31.55845402470993
              ],
              [
                32.452072222009484,
                31.55845402470993
              ],
              [
                32.452072222009484,
                31.558004867067872
              ],
              [
                32.45198239048108,
                31.558004867067872
              ],
              [
                32.45198239048108,
                31.55701672025534
              ],
              [
                32.452072222009484,
                31.55701672025534
              ],
              [
                32.452072222009484,
                31.556926888726927
              ],
              [
                32.4521620535379,
                31.556926888726927
              ],
              [
                32.4521620535379,
                31.556837057198518
              ],
              [
                32.45225188506631,
                31.556837057198518
              ],
              [
                32.45225188506631,
                31.556657394141695
              ],
              [
                32.452341716594724,
                31.556657394141695
              ],
              [
                32.452341716594724,
                31.55656756261328
              ],
              [
                32.45243154812314,
                31.55656756261328
              ],
              [
                32.45243154812314,
                31.55647773108487
              ],
              [
                32.45252137965155,
                31.55647773108487
              ],
              [
                32.45252137965155,
                31.55638789955646
              ],
              [
                32.452611211179956,
                31.55638789955646
              ],
              [
                32.452611211179956,
                31.556208236499632
              ],
              [
                32.45270104270837,
                31.556208236499632
              ],
              [
                32.45270104270837,
                31.55602857344281
              ],
              [
                32.45279087423678,
                31.55602857344281
              ],
              [
                32.45279087423678,
                31.555848910385986
              ],
              [
                32.452880705765196,
                31.555848910385986
              ],
              [
                32.452880705765196,
                31.555669247329163
              ],
              [
                32.45297053729361,
                31.555669247329163
              ],
              [
                32.45297053729361,
                31.55423194287457
              ],
              [
                32.453060368822015,
                31.55423194287457
              ],
              [
                32.453060368822015,
                31.55378278523251
              ],
              [
                32.45315020035043,
                31.55378278523251
              ],
              [
                32.45315020035043,
                31.553603122175687
              ],
              [
                32.45324003187884,
                31.553603122175687
              ],
              [
                32.45324003187884,
                31.553513290647274
              ],
              [
                32.453329863407255,
                31.553513290647274
              ],
              [
                32.453329863407255,
                31.553064133005215
              ],
              [
                32.45341969493567,
                31.553064133005215
              ],
              [
                32.45341969493567,
                31.55279463841998
              ],
              [
                32.45350952646408,
                31.55279463841998
              ],
              [
                32.45350952646408,
                31.552614975363156
              ],
              [
                32.45359935799249,
                31.552614975363156
              ],
              [
                32.45359935799249,
                31.552525143834742
              ],
              [
                32.4536891895209,
                31.552525143834742
              ],
              [
                32.4536891895209,
                31.55234548077792
              ],
              [
                32.453779021049314,
                31.55234548077792
              ],
              [
                32.453779021049314,
                31.552165817721097
              ],
              [
                32.45386885257773,
                31.552165817721097
              ],
              [
                32.45386885257773,
                31.552075986192683
              ],
              [
                32.45395868410614,
                31.552075986192683
              ],
              [
                32.45395868410614,
                31.55198615466427
              ],
              [
                32.45404851563455,
                31.55198615466427
              ],
              [
                32.45404851563455,
                31.551806491607447
              ],
              [
                32.45413834716296,
                31.551806491607447
              ],
              [
                32.45413834716296,
                31.54947087186874
              ],
              [
                32.45422817869137,
                31.54947087186874
              ],
              [
                32.45422817869137,
                31.549291208811912
              ],
              [
                32.45431801021979,
                31.549291208811912
              ],
              [
                32.45431801021979,
                31.54911154575509
              ],
              [
                32.4544078417482,
                31.54911154575509
              ],
              [
                32.4544078417482,
                31.548842051169853
              ],
              [
                32.45449767327661,
                31.548842051169853
              ],
              [
                32.45449767327661,
                31.548572556584617
              ],
              [
                32.45458750480502,
                31.548572556584617
              ],
              [
                32.45458750480502,
                31.548482725056207
              ],
              [
                32.45467733633343,
                31.548482725056207
              ],
              [
                32.45467733633343,
                31.548392893527794
              ],
              [
                32.454767167861846,
                31.548392893527794
              ],
              [
                32.454767167861846,
                31.54821323047097
              ],
              [
                32.45485699939026,
                31.54821323047097
              ],
              [
                32.45485699939026,
                31.548123398942558
              ],
              [
                32.45494683091867,
                31.548123398942558
              ],
              [
                32.45494683091867,
                31.548033567414144
              ],
              [
                32.45503666244708,
                31.548033567414144
              ],
              [
                32.45503666244708,
                31.547943735885735
              ],
              [
                32.45512649397549,
                31.547943735885735
              ],
              [
                32.45512649397549,
                31.54785390435732
              ],
              [
                32.455216325503905,
                31.54785390435732
              ],
              [
                32.455216325503905,
                31.5476742413005
              ],
              [
                32.45530615703232,
                31.5476742413005
              ],
              [
                32.45530615703232,
                31.547584409772085
              ],
              [
                32.45539598856073,
                31.547584409772085
              ],
              [
                32.45539598856073,
                31.547494578243676
              ],
              [
                32.455485820089145,
                31.547494578243676
              ],
              [
                32.455485820089145,
                31.547404746715262
              ],
              [
                32.45557565161755,
                31.547404746715262
              ],
              [
                32.45557565161755,
                31.54722508365844
              ],
              [
                32.455665483145964,
                31.54722508365844
              ],
              [
                32.455665483145964,
                31.547135252130026
              ],
              [
                32.45575531467438,
                31.547135252130026
              ],
              [
                32.45575531467438,
                31.547045420601613
              ],
              [
                32.45584514620279,
                31.547045420601613
              ],
              [
                32.45584514620279,
                31.546955589073203
              ],
              [
                32.455934977731204,
                31.546955589073203
              ],
              [
                32.455934977731204,
                31.54686575754479
              ],
              [
                32.45602480925961,
                31.54686575754479
              ],
              [
                32.45602480925961,
                31.546775926016377
              ],
              [
                32.45611464078802,
                31.546775926016377
              ],
              [
                32.45611464078802,
                31.546686094487967
              ],
              [
                32.456204472316436,
                31.546686094487967
              ],
              [
                32.456204472316436,
                31.546596262959554
              ],
              [
                32.45629430384485,
                31.546596262959554
              ],
              [
                32.45629430384485,
                31.546506431431144
              ],
              [
                32.45638413537326,
                31.546506431431144
              ],
              [
                32.45638413537326,
                31.54641659990273
              ],
              [
                32.45656379843008,
                31.54641659990273
              ],
              [
                32.45656379843008,
                31.546326768374318
              ],
              [
                32.456653629958495,
                31.546326768374318
              ],
              [
                32.456653629958495,
                31.546236936845908
              ],
              [
                32.45674346148691,
                31.546236936845908
              ],
              [
                32.45674346148691,
                31.546147105317495
              ],
              [
                32.45683329301532,
                31.546147105317495
              ],
              [
                32.45683329301532,
                31.54605727378908
              ],
              [
                32.456923124543735,
                31.54605727378908
              ],
              [
                32.456923124543735,
                31.54596744226067
              ],
              [
                32.45701295607214,
                31.54596744226067
              ],
              [
                32.45701295607214,
                31.545697947675436
              ],
              [
                32.457102787600554,
                31.545697947675436
              ],
              [
                32.457102787600554,
                31.544709800862904
              ],
              [
                32.45701295607214,
                31.544709800862904
              ],
              [
                32.45701295607214,
                31.544260643220845
              ],
              [
                32.457102787600554,
                31.544260643220845
              ],
              [
                32.457102787600554,
                31.543901317107196
              ],
              [
                32.45719261912897,
                31.543901317107196
              ],
              [
                32.45719261912897,
                31.54363182252196
              ],
              [
                32.45728245065738,
                31.54363182252196
              ],
              [
                32.45728245065738,
                31.543092833351487
              ],
              [
                32.457372282185794,
                31.543092833351487
              ],
              [
                32.457372282185794,
                31.542374181124192
              ],
              [
                32.45728245065738,
                31.542374181124192
              ],
              [
                32.45728245065738,
                31.541475865840074
              ],
              [
                32.45719261912897,
                31.541475865840074
              ],
              [
                32.45719261912897,
                31.541206371254837
              ],
              [
                32.457102787600554,
                31.541206371254837
              ],
              [
                32.457102787600554,
                31.541026708198014
              ],
              [
                32.45701295607214,
                31.541026708198014
              ],
              [
                32.45701295607214,
                31.540847045141188
              ],
              [
                32.456923124543735,
                31.540847045141188
              ],
              [
                32.456923124543735,
                31.54075721361278
              ],
              [
                32.45683329301532,
                31.54075721361278
              ],
              [
                32.45683329301532,
                31.540667382084365
              ],
              [
                32.45674346148691,
                31.540667382084365
              ],
              [
                32.45674346148691,
                31.540577550555955
              ],
              [
                32.456653629958495,
                31.540577550555955
              ],
              [
                32.456653629958495,
                31.540487719027542
              ],
              [
                32.45656379843008,
                31.540487719027542
              ],
              [
                32.45656379843008,
                31.54039788749913
              ],
              [
                32.45638413537326,
                31.54039788749913
              ],
              [
                32.45638413537326,
                31.54030805597072
              ],
              [
                32.45629430384485,
                31.54030805597072
              ],
              [
                32.45629430384485,
                31.540218224442306
              ],
              [
                32.456204472316436,
                31.540218224442306
              ],
              [
                32.456204472316436,
                31.540038561385483
              ],
              [
                32.45611464078802,
                31.540038561385483
              ],
              [
                32.45611464078802,
                31.539858898328657
              ],
              [
                32.45602480925961,
                31.539858898328657
              ],
              [
                32.45602480925961,
                31.539319909158188
              ],
              [
                32.45611464078802,
                31.539319909158188
              ],
              [
                32.45611464078802,
                31.538421593874066
              ],
              [
                32.45602480925961,
                31.538421593874066
              ],
              [
                32.45602480925961,
                31.537972436232007
              ],
              [
                32.455934977731204,
                31.537972436232007
              ],
              [
                32.455934977731204,
                31.536984289419475
              ],
              [
                32.45584514620279,
                31.536984289419475
              ],
              [
                32.45584514620279,
                31.536445300249003
              ],
              [
                32.45575531467438,
                31.536445300249003
              ],
              [
                32.45575531467438,
                31.53626563719218
              ],
              [
                32.455665483145964,
                31.53626563719218
              ],
              [
                32.455665483145964,
                31.536085974135357
              ],
              [
                32.45557565161755,
                31.536085974135357
              ],
              [
                32.45557565161755,
                31.535546984964885
              ],
              [
                32.455485820089145,
                31.535546984964885
              ],
              [
                32.455485820089145,
                31.534558838152353
              ],
              [
                32.45539598856073,
                31.534558838152353
              ],
              [
                32.45539598856073,
                31.534199512038704
              ],
              [
                32.455485820089145,
                31.534199512038704
              ],
              [
                32.455485820089145,
                31.533840185925058
              ],
              [
                32.45557565161755,
                31.533840185925058
              ],
              [
                32.45557565161755,
                31.533570691339822
              ],
              [
                32.455665483145964,
                31.533570691339822
              ],
              [
                32.455665483145964,
                31.53348085981141
              ],
              [
                32.45575531467438,
                31.53348085981141
              ],
              [
                32.45575531467438,
                31.533391028283
              ],
              [
                32.45584514620279,
                31.533391028283
              ],
              [
                32.45584514620279,
                31.53303170216935
              ],
              [
                32.455934977731204,
                31.53303170216935
              ],
              [
                32.455934977731204,
                31.5326723760557
              ],
              [
                32.45602480925961,
                31.5326723760557
              ],
              [
                32.45602480925961,
                31.532313049942054
              ],
              [
                32.45611464078802,
                31.532313049942054
              ],
              [
                32.45611464078802,
                31.532043555356818
              ],
              [
                32.456204472316436,
                31.532043555356818
              ],
              [
                32.456204472316436,
                31.531504566186346
              ],
              [
                32.45629430384485,
                31.531504566186346
              ],
              [
                32.45629430384485,
                31.531324903129523
              ],
              [
                32.45638413537326,
                31.531324903129523
              ],
              [
                32.45638413537326,
                31.53123507160111
              ],
              [
                32.456473966901676,
                31.53123507160111
              ],
              [
                32.456473966901676,
                31.531055408544287
              ],
              [
                32.45656379843008,
                31.531055408544287
              ],
              [
                32.45656379843008,
                31.530965577015873
              ],
              [
                32.456653629958495,
                31.530965577015873
              ],
              [
                32.456653629958495,
                31.530875745487464
              ],
              [
                32.45674346148691,
                31.530875745487464
              ],
              [
                32.45674346148691,
                31.53078591395905
              ],
              [
                32.45683329301532,
                31.53078591395905
              ],
              [
                32.45683329301532,
                31.530606250902228
              ],
              [
                32.456923124543735,
                31.530606250902228
              ],
              [
                32.456923124543735,
                31.530426587845405
              ],
              [
                32.45701295607214,
                31.530426587845405
              ],
              [
                32.45701295607214,
                31.530246924788578
              ],
              [
                32.457102787600554,
                31.530246924788578
              ],
              [
                32.457102787600554,
                31.53015709326017
              ],
              [
                32.45719261912897,
                31.53015709326017
              ],
              [
                32.45719261912897,
                31.529977430203342
              ],
              [
                32.45728245065738,
                31.529977430203342
              ],
              [
                32.45728245065738,
                31.52979776714652
              ],
              [
                32.457372282185794,
                31.52979776714652
              ],
              [
                32.457372282185794,
                31.529618104089696
              ],
              [
                32.45746211371421,
                31.529618104089696
              ],
              [
                32.45746211371421,
                31.529528272561283
              ],
              [
                32.457551945242614,
                31.529528272561283
              ],
              [
                32.457551945242614,
                31.529438441032873
              ],
              [
                32.45773160829944,
                31.529438441032873
              ],
              [
                32.45773160829944,
                31.52934860950446
              ],
              [
                32.45782143982785,
                31.52934860950446
              ],
              [
                32.45782143982785,
                31.529258777976047
              ],
              [
                32.45791127135627,
                31.529258777976047
              ],
              [
                32.45791127135627,
                31.529168946447637
              ],
              [
                32.4581807659415,
                31.529168946447637
              ],
              [
                32.4581807659415,
                31.529079114919224
              ],
              [
                32.45845026052674,
                31.529079114919224
              ],
              [
                32.45845026052674,
                31.52898928339081
              ],
              [
                32.458540092055145,
                31.52898928339081
              ],
              [
                32.458540092055145,
                31.5288994518624
              ],
              [
                32.45871975511197,
                31.5288994518624
              ],
              [
                32.45871975511197,
                31.528809620333988
              ],
              [
                32.458809586640385,
                31.528809620333988
              ],
              [
                32.458809586640385,
                31.528719788805574
              ],
              [
                32.458989249697204,
                31.528719788805574
              ],
              [
                32.458989249697204,
                31.528629957277165
              ],
              [
                32.45907908122562,
                31.528629957277165
              ],
              [
                32.45907908122562,
                31.52845029422034
              ],
              [
                32.45916891275403,
                31.52845029422034
              ],
              [
                32.45916891275403,
                31.52836046269193
              ],
              [
                32.459258744282444,
                31.52836046269193
              ],
              [
                32.459258744282444,
                31.528180799635106
              ],
              [
                32.45934857581086,
                31.528180799635106
              ],
              [
                32.45934857581086,
                31.52791130504987
              ],
              [
                32.45943840733927,
                31.52791130504987
              ],
              [
                32.45943840733927,
                31.527731641993043
              ],
              [
                32.45952823886768,
                31.527731641993043
              ],
              [
                32.45952823886768,
                31.52755197893622
              ],
              [
                32.45961807039609,
                31.52755197893622
              ],
              [
                32.45961807039609,
                31.52746214740781
              ],
              [
                32.4597079019245,
                31.52746214740781
              ],
              [
                32.4597079019245,
                31.527282484350984
              ],
              [
                32.459797733452916,
                31.527282484350984
              ],
              [
                32.459797733452916,
                31.52710282129416
              ],
              [
                32.45988756498133,
                31.52710282129416
              ],
              [
                32.45988756498133,
                31.526923158237338
              ],
              [
                32.459977396509736,
                31.526923158237338
              ],
              [
                32.459977396509736,
                31.526833326708925
              ],
              [
                32.46006722803815,
                31.526833326708925
              ],
              [
                32.46006722803815,
                31.52674349518051
              ],
              [
                32.46015705956656,
                31.52674349518051
              ],
              [
                32.46015705956656,
                31.5266536636521
              ],
              [
                32.460246891094975,
                31.5266536636521
              ],
              [
                32.460246891094975,
                31.52656383212369
              ],
              [
                32.4604265541518,
                31.52656383212369
              ],
              [
                32.4604265541518,
                31.52647400059528
              ],
              [
                32.46060621720862,
                31.52647400059528
              ],
              [
                32.46060621720862,
                31.526384169066866
              ],
              [
                32.46078588026545,
                31.526384169066866
              ],
              [
                32.46078588026545,
                31.526294337538452
              ],
              [
                32.46096554332227,
                31.526294337538452
              ],
              [
                32.46096554332227,
                31.526204506010043
              ],
              [
                32.46114520637909,
                31.526204506010043
              ],
              [
                32.46114520637909,
                31.52611467448163
              ],
              [
                32.46123503790751,
                31.52611467448163
              ],
              [
                32.46123503790751,
                31.525935011424806
              ],
              [
                32.46132486943592,
                31.525935011424806
              ],
              [
                32.46132486943592,
                31.52575534836798
              ],
              [
                32.46141470096433,
                31.52575534836798
              ],
              [
                32.46141470096433,
                31.525575685311157
              ],
              [
                32.46150453249274,
                31.525575685311157
              ],
              [
                32.46150453249274,
                31.525485853782747
              ],
              [
                32.46159436402115,
                31.525485853782747
              ],
              [
                32.46159436402115,
                31.524946864612275
              ],
              [
                32.461684195549566,
                31.524946864612275
              ],
              [
                32.461684195549566,
                31.524497706970216
              ],
              [
                32.46177402707798,
                31.524497706970216
              ],
              [
                32.46177402707798,
                31.52431804391339
              ],
              [
                32.46186385860639,
                31.52431804391339
              ],
              [
                32.46186385860639,
                31.524138380856566
              ],
              [
                32.4619536901348,
                31.524138380856566
              ],
              [
                32.4619536901348,
                31.523958717799744
              ],
              [
                32.46204352166321,
                31.523958717799744
              ],
              [
                32.46204352166321,
                31.523779054742917
              ],
              [
                32.46222318472004,
                31.523779054742917
              ],
              [
                32.46222318472004,
                31.523689223214507
              ],
              [
                32.46231301624845,
                31.523689223214507
              ],
              [
                32.46231301624845,
                31.523599391686094
              ],
              [
                32.462402847776865,
                31.523599391686094
              ],
              [
                32.462402847776865,
                31.523509560157684
              ],
              [
                32.46249267930527,
                31.523509560157684
              ],
              [
                32.46249267930527,
                31.52341972862927
              ],
              [
                32.462582510833684,
                31.52341972862927
              ],
              [
                32.462582510833684,
                31.523329897100858
              ],
              [
                32.4626723423621,
                31.523329897100858
              ],
              [
                32.4626723423621,
                31.52324006557245
              ],
              [
                32.46276217389051,
                31.52324006557245
              ],
              [
                32.46276217389051,
                31.523150234044035
              ],
              [
                32.462852005418924,
                31.523150234044035
              ],
              [
                32.462852005418924,
                31.523060402515622
              ],
              [
                32.46294183694733,
                31.523060402515622
              ],
              [
                32.46294183694733,
                31.522970570987212
              ],
              [
                32.46303166847574,
                31.522970570987212
              ],
              [
                32.46303166847574,
                31.5228807394588
              ],
              [
                32.463121500004156,
                31.5228807394588
              ],
              [
                32.463121500004156,
                31.522701076401976
              ],
              [
                32.46321133153257,
                31.522701076401976
              ],
              [
                32.46321133153257,
                31.522611244873563
              ],
              [
                32.46330116306098,
                31.522611244873563
              ],
              [
                32.46330116306098,
                31.52252141334515
              ],
              [
                32.463390994589396,
                31.52252141334515
              ],
              [
                32.463390994589396,
                31.522341750288327
              ],
              [
                32.463570657646216,
                31.522341750288327
              ],
              [
                32.463570657646216,
                31.522251918759917
              ],
              [
                32.46366048917463,
                31.522251918759917
              ],
              [
                32.46366048917463,
                31.522162087231504
              ],
              [
                32.46375032070304,
                31.522162087231504
              ],
              [
                32.46375032070304,
                31.52207225570309
              ],
              [
                32.463840152231455,
                31.52207225570309
              ],
              [
                32.463840152231455,
                31.52198242417468
              ],
              [
                32.464019815288275,
                31.52198242417468
              ],
              [
                32.464019815288275,
                31.521892592646267
              ],
              [
                32.46410964681669,
                31.521892592646267
              ],
              [
                32.46410964681669,
                31.521802761117854
              ],
              [
                32.4641994783451,
                31.521802761117854
              ],
              [
                32.4641994783451,
                31.52162309806103
              ],
              [
                32.464289309873514,
                31.52162309806103
              ],
              [
                32.464289309873514,
                31.521533266532618
              ],
              [
                32.46437914140193,
                31.521533266532618
              ],
              [
                32.46437914140193,
                31.52144343500421
              ],
              [
                32.464468972930334,
                31.52144343500421
              ],
              [
                32.464468972930334,
                31.52018579360644
              ],
              [
                32.46437914140193,
                31.52018579360644
              ],
              [
                32.46437914140193,
                31.519287478322322
              ],
              [
                32.464468972930334,
                31.519287478322322
              ],
              [
                32.464468972930334,
                31.519017983737086
              ],
              [
                32.46455880445875,
                31.519017983737086
              ],
              [
                32.46455880445875,
                31.51883832068026
              ],
              [
                32.46464863598716,
                31.51883832068026
              ],
              [
                32.46464863598716,
                31.51874848915185
              ],
              [
                32.46473846751557,
                31.51874848915185
              ],
              [
                32.46473846751557,
                31.518658657623437
              ],
              [
                32.46482829904399,
                31.518658657623437
              ],
              [
                32.46482829904399,
                31.518119668452965
              ],
              [
                32.46473846751557,
                31.518119668452965
              ],
              [
                32.46473846751557,
                31.518029836924555
              ],
              [
                32.46464863598716,
                31.518029836924555
              ],
              [
                32.46464863598716,
                31.51794000539614
              ],
              [
                32.46455880445875,
                31.51794000539614
              ],
              [
                32.46455880445875,
                31.51776034233932
              ],
              [
                32.464468972930334,
                31.51776034233932
              ],
              [
                32.464468972930334,
                31.51731118469726
              ],
              [
                32.46437914140193,
                31.51731118469726
              ],
              [
                32.46437914140193,
                31.517041690112023
              ],
              [
                32.464289309873514,
                31.517041690112023
              ],
              [
                32.464289309873514,
                31.516862027055197
              ],
              [
                32.4641994783451,
                31.516862027055197
              ],
              [
                32.4641994783451,
                31.516682363998374
              ],
              [
                32.46410964681669,
                31.516682363998374
              ],
              [
                32.46410964681669,
                31.51659253246996
              ],
              [
                32.464019815288275,
                31.51659253246996
              ],
              [
                32.464019815288275,
                31.51650270094155
              ],
              [
                32.46392998375986,
                31.51650270094155
              ],
              [
                32.46392998375986,
                31.516412869413138
              ],
              [
                32.463840152231455,
                31.516412869413138
              ],
              [
                32.463840152231455,
                31.516323037884728
              ],
              [
                32.46375032070304,
                31.516323037884728
              ],
              [
                32.46375032070304,
                31.516233206356315
              ],
              [
                32.46366048917463,
                31.516233206356315
              ],
              [
                32.46366048917463,
                31.5161433748279
              ],
              [
                32.463570657646216,
                31.5161433748279
              ],
              [
                32.463570657646216,
                31.516053543299492
              ],
              [
                32.4634808261178,
                31.516053543299492
              ],
              [
                32.4634808261178,
                31.51596371177108
              ],
              [
                32.463390994589396,
                31.51596371177108
              ],
              [
                32.463390994589396,
                31.515784048714256
              ],
              [
                32.46330116306098,
                31.515784048714256
              ],
              [
                32.46330116306098,
                31.515694217185843
              ],
              [
                32.46321133153257,
                31.515694217185843
              ],
              [
                32.46321133153257,
                31.51560438565743
              ],
              [
                32.463121500004156,
                31.51560438565743
              ],
              [
                32.463121500004156,
                31.515424722600606
              ],
              [
                32.46303166847574,
                31.515424722600606
              ],
              [
                32.46303166847574,
                31.515245059543783
              ],
              [
                32.462852005418924,
                31.515245059543783
              ],
              [
                32.462852005418924,
                31.51515522801537
              ],
              [
                32.46276217389051,
                31.51515522801537
              ],
              [
                32.46276217389051,
                31.51506539648696
              ],
              [
                32.4626723423621,
                31.51506539648696
              ],
              [
                32.4626723423621,
                31.514885733430134
              ],
              [
                32.462402847776865,
                31.514885733430134
              ],
              [
                32.462402847776865,
                31.514795901901724
              ],
              [
                32.46222318472004,
                31.514795901901724
              ],
              [
                32.46222318472004,
                31.51470607037331
              ],
              [
                32.4619536901348,
                31.51470607037331
              ],
              [
                32.4619536901348,
                31.514616238844898
              ],
              [
                32.46159436402115,
                31.514616238844898
              ],
              [
                32.46159436402115,
                31.514526407316488
              ],
              [
                32.46114520637909,
                31.514526407316488
              ],
              [
                32.46114520637909,
                31.514436575788075
              ],
              [
                32.46087571179386,
                31.514436575788075
              ],
              [
                32.46087571179386,
                31.514346744259665
              ],
              [
                32.46078588026545,
                31.514346744259665
              ],
              [
                32.46078588026545,
                31.514256912731252
              ],
              [
                32.46060621720862,
                31.514256912731252
              ],
              [
                32.46060621720862,
                31.51416708120284
              ],
              [
                32.46051638568021,
                31.51416708120284
              ],
              [
                32.46051638568021,
                31.51407724967443
              ],
              [
                32.4604265541518,
                31.51407724967443
              ],
              [
                32.4604265541518,
                31.513987418146016
              ],
              [
                32.460246891094975,
                31.513987418146016
              ],
              [
                32.460246891094975,
                31.513897586617603
              ],
              [
                32.46015705956656,
                31.513897586617603
              ],
              [
                32.46015705956656,
                31.513807755089193
              ],
              [
                32.459977396509736,
                31.513807755089193
              ],
              [
                32.459977396509736,
                31.51371792356078
              ],
              [
                32.459797733452916,
                31.51371792356078
              ],
              [
                32.459797733452916,
                31.513628092032366
              ],
              [
                32.45961807039609,
                31.513628092032366
              ],
              [
                32.45961807039609,
                31.513538260503957
              ],
              [
                32.45934857581086,
                31.513538260503957
              ],
              [
                32.45934857581086,
                31.513628092032366
              ],
              [
                32.45916891275403,
                31.513628092032366
              ],
              [
                32.45916891275403,
                31.51371792356078
              ],
              [
                32.4588994181688,
                31.51371792356078
              ],
              [
                32.4588994181688,
                31.513807755089193
              ],
              [
                32.45871975511197,
                31.513807755089193
              ],
              [
                32.45871975511197,
                31.513897586617603
              ],
              [
                32.458540092055145,
                31.513897586617603
              ],
              [
                32.458540092055145,
                31.51407724967443
              ],
              [
                32.45845026052674,
                31.51407724967443
              ],
              [
                32.45845026052674,
                31.514256912731252
              ],
              [
                32.458360428998326,
                31.514256912731252
              ],
              [
                32.458360428998326,
                31.514346744259665
              ],
              [
                32.45845026052674,
                31.514346744259665
              ],
              [
                32.45845026052674,
                31.514616238844898
              ],
              [
                32.458540092055145,
                31.514616238844898
              ],
              [
                32.458540092055145,
                31.51515522801537
              ],
              [
                32.45862992358356,
                31.51515522801537
              ],
              [
                32.45862992358356,
                31.515424722600606
              ],
              [
                32.45871975511197,
                31.515424722600606
              ],
              [
                32.45871975511197,
                31.51551455412902
              ],
              [
                32.458809586640385,
                31.51551455412902
              ],
              [
                32.458809586640385,
                31.51560438565743
              ],
              [
                32.4588994181688,
                31.51560438565743
              ],
              [
                32.4588994181688,
                31.515784048714256
              ],
              [
                32.45907908122562,
                31.515784048714256
              ],
              [
                32.45907908122562,
                31.515873880242665
              ],
              [
                32.459258744282444,
                31.515873880242665
              ],
              [
                32.459258744282444,
                31.51596371177108
              ],
              [
                32.45943840733927,
                31.51596371177108
              ],
              [
                32.45943840733927,
                31.516053543299492
              ],
              [
                32.45961807039609,
                31.516053543299492
              ],
              [
                32.45961807039609,
                31.5161433748279
              ],
              [
                32.46006722803815,
                31.5161433748279
              ],
              [
                32.46006722803815,
                31.516233206356315
              ],
              [
                32.4604265541518,
                31.516233206356315
              ],
              [
                32.4604265541518,
                31.516323037884728
              ],
              [
                32.46060621720862,
                31.516323037884728
              ],
              [
                32.46060621720862,
                31.516412869413138
              ],
              [
                32.46078588026545,
                31.516412869413138
              ],
              [
                32.46078588026545,
                31.51650270094155
              ],
              [
                32.46096554332227,
                31.51650270094155
              ],
              [
                32.46096554332227,
                31.51659253246996
              ],
              [
                32.46105537485068,
                31.51659253246996
              ],
              [
                32.46105537485068,
                31.516682363998374
              ],
              [
                32.46114520637909,
                31.516682363998374
              ],
              [
                32.46114520637909,
                31.516772195526787
              ],
              [
                32.46123503790751,
                31.516772195526787
              ],
              [
                32.46123503790751,
                31.51695185858361
              ],
              [
                32.46132486943592,
                31.51695185858361
              ],
              [
                32.46132486943592,
                31.51829933150979
              ],
              [
                32.46123503790751,
                31.51829933150979
              ],
              [
                32.46123503790751,
                31.518478994566614
              ],
              [
                32.46105537485068,
                31.518478994566614
              ],
              [
                32.46105537485068,
                31.518568826095024
              ],
              [
                32.46096554332227,
                31.518568826095024
              ],
              [
                32.46096554332227,
                31.518658657623437
              ],
              [
                32.46078588026545,
                31.518658657623437
              ],
              [
                32.46078588026545,
                31.51874848915185
              ],
              [
                32.45845026052674,
                31.51874848915185
              ],
              [
                32.45845026052674,
                31.518658657623437
              ],
              [
                32.458090934413086,
                31.518658657623437
              ],
              [
                32.458090934413086,
                31.51874848915185
              ],
              [
                32.45773160829944,
                31.51874848915185
              ],
              [
                32.45773160829944,
                31.51883832068026
              ],
              [
                32.457551945242614,
                31.51883832068026
              ],
              [
                32.457551945242614,
                31.518928152208673
              ],
              [
                32.457372282185794,
                31.518928152208673
              ],
              [
                32.457372282185794,
                31.519017983737086
              ],
              [
                32.45719261912897,
                31.519017983737086
              ],
              [
                32.45719261912897,
                31.519107815265496
              ],
              [
                32.456923124543735,
                31.519107815265496
              ],
              [
                32.456923124543735,
                31.51919764679391
              ],
              [
                32.45674346148691,
                31.51919764679391
              ],
              [
                32.45674346148691,
                31.519287478322322
              ],
              [
                32.456653629958495,
                31.519287478322322
              ],
              [
                32.456653629958495,
                31.519377309850732
              ],
              [
                32.45656379843008,
                31.519377309850732
              ],
              [
                32.45656379843008,
                31.519467141379145
              ],
              [
                32.456473966901676,
                31.519467141379145
              ],
              [
                32.456473966901676,
                31.519556972907555
              ],
              [
                32.45638413537326,
                31.519556972907555
              ],
              [
                32.45638413537326,
                31.520095962078027
              ],
              [
                32.456653629958495,
                31.520095962078027
              ],
              [
                32.456653629958495,
                31.52018579360644
              ],
              [
                32.45701295607214,
                31.52018579360644
              ],
              [
                32.45701295607214,
                31.520275625134854
              ],
              [
                32.457372282185794,
                31.520275625134854
              ],
              [
                32.457372282185794,
                31.520365456663264
              ],
              [
                32.45764177677103,
                31.520365456663264
              ],
              [
                32.45764177677103,
                31.520455288191677
              ],
              [
                32.458090934413086,
                31.520455288191677
              ],
              [
                32.458090934413086,
                31.520545119720087
              ],
              [
                32.458360428998326,
                31.520545119720087
              ],
              [
                32.458360428998326,
                31.5206349512485
              ],
              [
                32.45845026052674,
                31.5206349512485
              ],
              [
                32.45845026052674,
                31.520814614305323
              ],
              [
                32.458540092055145,
                31.520814614305323
              ],
              [
                32.458540092055145,
                31.520904445833736
              ],
              [
                32.45862992358356,
                31.520904445833736
              ],
              [
                32.45862992358356,
                31.52099427736215
              ],
              [
                32.45871975511197,
                31.52099427736215
              ],
              [
                32.45871975511197,
                31.521173940418972
              ],
              [
                32.458809586640385,
                31.521173940418972
              ],
              [
                32.458809586640385,
                31.521712929589444
              ],
              [
                32.45871975511197,
                31.521712929589444
              ],
              [
                32.45871975511197,
                31.521892592646267
              ],
              [
                32.45862992358356,
                31.521892592646267
              ],
              [
                32.45862992358356,
                31.52207225570309
              ],
              [
                32.458540092055145,
                31.52207225570309
              ],
              [
                32.458540092055145,
                31.52243158181674
              ],
              [
                32.45845026052674,
                31.52243158181674
              ],
              [
                32.45845026052674,
                31.52431804391339
              ],
              [
                32.458540092055145,
                31.52431804391339
              ],
              [
                32.458540092055145,
                31.52467737002704
              ],
              [
                32.45862992358356,
                31.52467737002704
              ],
              [
                32.45862992358356,
                31.52476720155545
              ],
              [
                32.45871975511197,
                31.52476720155545
              ],
              [
                32.45871975511197,
                31.524857033083862
              ],
              [
                32.458809586640385,
                31.524857033083862
              ],
              [
                32.458809586640385,
                31.525126527669098
              ],
              [
                32.4588994181688,
                31.525126527669098
              ],
              [
                32.4588994181688,
                31.52530619072592
              ],
              [
                32.458989249697204,
                31.52530619072592
              ],
              [
                32.458989249697204,
                31.525485853782747
              ],
              [
                32.45907908122562,
                31.525485853782747
              ],
              [
                32.45907908122562,
                31.52575534836798
              ],
              [
                32.45916891275403,
                31.52575534836798
              ],
              [
                32.45916891275403,
                31.525845179896393
              ],
              [
                32.45907908122562,
                31.525845179896393
              ],
              [
                32.45907908122562,
                31.52611467448163
              ],
              [
                32.458989249697204,
                31.52611467448163
              ],
              [
                32.458989249697204,
                31.526294337538452
              ],
              [
                32.4588994181688,
                31.526294337538452
              ],
              [
                32.4588994181688,
                31.52656383212369
              ],
              [
                32.458809586640385,
                31.52656383212369
              ],
              [
                32.458809586640385,
                31.5266536636521
              ],
              [
                32.45871975511197,
                31.5266536636521
              ],
              [
                32.45871975511197,
                31.52674349518051
              ],
              [
                32.45862992358356,
                31.52674349518051
              ],
              [
                32.45862992358356,
                31.526833326708925
              ],
              [
                32.45845026052674,
                31.526833326708925
              ],
              [
                32.45845026052674,
                31.526923158237338
              ],
              [
                32.45827059746991,
                31.526923158237338
              ],
              [
                32.45827059746991,
                31.527012989765748
              ],
              [
                32.458090934413086,
                31.527012989765748
              ],
              [
                32.458090934413086,
                31.52710282129416
              ],
              [
                32.45791127135627,
                31.52710282129416
              ],
              [
                32.45791127135627,
                31.527192652822574
              ],
              [
                32.45782143982785,
                31.527192652822574
              ],
              [
                32.45782143982785,
                31.527282484350984
              ],
              [
                32.45773160829944,
                31.527282484350984
              ],
              [
                32.45773160829944,
                31.527372315879397
              ],
              [
                32.457551945242614,
                31.527372315879397
              ],
              [
                32.457551945242614,
                31.52746214740781
              ],
              [
                32.457372282185794,
                31.52746214740781
              ],
              [
                32.457372282185794,
                31.52755197893622
              ],
              [
                32.45728245065738,
                31.52755197893622
              ],
              [
                32.45728245065738,
                31.527641810464633
              ],
              [
                32.457102787600554,
                31.527641810464633
              ],
              [
                32.457102787600554,
                31.527731641993043
              ],
              [
                32.456923124543735,
                31.527731641993043
              ],
              [
                32.456923124543735,
                31.527821473521456
              ],
              [
                32.45638413537326,
                31.527821473521456
              ],
              [
                32.45638413537326,
                31.52791130504987
              ],
              [
                32.45611464078802,
                31.52791130504987
              ],
              [
                32.45611464078802,
                31.52800113657828
              ],
              [
                32.45584514620279,
                31.52800113657828
              ],
              [
                32.45584514620279,
                31.528090968106692
              ],
              [
                32.454767167861846,
                31.528090968106692
              ],
              [
                32.454767167861846,
                31.52800113657828
              ],
              [
                32.45449767327661,
                31.52800113657828
              ],
              [
                32.45449767327661,
                31.52791130504987
              ],
              [
                32.45431801021979,
                31.52791130504987
              ],
              [
                32.45431801021979,
                31.527821473521456
              ],
              [
                32.453329863407255,
                31.527821473521456
              ],
              [
                32.453329863407255,
                31.527731641993043
              ],
              [
                32.452611211179956,
                31.527731641993043
              ],
              [
                32.452611211179956,
                31.527641810464633
              ],
              [
                32.45252137965155,
                31.527641810464633
              ],
              [
                32.45252137965155,
                31.52755197893622
              ],
              [
                32.45243154812314,
                31.52755197893622
              ],
              [
                32.45243154812314,
                31.527372315879397
              ],
              [
                32.452341716594724,
                31.527372315879397
              ],
              [
                32.452341716594724,
                31.52674349518051
              ],
              [
                32.45243154812314,
                31.52674349518051
              ],
              [
                32.45243154812314,
                31.52656383212369
              ],
              [
                32.45252137965155,
                31.52656383212369
              ],
              [
                32.45252137965155,
                31.52647400059528
              ],
              [
                32.452611211179956,
                31.52647400059528
              ],
              [
                32.452611211179956,
                31.526294337538452
              ],
              [
                32.45270104270837,
                31.526294337538452
              ],
              [
                32.45270104270837,
                31.526204506010043
              ],
              [
                32.45279087423678,
                31.526204506010043
              ],
              [
                32.45279087423678,
                31.526024842953216
              ],
              [
                32.452880705765196,
                31.526024842953216
              ],
              [
                32.452880705765196,
                31.525935011424806
              ],
              [
                32.45297053729361,
                31.525935011424806
              ],
              [
                32.45297053729361,
                31.525845179896393
              ],
              [
                32.453060368822015,
                31.525845179896393
              ],
              [
                32.453060368822015,
                31.52575534836798
              ],
              [
                32.45315020035043,
                31.52575534836798
              ],
              [
                32.45315020035043,
                31.52521635919751
              ],
              [
                32.453060368822015,
                31.52521635919751
              ],
              [
                32.453060368822015,
                31.524857033083862
              ],
              [
                32.45297053729361,
                31.524857033083862
              ],
              [
                32.45297053729361,
                31.524048549328153
              ],
              [
                32.452880705765196,
                31.524048549328153
              ],
              [
                32.452880705765196,
                31.523779054742917
              ],
              [
                32.45279087423678,
                31.523779054742917
              ],
              [
                32.45279087423678,
                31.523599391686094
              ],
              [
                32.45270104270837,
                31.523599391686094
              ],
              [
                32.45270104270837,
                31.523329897100858
              ],
              [
                32.452611211179956,
                31.523329897100858
              ],
              [
                32.452611211179956,
                31.523060402515622
              ],
              [
                32.45252137965155,
                31.523060402515622
              ],
              [
                32.45252137965155,
                31.522970570987212
              ],
              [
                32.45243154812314,
                31.522970570987212
              ],
              [
                32.45243154812314,
                31.522790907930386
              ],
              [
                32.452341716594724,
                31.522790907930386
              ],
              [
                32.452341716594724,
                31.52207225570309
              ],
              [
                32.45243154812314,
                31.52207225570309
              ],
              [
                32.45243154812314,
                31.521533266532618
              ],
              [
                32.45252137965155,
                31.521533266532618
              ],
              [
                32.45252137965155,
                31.521263771947385
              ],
              [
                32.452611211179956,
                31.521263771947385
              ],
              [
                32.452611211179956,
                31.520904445833736
              ],
              [
                32.45270104270837,
                31.520904445833736
              ],
              [
                32.45270104270837,
                31.520545119720087
              ],
              [
                32.45279087423678,
                31.520545119720087
              ],
              [
                32.45279087423678,
                31.520365456663264
              ],
              [
                32.452880705765196,
                31.520365456663264
              ],
              [
                32.452880705765196,
                31.520095962078027
              ],
              [
                32.45297053729361,
                31.520095962078027
              ],
              [
                32.45297053729361,
                31.51919764679391
              ],
              [
                32.452880705765196,
                31.51919764679391
              ],
              [
                32.452880705765196,
                31.51874848915185
              ],
              [
                32.45279087423678,
                31.51874848915185
              ],
              [
                32.45279087423678,
                31.518119668452965
              ],
              [
                32.452880705765196,
                31.518119668452965
              ],
              [
                32.452880705765196,
                31.51785017386773
              ],
              [
                32.45297053729361,
                31.51785017386773
              ],
              [
                32.45297053729361,
                31.516772195526787
              ],
              [
                32.453060368822015,
                31.516772195526787
              ],
              [
                32.453060368822015,
                31.516323037884728
              ],
              [
                32.45315020035043,
                31.516323037884728
              ],
              [
                32.45315020035043,
                31.5161433748279
              ],
              [
                32.45324003187884,
                31.5161433748279
              ],
              [
                32.45324003187884,
                31.516053543299492
              ],
              [
                32.453329863407255,
                31.516053543299492
              ],
              [
                32.453329863407255,
                31.51515522801537
              ],
              [
                32.45341969493567,
                31.51515522801537
              ],
              [
                32.45341969493567,
                31.513897586617603
              ],
              [
                32.45350952646408,
                31.513897586617603
              ],
              [
                32.45350952646408,
                31.513538260503957
              ],
              [
                32.45341969493567,
                31.513538260503957
              ],
              [
                32.45341969493567,
                31.51281960827666
              ],
              [
                32.45350952646408,
                31.51281960827666
              ],
              [
                32.45350952646408,
                31.512460282163012
              ],
              [
                32.45359935799249,
                31.512460282163012
              ],
              [
                32.45359935799249,
                31.51228061910619
              ],
              [
                32.4536891895209,
                31.51228061910619
              ],
              [
                32.4536891895209,
                31.512011124520953
              ],
              [
                32.453779021049314,
                31.512011124520953
              ],
              [
                32.453779021049314,
                31.51183146146413
              ],
              [
                32.45386885257773,
                31.51183146146413
              ],
              [
                32.45386885257773,
                31.511651798407303
              ],
              [
                32.45395868410614,
                31.511651798407303
              ],
              [
                32.45395868410614,
                31.51147213535048
              ],
              [
                32.45404851563455,
                31.51147213535048
              ],
              [
                32.45404851563455,
                31.511202640765244
              ],
              [
                32.45413834716296,
                31.511202640765244
              ],
              [
                32.45413834716296,
                31.510573820066362
              ],
              [
                32.45422817869137,
                31.510573820066362
              ],
              [
                32.45422817869137,
                31.510214493952713
              ],
              [
                32.45431801021979,
                31.510214493952713
              ],
              [
                32.45431801021979,
                31.509944999367477
              ],
              [
                32.4544078417482,
                31.509944999367477
              ],
              [
                32.4544078417482,
                31.509855167839067
              ],
              [
                32.45431801021979,
                31.509855167839067
              ],
              [
                32.45431801021979,
                31.509495841725418
              ],
              [
                32.45422817869137,
                31.509495841725418
              ],
              [
                32.45422817869137,
                31.509406010197008
              ],
              [
                32.45413834716296,
                31.509406010197008
              ],
              [
                32.45413834716296,
                31.50904668408336
              ],
              [
                32.45404851563455,
                31.50904668408336
              ],
              [
                32.45404851563455,
                31.508507694912886
              ],
              [
                32.45395868410614,
                31.508507694912886
              ],
              [
                32.45395868410614,
                31.508058537270827
              ],
              [
                32.45386885257773,
                31.508058537270827
              ],
              [
                32.45386885257773,
                31.507519548100355
              ],
              [
                32.453779021049314,
                31.507519548100355
              ],
              [
                32.453779021049314,
                31.50680089587306
              ],
              [
                32.4536891895209,
                31.50680089587306
              ],
              [
                32.4536891895209,
                31.50644156975941
              ],
              [
                32.45359935799249,
                31.50644156975941
              ],
              [
                32.45359935799249,
                31.506351738231
              ],
              [
                32.45350952646408,
                31.506351738231
              ],
              [
                32.45350952646408,
                31.506172075174177
              ],
              [
                32.45341969493567,
                31.506172075174177
              ],
              [
                32.45341969493567,
                31.505812749060528
              ],
              [
                32.453329863407255,
                31.505812749060528
              ],
              [
                32.453329863407255,
                31.50491443377641
              ],
              [
                32.45324003187884,
                31.50491443377641
              ],
              [
                32.45324003187884,
                31.504016118492288
              ],
              [
                32.453329863407255,
                31.504016118492288
              ],
              [
                32.453329863407255,
                31.503656792378642
              ],
              [
                32.45341969493567,
                31.503656792378642
              ],
              [
                32.45341969493567,
                31.50356696085023
              ],
              [
                32.45350952646408,
                31.50356696085023
              ],
              [
                32.45350952646408,
                31.503477129321816
              ],
              [
                32.45359935799249,
                31.503477129321816
              ],
              [
                32.45359935799249,
                31.503387297793406
              ],
              [
                32.4536891895209,
                31.503387297793406
              ],
              [
                32.4536891895209,
                31.503297466264993
              ],
              [
                32.453779021049314,
                31.503297466264993
              ],
              [
                32.453779021049314,
                31.503207634736583
              ],
              [
                32.45404851563455,
                31.503207634736583
              ],
              [
                32.45404851563455,
                31.50311780320817
              ],
              [
                32.45431801021979,
                31.50311780320817
              ],
              [
                32.45431801021979,
                31.503027971679757
              ],
              [
                32.45449767327661,
                31.503027971679757
              ],
              [
                32.45449767327661,
                31.502938140151347
              ],
              [
                32.454767167861846,
                31.502938140151347
              ],
              [
                32.454767167861846,
                31.502848308622934
              ],
              [
                32.45503666244708,
                31.502848308622934
              ],
              [
                32.45503666244708,
                31.50275847709452
              ],
              [
                32.45512649397549,
                31.50275847709452
              ],
              [
                32.45512649397549,
                31.50266864556611
              ],
              [
                32.455216325503905,
                31.50266864556611
              ],
              [
                32.455216325503905,
                31.502578814037697
              ],
              [
                32.45530615703232,
                31.502578814037697
              ],
              [
                32.45530615703232,
                31.502488982509284
              ],
              [
                32.45539598856073,
                31.502488982509284
              ],
              [
                32.45539598856073,
                31.50230931945246
              ],
              [
                32.455485820089145,
                31.50230931945246
              ],
              [
                32.455485820089145,
                31.502039824867225
              ],
              [
                32.45557565161755,
                31.502039824867225
              ],
              [
                32.45557565161755,
                31.501860161810402
              ],
              [
                32.455665483145964,
                31.501860161810402
              ],
              [
                32.455665483145964,
                31.50177033028199
              ],
              [
                32.45575531467438,
                31.50177033028199
              ],
              [
                32.45575531467438,
                31.501590667225166
              ],
              [
                32.45584514620279,
                31.501590667225166
              ],
              [
                32.45584514620279,
                31.501500835696753
              ],
              [
                32.455934977731204,
                31.501500835696753
              ],
              [
                32.455934977731204,
                31.501411004168343
              ],
              [
                32.45602480925961,
                31.501411004168343
              ],
              [
                32.45602480925961,
                31.50132117263993
              ],
              [
                32.45611464078802,
                31.50132117263993
              ],
              [
                32.45611464078802,
                31.501141509583107
              ],
              [
                32.456204472316436,
                31.501141509583107
              ],
              [
                32.456204472316436,
                31.50087201499787
              ],
              [
                32.45611464078802,
                31.50087201499787
              ],
              [
                32.45611464078802,
                31.500782183469457
              ],
              [
                32.455934977731204,
                31.500782183469457
              ],
              [
                32.455934977731204,
                31.500692351941048
              ],
              [
                32.45575531467438,
                31.500692351941048
              ],
              [
                32.45575531467438,
                31.500602520412635
              ],
              [
                32.45557565161755,
                31.500602520412635
              ],
              [
                32.45557565161755,
                31.50051268888422
              ],
              [
                32.45512649397549,
                31.50051268888422
              ],
              [
                32.45512649397549,
                31.50042285735581
              ],
              [
                32.45485699939026,
                31.50042285735581
              ],
              [
                32.45485699939026,
                31.5003330258274
              ],
              [
                32.454767167861846,
                31.5003330258274
              ],
              [
                32.454767167861846,
                31.50024319429899
              ],
              [
                32.45467733633343,
                31.50024319429899
              ],
              [
                32.45467733633343,
                31.500153362770575
              ],
              [
                32.45449767327661,
                31.500153362770575
              ],
              [
                32.45449767327661,
                31.500063531242162
              ],
              [
                32.4544078417482,
                31.500063531242162
              ],
              [
                32.4544078417482,
                31.49988386818534
              ],
              [
                32.45431801021979,
                31.49988386818534
              ],
              [
                32.45431801021979,
                31.49952454207169
              ],
              [
                32.45422817869137,
                31.49952454207169
              ],
              [
                32.45422817869137,
                31.49943471054328
              ],
              [
                32.45431801021979,
                31.49943471054328
              ],
              [
                32.45431801021979,
                31.49898555290122
              ],
              [
                32.4544078417482,
                31.49898555290122
              ],
              [
                32.4544078417482,
                31.498716058315985
              ],
              [
                32.45449767327661,
                31.498716058315985
              ],
              [
                32.45449767327661,
                31.49844656373075
              ],
              [
                32.45458750480502,
                31.49844656373075
              ],
              [
                32.45458750480502,
                31.498266900673926
              ],
              [
                32.45467733633343,
                31.498266900673926
              ],
              [
                32.45467733633343,
                31.49763807997504
              ],
              [
                32.45458750480502,
                31.49763807997504
              ],
              [
                32.45458750480502,
                31.496380438577273
              ],
              [
                32.45467733633343,
                31.496380438577273
              ],
              [
                32.45467733633343,
                31.495482123293154
              ],
              [
                32.454767167861846,
                31.495482123293154
              ],
              [
                32.454767167861846,
                31.495122797179505
              ],
              [
                32.45485699939026,
                31.495122797179505
              ],
              [
                32.45485699939026,
                31.494943134122682
              ],
              [
                32.45494683091867,
                31.494943134122682
              ],
              [
                32.45494683091867,
                31.49476347106586
              ],
              [
                32.45503666244708,
                31.49476347106586
              ],
              [
                32.45503666244708,
                31.494673639537446
              ],
              [
                32.45512649397549,
                31.494673639537446
              ],
              [
                32.45512649397549,
                31.494583808009033
              ],
              [
                32.455216325503905,
                31.494583808009033
              ],
              [
                32.455216325503905,
                31.49440414495221
              ],
              [
                32.45530615703232,
                31.49440414495221
              ],
              [
                32.45530615703232,
                31.4943143134238
              ],
              [
                32.45539598856073,
                31.4943143134238
              ],
              [
                32.45539598856073,
                31.494224481895387
              ],
              [
                32.455485820089145,
                31.494224481895387
              ],
              [
                32.455485820089145,
                31.493685492724914
              ],
              [
                32.45539598856073,
                31.493685492724914
              ],
              [
                32.45539598856073,
                31.49350582966809
              ],
              [
                32.45530615703232,
                31.49350582966809
              ],
              [
                32.45530615703232,
                31.493415998139678
              ],
              [
                32.455216325503905,
                31.493415998139678
              ],
              [
                32.455216325503905,
                31.493236335082855
              ],
              [
                32.45512649397549,
                31.493236335082855
              ],
              [
                32.45512649397549,
                31.493056672026032
              ],
              [
                32.45503666244708,
                31.493056672026032
              ],
              [
                32.45503666244708,
                31.49296684049762
              ],
              [
                32.45494683091867,
                31.49296684049762
              ],
              [
                32.45494683091867,
                31.492877008969206
              ],
              [
                32.45485699939026,
                31.492877008969206
              ],
              [
                32.45485699939026,
                31.49215835674191
              ],
              [
                32.45494683091867,
                31.49215835674191
              ],
              [
                32.45494683091867,
                31.4920685252135
              ],
              [
                32.45512649397549,
                31.4920685252135
              ],
              [
                32.45512649397549,
                31.491888862156674
              ],
              [
                32.455216325503905,
                31.491888862156674
              ],
              [
                32.455216325503905,
                31.49170919909985
              ],
              [
                32.45530615703232,
                31.49170919909985
              ],
              [
                32.45530615703232,
                31.491619367571438
              ],
              [
                32.45539598856073,
                31.491619367571438
              ],
              [
                32.45539598856073,
                31.49152953604303
              ],
              [
                32.455485820089145,
                31.49152953604303
              ],
              [
                32.455485820089145,
                31.491260041457792
              ],
              [
                32.45557565161755,
                31.491260041457792
              ],
              [
                32.45557565161755,
                31.49108037840097
              ],
              [
                32.455665483145964,
                31.49108037840097
              ],
              [
                32.455665483145964,
                31.490990546872556
              ],
              [
                32.45575531467438,
                31.490990546872556
              ],
              [
                32.45575531467438,
                31.490900715344143
              ],
              [
                32.45584514620279,
                31.490900715344143
              ],
              [
                32.45584514620279,
                31.49072105228732
              ],
              [
                32.455934977731204,
                31.49072105228732
              ],
              [
                32.455934977731204,
                31.490541389230497
              ],
              [
                32.45602480925961,
                31.490541389230497
              ],
              [
                32.45602480925961,
                31.490451557702084
              ],
              [
                32.45611464078802,
                31.490451557702084
              ],
              [
                32.45611464078802,
                31.490361726173674
              ],
              [
                32.456204472316436,
                31.490361726173674
              ],
              [
                32.456204472316436,
                31.490182063116848
              ],
              [
                32.45629430384485,
                31.490182063116848
              ],
              [
                32.45629430384485,
                31.490002400060025
              ],
              [
                32.456473966901676,
                31.490002400060025
              ],
              [
                32.456473966901676,
                31.48991256853161
              ],
              [
                32.45656379843008,
                31.48991256853161
              ],
              [
                32.45656379843008,
                31.48973290547479
              ],
              [
                32.456653629958495,
                31.48973290547479
              ],
              [
                32.456653629958495,
                31.489463410889552
              ],
              [
                32.45674346148691,
                31.489463410889552
              ],
              [
                32.45674346148691,
                31.48928374783273
              ],
              [
                32.45683329301532,
                31.48928374783273
              ],
              [
                32.45683329301532,
                31.489104084775907
              ],
              [
                32.456923124543735,
                31.489104084775907
              ],
              [
                32.456923124543735,
                31.488744758662257
              ],
              [
                32.45701295607214,
                31.488744758662257
              ],
              [
                32.45701295607214,
                31.488385432548608
              ],
              [
                32.457102787600554,
                31.488385432548608
              ],
              [
                32.457102787600554,
                31.488026106434962
              ],
              [
                32.45701295607214,
                31.488026106434962
              ],
              [
                32.45701295607214,
                31.487756611849726
              ],
              [
                32.456923124543735,
                31.487756611849726
              ],
              [
                32.456923124543735,
                31.48748711726449
              ],
              [
                32.45683329301532,
                31.48748711726449
              ],
              [
                32.45683329301532,
                31.487397285736076
              ],
              [
                32.45674346148691,
                31.487397285736076
              ],
              [
                32.45674346148691,
                31.487307454207667
              ],
              [
                32.456653629958495,
                31.487307454207667
              ],
              [
                32.456653629958495,
                31.487127791150844
              ],
              [
                32.45656379843008,
                31.487127791150844
              ],
              [
                32.45656379843008,
                31.48703795962243
              ],
              [
                32.456473966901676,
                31.48703795962243
              ],
              [
                32.456473966901676,
                31.486948128094017
              ],
              [
                32.45638413537326,
                31.486948128094017
              ],
              [
                32.45638413537326,
                31.486858296565607
              ],
              [
                32.456204472316436,
                31.486858296565607
              ],
              [
                32.456204472316436,
                31.486768465037194
              ],
              [
                32.455934977731204,
                31.486768465037194
              ],
              [
                32.455934977731204,
                31.48667863350878
              ],
              [
                32.45575531467438,
                31.48667863350878
              ],
              [
                32.45575531467438,
                31.48658880198037
              ],
              [
                32.45557565161755,
                31.48658880198037
              ],
              [
                32.45557565161755,
                31.486498970451958
              ],
              [
                32.45512649397549,
                31.486498970451958
              ],
              [
                32.45512649397549,
                31.486409138923545
              ],
              [
                32.45485699939026,
                31.486409138923545
              ],
              [
                32.45485699939026,
                31.486319307395135
              ],
              [
                32.454767167861846,
                31.486319307395135
              ],
              [
                32.454767167861846,
                31.486229475866722
              ],
              [
                32.45467733633343,
                31.486229475866722
              ],
              [
                32.45467733633343,
                31.486139644338312
              ],
              [
                32.45449767327661,
                31.486139644338312
              ],
              [
                32.45449767327661,
                31.4860498128099
              ],
              [
                32.4544078417482,
                31.4860498128099
              ],
              [
                32.4544078417482,
                31.485959981281486
              ],
              [
                32.45431801021979,
                31.485959981281486
              ],
              [
                32.45431801021979,
                31.485870149753076
              ],
              [
                32.45422817869137,
                31.485870149753076
              ],
              [
                32.45422817869137,
                31.485780318224663
              ],
              [
                32.45413834716296,
                31.485780318224663
              ],
              [
                32.45413834716296,
                31.48560065516784
              ],
              [
                32.45404851563455,
                31.48560065516784
              ],
              [
                32.45404851563455,
                31.485420992111013
              ],
              [
                32.45395868410614,
                31.485420992111013
              ],
              [
                32.45395868410614,
                31.485331160582604
              ],
              [
                32.45386885257773,
                31.485331160582604
              ],
              [
                32.45386885257773,
                31.48524132905419
              ],
              [
                32.453779021049314,
                31.48524132905419
              ],
              [
                32.453779021049314,
                31.48515149752578
              ],
              [
                32.4536891895209,
                31.48515149752578
              ],
              [
                32.4536891895209,
                31.485061665997367
              ],
              [
                32.45341969493567,
                31.485061665997367
              ],
              [
                32.45341969493567,
                31.484971834468954
              ],
              [
                32.45324003187884,
                31.484971834468954
              ],
              [
                32.45324003187884,
                31.484882002940545
              ],
              [
                32.453060368822015,
                31.484882002940545
              ],
              [
                32.453060368822015,
                31.48479217141213
              ],
              [
                32.45297053729361,
                31.48479217141213
              ],
              [
                32.45297053729361,
                31.484702339883718
              ],
              [
                32.45279087423678,
                31.484702339883718
              ],
              [
                32.45279087423678,
                31.48461250835531
              ],
              [
                32.45270104270837,
                31.48461250835531
              ],
              [
                32.45270104270837,
                31.484522676826895
              ],
              [
                32.452611211179956,
                31.484522676826895
              ],
              [
                32.452611211179956,
                31.484432845298482
              ],
              [
                32.45252137965155,
                31.484432845298482
              ],
              [
                32.45252137965155,
                31.484343013770072
              ],
              [
                32.45243154812314,
                31.484343013770072
              ],
              [
                32.45243154812314,
                31.48425318224166
              ],
              [
                32.452341716594724,
                31.48425318224166
              ],
              [
                32.452341716594724,
                31.484073519184836
              ],
              [
                32.45225188506631,
                31.484073519184836
              ],
              [
                32.45225188506631,
                31.483534530014364
              ],
              [
                32.452341716594724,
                31.483534530014364
              ],
              [
                32.452341716594724,
                31.483265035429127
              ],
              [
                32.45243154812314,
                31.483265035429127
              ],
              [
                32.45243154812314,
                31.483085372372305
              ],
              [
                32.45252137965155,
                31.483085372372305
              ],
              [
                32.45252137965155,
                31.48290570931548
              ],
              [
                32.452611211179956,
                31.48290570931548
              ],
              [
                32.452611211179956,
                31.482187057088186
              ],
              [
                32.45252137965155,
                31.482187057088186
              ],
              [
                32.45252137965155,
                31.48200739403136
              ],
              [
                32.45243154812314,
                31.48200739403136
              ],
              [
                32.45243154812314,
                31.48191756250295
              ],
              [
                32.452341716594724,
                31.48191756250295
              ],
              [
                32.452341716594724,
                31.481827730974537
              ],
              [
                32.4521620535379,
                31.481827730974537
              ],
              [
                32.4521620535379,
                31.481737899446124
              ],
              [
                32.45180272742425,
                31.481737899446124
              ],
              [
                32.45180272742425,
                31.481648067917714
              ],
              [
                32.45135356978219,
                31.481648067917714
              ],
              [
                32.45135356978219,
                31.4815582363893
              ],
              [
                32.449287444628716,
                31.4815582363893
              ],
              [
                32.449287444628716,
                31.481648067917714
              ],
              [
                32.44910778157189,
                31.481648067917714
              ],
              [
                32.44910778157189,
                31.481737899446124
              ],
              [
                32.44865862392983,
                31.481737899446124
              ],
              [
                32.44865862392983,
                31.481827730974537
              ],
              [
                32.4483891293446,
                31.481827730974537
              ],
              [
                32.4483891293446,
                31.48191756250295
              ],
              [
                32.44820946628777,
                31.48191756250295
              ],
              [
                32.44820946628777,
                31.48200739403136
              ],
              [
                32.44793997170254,
                31.48200739403136
              ],
              [
                32.44793997170254,
                31.482097225559773
              ],
              [
                32.44677216183318,
                31.482097225559773
              ],
              [
                32.44677216183318,
                31.48200739403136
              ],
              [
                32.44668233030477,
                31.48200739403136
              ],
              [
                32.44668233030477,
                31.481827730974537
              ],
              [
                32.446592498776354,
                31.481827730974537
              ],
              [
                32.446592498776354,
                31.481468404860887
              ],
              [
                32.44650266724795,
                31.481468404860887
              ],
              [
                32.44650266724795,
                31.48101924721883
              ],
              [
                32.446412835719535,
                31.48101924721883
              ],
              [
                32.446412835719535,
                31.480749752633592
              ],
              [
                32.44632300419112,
                31.480749752633592
              ],
              [
                32.44632300419112,
                31.48057008957677
              ],
              [
                32.44623317266271,
                31.48057008957677
              ],
              [
                32.44623317266271,
                31.480031100406297
              ],
              [
                32.446143341134295,
                31.480031100406297
              ],
              [
                32.446143341134295,
                31.479581942764238
              ],
              [
                32.44623317266271,
                31.479581942764238
              ],
              [
                32.44623317266271,
                31.479312448179
              ],
              [
                32.44632300419112,
                31.479312448179
              ],
              [
                32.44632300419112,
                31.479222616650592
              ],
              [
                32.44650266724795,
                31.479222616650592
              ],
              [
                32.44650266724795,
                31.47913278512218
              ],
              [
                32.446592498776354,
                31.47913278512218
              ],
              [
                32.446592498776354,
                31.479042953593765
              ],
              [
                32.44677216183318,
                31.479042953593765
              ],
              [
                32.44677216183318,
                31.478953122065356
              ],
              [
                32.446861993361594,
                31.478953122065356
              ],
              [
                32.446861993361594,
                31.478863290536943
              ],
              [
                32.44695182489001,
                31.478863290536943
              ],
              [
                32.44695182489001,
                31.47877345900853
              ],
              [
                32.44713148794683,
                31.47877345900853
              ],
              [
                32.44713148794683,
                31.47868362748012
              ],
              [
                32.44722131947524,
                31.47868362748012
              ],
              [
                32.44722131947524,
                31.478414132894883
              ],
              [
                32.44731115100365,
                31.478414132894883
              ],
              [
                32.44731115100365,
                31.478144638309647
              ],
              [
                32.447400982532066,
                31.478144638309647
              ],
              [
                32.447400982532066,
                31.477964975252824
              ],
              [
                32.44749081406048,
                31.477964975252824
              ],
              [
                32.44749081406048,
                31.477695480667588
              ],
              [
                32.447580645588886,
                31.477695480667588
              ],
              [
                32.447580645588886,
                31.476976828440293
              ],
              [
                32.4476704771173,
                31.476976828440293
              ],
              [
                32.4476704771173,
                31.476617502326643
              ],
              [
                32.44776030864571,
                31.476617502326643
              ],
              [
                32.44776030864571,
                31.47643783926982
              ],
              [
                32.447850140174125,
                31.47643783926982
              ],
              [
                32.447850140174125,
                31.476348007741407
              ],
              [
                32.44793997170254,
                31.476348007741407
              ],
              [
                32.44793997170254,
                31.476168344684584
              ],
              [
                32.44802980323095,
                31.476168344684584
              ],
              [
                32.44802980323095,
                31.47598868162776
              ],
              [
                32.44811963475936,
                31.47598868162776
              ],
              [
                32.44811963475936,
                31.475898850099348
              ],
              [
                32.44820946628777,
                31.475898850099348
              ],
              [
                32.44820946628777,
                31.475809018570935
              ],
              [
                32.448299297816185,
                31.475809018570935
              ],
              [
                32.448299297816185,
                31.475629355514112
              ],
              [
                32.4483891293446,
                31.475629355514112
              ],
              [
                32.4483891293446,
                31.47544969245729
              ],
              [
                32.44847896087301,
                31.47544969245729
              ],
              [
                32.44847896087301,
                31.475359860928876
              ],
              [
                32.44856879240142,
                31.475359860928876
              ],
              [
                32.44856879240142,
                31.475180197872053
              ],
              [
                32.44865862392983,
                31.475180197872053
              ],
              [
                32.44865862392983,
                31.47509036634364
              ],
              [
                32.448748455458244,
                31.47509036634364
              ],
              [
                32.448748455458244,
                31.474910703286817
              ],
              [
                32.44883828698666,
                31.474910703286817
              ],
              [
                32.44883828698666,
                31.474820871758403
              ],
              [
                32.44892811851507,
                31.474820871758403
              ],
              [
                32.44892811851507,
                31.474731040229994
              ],
              [
                32.44901795004348,
                31.474731040229994
              ],
              [
                32.44901795004348,
                31.474551377173167
              ],
              [
                32.44910778157189,
                31.474551377173167
              ],
              [
                32.44910778157189,
                31.474461545644758
              ],
              [
                32.4491976131003,
                31.474461545644758
              ],
              [
                32.4491976131003,
                31.474371714116344
              ],
              [
                32.449287444628716,
                31.474371714116344
              ],
              [
                32.449287444628716,
                31.47428188258793
              ],
              [
                32.44937727615713,
                31.47428188258793
              ],
              [
                32.44937727615713,
                31.47419205105952
              ],
              [
                32.44946710768554,
                31.47419205105952
              ],
              [
                32.44946710768554,
                31.474102219531108
              ],
              [
                32.44964677074236,
                31.474102219531108
              ],
              [
                32.44964677074236,
                31.4740123880027
              ],
              [
                32.449736602270775,
                31.4740123880027
              ],
              [
                32.449736602270775,
                31.473832724945872
              ],
              [
                32.44982643379919,
                31.473832724945872
              ],
              [
                32.44982643379919,
                31.47365306188905
              ],
              [
                32.4499162653276,
                31.47365306188905
              ],
              [
                32.4499162653276,
                31.473473398832226
              ],
              [
                32.450006096856015,
                31.473473398832226
              ],
              [
                32.450006096856015,
                31.47320390424699
              ],
              [
                32.45009592838442,
                31.47320390424699
              ],
              [
                32.45009592838442,
                31.472485252019695
              ],
              [
                32.450185759912834,
                31.472485252019695
              ],
              [
                32.450185759912834,
                31.47221575743446
              ],
              [
                32.45027559144125,
                31.47221575743446
              ],
              [
                32.45027559144125,
                31.472125925906045
              ],
              [
                32.45036542296966,
                31.472125925906045
              ],
              [
                32.45036542296966,
                31.472036094377636
              ],
              [
                32.450455254498074,
                31.472036094377636
              ],
              [
                32.450455254498074,
                31.47185643132081
              ],
              [
                32.45054508602649,
                31.47185643132081
              ],
              [
                32.45054508602649,
                31.4717665997924
              ],
              [
                32.45063491755489,
                31.4717665997924
              ],
              [
                32.45063491755489,
                31.471676768263986
              ],
              [
                32.45072474908331,
                31.471676768263986
              ],
              [
                32.45072474908331,
                31.471586936735573
              ],
              [
                32.45090441214013,
                31.471586936735573
              ],
              [
                32.45090441214013,
                31.471497105207163
              ],
              [
                32.450994243668546,
                31.471497105207163
              ],
              [
                32.450994243668546,
                31.47140727367875
              ],
              [
                32.45108407519695,
                31.47140727367875
              ],
              [
                32.45108407519695,
                31.471317442150337
              ],
              [
                32.45135356978219,
                31.471317442150337
              ],
              [
                32.45135356978219,
                31.471227610621927
              ],
              [
                32.45153323283902,
                31.471227610621927
              ],
              [
                32.45153323283902,
                31.471137779093514
              ],
              [
                32.451623064367425,
                31.471137779093514
              ],
              [
                32.451623064367425,
                31.471047947565104
              ],
              [
                32.45171289589584,
                31.471047947565104
              ],
              [
                32.45171289589584,
                31.47095811603669
              ],
              [
                32.451892558952665,
                31.47095811603669
              ],
              [
                32.451892558952665,
                31.470778452979868
              ],
              [
                32.45198239048108,
                31.470778452979868
              ],
              [
                32.45198239048108,
                31.470688621451455
              ],
              [
                32.452072222009484,
                31.470688621451455
              ],
              [
                32.452072222009484,
                31.47059878992304
              ],
              [
                32.4521620535379,
                31.47059878992304
              ],
              [
                32.4521620535379,
                31.470508958394632
              ],
              [
                32.45225188506631,
                31.470508958394632
              ],
              [
                32.45225188506631,
                31.470329295337805
              ],
              [
                32.452341716594724,
                31.470329295337805
              ],
              [
                32.452341716594724,
                31.470239463809396
              ],
              [
                32.45243154812314,
                31.470239463809396
              ],
              [
                32.45243154812314,
                31.470059800752573
              ],
              [
                32.45252137965155,
                31.470059800752573
              ],
              [
                32.45252137965155,
                31.46996996922416
              ],
              [
                32.452611211179956,
                31.46996996922416
              ],
              [
                32.452611211179956,
                31.46961064311051
              ],
              [
                32.45270104270837,
                31.46961064311051
              ],
              [
                32.45270104270837,
                31.469341148525274
              ],
              [
                32.45279087423678,
                31.469341148525274
              ],
              [
                32.45279087423678,
                31.46916148546845
              ],
              [
                32.452880705765196,
                31.46916148546845
              ],
              [
                32.452880705765196,
                31.46907165394004
              ],
              [
                32.45297053729361,
                31.46907165394004
              ],
              [
                32.45297053729361,
                31.468712327826392
              ],
              [
                32.453060368822015,
                31.468712327826392
              ],
              [
                32.453060368822015,
                31.468353001712742
              ],
              [
                32.45315020035043,
                31.468353001712742
              ],
              [
                32.45315020035043,
                31.46817333865592
              ],
              [
                32.45324003187884,
                31.46817333865592
              ],
              [
                32.45324003187884,
                31.467903844070683
              ],
              [
                32.453329863407255,
                31.467903844070683
              ],
              [
                32.453329863407255,
                31.46673603420133
              ],
              [
                32.45341969493567,
                31.46673603420133
              ],
              [
                32.45341969493567,
                31.466466539616093
              ],
              [
                32.45350952646408,
                31.466466539616093
              ],
              [
                32.45350952646408,
                31.46628687655927
              ],
              [
                32.4536891895209,
                31.46628687655927
              ],
              [
                32.4536891895209,
                31.466107213502447
              ],
              [
                32.453779021049314,
                31.466107213502447
              ],
              [
                32.453779021049314,
                31.466017381974034
              ],
              [
                32.45386885257773,
                31.466017381974034
              ],
              [
                32.45386885257773,
                31.46592755044562
              ],
              [
                32.45395868410614,
                31.46592755044562
              ],
              [
                32.45395868410614,
                31.46583771891721
              ],
              [
                32.45404851563455,
                31.46583771891721
              ],
              [
                32.45404851563455,
                31.465658055860384
              ],
              [
                32.45413834716296,
                31.465658055860384
              ],
              [
                32.45413834716296,
                31.46547839280356
              ],
              [
                32.45422817869137,
                31.46547839280356
              ],
              [
                32.45422817869137,
                31.465388561275148
              ],
              [
                32.45431801021979,
                31.465388561275148
              ],
              [
                32.45431801021979,
                31.465208898218325
              ],
              [
                32.4544078417482,
                31.465208898218325
              ],
              [
                32.4544078417482,
                31.463861425292148
              ],
              [
                32.45449767327661,
                31.463861425292148
              ],
              [
                32.45449767327661,
                31.4635020991785
              ],
              [
                32.45458750480502,
                31.4635020991785
              ],
              [
                32.45458750480502,
                31.463412267650085
              ],
              [
                32.45467733633343,
                31.463412267650085
              ],
              [
                32.45467733633343,
                31.463232604593262
              ],
              [
                32.454767167861846,
                31.463232604593262
              ],
              [
                32.454767167861846,
                31.46305294153644
              ],
              [
                32.45485699939026,
                31.46305294153644
              ],
              [
                32.45485699939026,
                31.462873278479616
              ],
              [
                32.45494683091867,
                31.462873278479616
              ],
              [
                32.45494683091867,
                31.46269361542279
              ],
              [
                32.45503666244708,
                31.46269361542279
              ],
              [
                32.45503666244708,
                31.46260378389438
              ],
              [
                32.45512649397549,
                31.46260378389438
              ],
              [
                32.45512649397549,
                31.462424120837554
              ],
              [
                32.455216325503905,
                31.462424120837554
              ],
              [
                32.455216325503905,
                31.46161563708185
              ],
              [
                32.46743341336793,
                31.46161563708185
              ],
              [
                32.46743341336793,
                31.462513952365967
              ],
              [
                32.46734358183952,
                31.462513952365967
              ],
              [
                32.46734358183952,
                31.463232604593262
              ],
              [
                32.46725375031111,
                31.463232604593262
              ],
              [
                32.46725375031111,
                31.46368176223532
              ],
              [
                32.467163918782695,
                31.46368176223532
              ],
              [
                32.467163918782695,
                31.46404108834897
              ],
              [
                32.46707408725428,
                31.46404108834897
              ],
              [
                32.46707408725428,
                31.464220751405794
              ],
              [
                32.46698425572587,
                31.464220751405794
              ],
              [
                32.46698425572587,
                31.464400414462617
              ],
              [
                32.466894424197456,
                31.464400414462617
              ],
              [
                32.466894424197456,
                31.46449024599103
              ],
              [
                32.466714761140636,
                31.46449024599103
              ],
              [
                32.466714761140636,
                31.464580077519443
              ],
              [
                32.46662492961222,
                31.464580077519443
              ],
              [
                32.46662492961222,
                31.464669909047853
              ],
              [
                32.46653509808381,
                31.464669909047853
              ],
              [
                32.46653509808381,
                31.464759740576266
              ],
              [
                32.4664452665554,
                31.464759740576266
              ],
              [
                32.4664452665554,
                31.46484957210468
              ],
              [
                32.46635543502699,
                31.46484957210468
              ],
              [
                32.46635543502699,
                31.46493940363309
              ],
              [
                32.46626560349858,
                31.46493940363309
              ],
              [
                32.46626560349858,
                31.465029235161502
              ],
              [
                32.466175771970164,
                31.465029235161502
              ],
              [
                32.466175771970164,
                31.465208898218325
              ],
              [
                32.46608594044175,
                31.465208898218325
              ],
              [
                32.46608594044175,
                31.46547839280356
              ],
              [
                32.46599610891334,
                31.46547839280356
              ],
              [
                32.46599610891334,
                31.46583771891721
              ],
              [
                32.465906277384924,
                31.46583771891721
              ],
              [
                32.465906277384924,
                31.466017381974034
              ],
              [
                32.46581644585652,
                31.466017381974034
              ],
              [
                32.46581644585652,
                31.466197045030857
              ],
              [
                32.465726614328105,
                31.466197045030857
              ],
              [
                32.465726614328105,
                31.466466539616093
              ],
              [
                32.46563678279969,
                31.466466539616093
              ],
              [
                32.46563678279969,
                31.466646202672916
              ],
              [
                32.46554695127128,
                31.466646202672916
              ],
              [
                32.46554695127128,
                31.46673603420133
              ],
              [
                32.46536728821446,
                31.46673603420133
              ],
              [
                32.46536728821446,
                31.466915697258152
              ],
              [
                32.465277456686046,
                31.466915697258152
              ],
              [
                32.465277456686046,
                31.467005528786565
              ],
              [
                32.46518762515763,
                31.467005528786565
              ],
              [
                32.46518762515763,
                31.46709536031498
              ],
              [
                32.46509779362922,
                31.46709536031498
              ],
              [
                32.46509779362922,
                31.467185191843388
              ],
              [
                32.465007962100806,
                31.467185191843388
              ],
              [
                32.465007962100806,
                31.46736485490021
              ],
              [
                32.46491813057239,
                31.46736485490021
              ],
              [
                32.46491813057239,
                31.467544517957037
              ],
              [
                32.46482829904399,
                31.467544517957037
              ],
              [
                32.46482829904399,
                31.46772418101386
              ],
              [
                32.46473846751557,
                31.46772418101386
              ],
              [
                32.46473846751557,
                31.467814012542274
              ],
              [
                32.46464863598716,
                31.467814012542274
              ],
              [
                32.46464863598716,
                31.471317442150337
              ],
              [
                32.46473846751557,
                31.471317442150337
              ],
              [
                32.46473846751557,
                31.471676768263986
              ],
              [
                32.46482829904399,
                31.471676768263986
              ],
              [
                32.46482829904399,
                31.472036094377636
              ],
              [
                32.46491813057239,
                31.472036094377636
              ],
              [
                32.46491813057239,
                31.47239542049128
              ],
              [
                32.465007962100806,
                31.47239542049128
              ],
              [
                32.465007962100806,
                31.472575083548104
              ],
              [
                32.46509779362922,
                31.472575083548104
              ],
              [
                32.46509779362922,
                31.472664915076518
              ],
              [
                32.465277456686046,
                31.472664915076518
              ],
              [
                32.465277456686046,
                31.47275474660493
              ],
              [
                32.465457119742865,
                31.47275474660493
              ],
              [
                32.465457119742865,
                31.47284457813334
              ],
              [
                32.46554695127128,
                31.47284457813334
              ],
              [
                32.46554695127128,
                31.472934409661754
              ],
              [
                32.46563678279969,
                31.472934409661754
              ],
              [
                32.46563678279969,
                31.473024241190167
              ],
              [
                32.46581644585652,
                31.473024241190167
              ],
              [
                32.46581644585652,
                31.473114072718577
              ],
              [
                32.46599610891334,
                31.473114072718577
              ],
              [
                32.46599610891334,
                31.47320390424699
              ],
              [
                32.46608594044175,
                31.47320390424699
              ],
              [
                32.46608594044175,
                31.473383567303813
              ],
              [
                32.466175771970164,
                31.473383567303813
              ],
              [
                32.466175771970164,
                31.473473398832226
              ],
              [
                32.46635543502699,
                31.473473398832226
              ],
              [
                32.46635543502699,
                31.473742893417462
              ],
              [
                32.4664452665554,
                31.473742893417462
              ],
              [
                32.4664452665554,
                31.474551377173167
              ],
              [
                32.46635543502699,
                31.474551377173167
              ],
              [
                32.46635543502699,
                31.47643783926982
              ],
              [
                32.4664452665554,
                31.47643783926982
              ],
              [
                32.4664452665554,
                31.477156491497116
              ],
              [
                32.46653509808381,
                31.477156491497116
              ],
              [
                32.46653509808381,
                31.47733615455394
              ],
              [
                32.46662492961222,
                31.47733615455394
              ],
              [
                32.46662492961222,
                31.47751581761076
              ],
              [
                32.466714761140636,
                31.47751581761076
              ],
              [
                32.466714761140636,
                31.47787514372441
              ],
              [
                32.46680459266905,
                31.47787514372441
              ],
              [
                32.46680459266905,
                31.478054806781234
              ],
              [
                32.466894424197456,
                31.478054806781234
              ],
              [
                32.466894424197456,
                31.478144638309647
              ],
              [
                32.46698425572587,
                31.478144638309647
              ],
              [
                32.46698425572587,
                31.47832430136647
              ],
              [
                32.46707408725428,
                31.47832430136647
              ],
              [
                32.46707408725428,
                31.478414132894883
              ],
              [
                32.467163918782695,
                31.478414132894883
              ],
              [
                32.467163918782695,
                31.478593795951706
              ],
              [
                32.46725375031111,
                31.478593795951706
              ],
              [
                32.46725375031111,
                31.47868362748012
              ],
              [
                32.46734358183952,
                31.47868362748012
              ],
              [
                32.46734358183952,
                31.47877345900853
              ],
              [
                32.46743341336793,
                31.47877345900853
              ],
              [
                32.46743341336793,
                31.478953122065356
              ],
              [
                32.46752324489634,
                31.478953122065356
              ],
              [
                32.46752324489634,
                31.47913278512218
              ],
              [
                32.467613076424755,
                31.47913278512218
              ],
              [
                32.467613076424755,
                31.479222616650592
              ],
              [
                32.46770290795317,
                31.479222616650592
              ],
              [
                32.46770290795317,
                31.479402279707415
              ],
              [
                32.46779273948158,
                31.479402279707415
              ],
              [
                32.46779273948158,
                31.479581942764238
              ],
              [
                32.46788257100999,
                31.479581942764238
              ],
              [
                32.46788257100999,
                31.47976160582106
              ],
              [
                32.4679724025384,
                31.47976160582106
              ],
              [
                32.4679724025384,
                31.479851437349474
              ],
              [
                32.46815206559523,
                31.479851437349474
              ],
              [
                32.46815206559523,
                31.479941268877887
              ],
              [
                32.46824189712364,
                31.479941268877887
              ],
              [
                32.46824189712364,
                31.48012093193471
              ],
              [
                32.46833172865205,
                31.48012093193471
              ],
              [
                32.46833172865205,
                31.480210763463123
              ],
              [
                32.46851139170887,
                31.480210763463123
              ],
              [
                32.46851139170887,
                31.480300594991533
              ],
              [
                32.468601223237286,
                31.480300594991533
              ],
              [
                32.468601223237286,
                31.480480258048356
              ],
              [
                32.4686910547657,
                31.480480258048356
              ],
              [
                32.4686910547657,
                31.48057008957677
              ],
              [
                32.46878088629411,
                31.48057008957677
              ],
              [
                32.46878088629411,
                31.480659921105183
              ],
              [
                32.46887071782252,
                31.480659921105183
              ],
              [
                32.46887071782252,
                31.480839584162005
              ],
              [
                32.46896054935093,
                31.480839584162005
              ],
              [
                32.46896054935093,
                31.48101924721883
              ],
              [
                32.469050380879345,
                31.48101924721883
              ],
              [
                32.469050380879345,
                31.48110907874724
              ],
              [
                32.46914021240776,
                31.48110907874724
              ],
              [
                32.46914021240776,
                31.481288741804065
              ],
              [
                32.46923004393617,
                31.481288741804065
              ],
              [
                32.46923004393617,
                31.481378573332478
              ],
              [
                32.469319875464585,
                31.481378573332478
              ],
              [
                32.469319875464585,
                31.4815582363893
              ],
              [
                32.46940970699299,
                31.4815582363893
              ],
              [
                32.46940970699299,
                31.481648067917714
              ],
              [
                32.469499538521404,
                31.481648067917714
              ],
              [
                32.469499538521404,
                31.481737899446124
              ],
              [
                32.46958937004982,
                31.481737899446124
              ],
              [
                32.46958937004982,
                31.48191756250295
              ],
              [
                32.46967920157823,
                31.48191756250295
              ],
              [
                32.46967920157823,
                31.48200739403136
              ],
              [
                32.469769033106644,
                31.48200739403136
              ],
              [
                32.469769033106644,
                31.482097225559773
              ],
              [
                32.46985886463505,
                31.482097225559773
              ],
              [
                32.46985886463505,
                31.482187057088186
              ],
              [
                32.46994869616346,
                31.482187057088186
              ],
              [
                32.46994869616346,
                31.48236672014501
              ],
              [
                32.47003852769188,
                31.48236672014501
              ],
              [
                32.47003852769188,
                31.48290570931548
              ],
              [
                32.47012835922029,
                31.48290570931548
              ],
              [
                32.47012835922029,
                31.483175203900718
              ],
              [
                32.4702181907487,
                31.483175203900718
              ],
              [
                32.4702181907487,
                31.48344469848595
              ],
              [
                32.470308022277116,
                31.48344469848595
              ],
              [
                32.470308022277116,
                31.48416335071325
              ],
              [
                32.47039785380552,
                31.48416335071325
              ],
              [
                32.47039785380552,
                31.48479217141213
              ],
              [
                32.470487685333936,
                31.48479217141213
              ],
              [
                32.470487685333936,
                31.485061665997367
              ],
              [
                32.47057751686235,
                31.485061665997367
              ],
              [
                32.47057751686235,
                31.48524132905419
              ],
              [
                32.47066734839076,
                31.48524132905419
              ],
              [
                32.47066734839076,
                31.485510823639427
              ],
              [
                32.470757179919175,
                31.485510823639427
              ],
              [
                32.470757179919175,
                31.48560065516784
              ],
              [
                32.47084701144758,
                31.48560065516784
              ],
              [
                32.47084701144758,
                31.48569048669625
              ],
              [
                32.470936842975995,
                31.48569048669625
              ],
              [
                32.470936842975995,
                31.485780318224663
              ],
              [
                32.47102667450441,
                31.485780318224663
              ],
              [
                32.47102667450441,
                31.485870149753076
              ],
              [
                32.47111650603282,
                31.485870149753076
              ],
              [
                32.47111650603282,
                31.4860498128099
              ],
              [
                32.47129616908965,
                31.4860498128099
              ],
              [
                32.47129616908965,
                31.486139644338312
              ],
              [
                32.471386000618054,
                31.486139644338312
              ],
              [
                32.471386000618054,
                31.486319307395135
              ],
              [
                32.47147583214647,
                31.486319307395135
              ],
              [
                32.47147583214647,
                31.486498970451958
              ],
              [
                32.47156566367488,
                31.486498970451958
              ],
              [
                32.47156566367488,
                31.48667863350878
              ],
              [
                32.471655495203294,
                31.48667863350878
              ],
              [
                32.471655495203294,
                31.486768465037194
              ],
              [
                32.47174532673171,
                31.486768465037194
              ],
              [
                32.47174532673171,
                31.48703795962243
              ],
              [
                32.47183515826011,
                31.48703795962243
              ],
              [
                32.47183515826011,
                31.487397285736076
              ],
              [
                32.471924989788526,
                31.487397285736076
              ],
              [
                32.471924989788526,
                31.487576948792903
              ],
              [
                32.47201482131694,
                31.487576948792903
              ],
              [
                32.47201482131694,
                31.487666780321312
              ],
              [
                32.47210465284535,
                31.487666780321312
              ],
              [
                32.47210465284535,
                31.48793627490655
              ],
              [
                32.472194484373766,
                31.48793627490655
              ],
              [
                32.472194484373766,
                31.488205769491785
              ],
              [
                32.47228431590218,
                31.488205769491785
              ],
              [
                32.47228431590218,
                31.488385432548608
              ],
              [
                32.472374147430585,
                31.488385432548608
              ],
              [
                32.472374147430585,
                31.48847526407702
              ],
              [
                32.472463978959,
                31.48847526407702
              ],
              [
                32.472463978959,
                31.488744758662257
              ],
              [
                32.47255381048741,
                31.488744758662257
              ],
              [
                32.47255381048741,
                31.48892442171908
              ],
              [
                32.472643642015825,
                31.48892442171908
              ],
              [
                32.472643642015825,
                31.489104084775907
              ],
              [
                32.47273347354424,
                31.489104084775907
              ],
              [
                32.47273347354424,
                31.489193916304316
              ],
              [
                32.472823305072644,
                31.489193916304316
              ],
              [
                32.472823305072644,
                31.489463410889552
              ],
              [
                32.47291313660106,
                31.489463410889552
              ],
              [
                32.47291313660106,
                31.489822737003202
              ],
              [
                32.47300296812947,
                31.489822737003202
              ],
              [
                32.47300296812947,
                31.490002400060025
              ],
              [
                32.473092799657884,
                31.490002400060025
              ],
              [
                32.473092799657884,
                31.490092231588438
              ],
              [
                32.4731826311863,
                31.490092231588438
              ],
              [
                32.4731826311863,
                31.490451557702084
              ],
              [
                32.47327246271471,
                31.490451557702084
              ],
              [
                32.47327246271471,
                31.49072105228732
              ],
              [
                32.47336229424312,
                31.49072105228732
              ],
              [
                32.47336229424312,
                31.490900715344143
              ],
              [
                32.47345212577153,
                31.490900715344143
              ],
              [
                32.47345212577153,
                31.491619367571438
              ],
              [
                32.47336229424312,
                31.491619367571438
              ],
              [
                32.47336229424312,
                31.49215835674191
              ],
              [
                32.47327246271471,
                31.49215835674191
              ],
              [
                32.47327246271471,
                31.492787177440796
              ],
              [
                32.47336229424312,
                31.492787177440796
              ],
              [
                32.47336229424312,
                31.493146503554442
              ],
              [
                32.47345212577153,
                31.493146503554442
              ],
              [
                32.47345212577153,
                31.49350582966809
              ],
              [
                32.47354195729994,
                31.49350582966809
              ],
              [
                32.47354195729994,
                31.494134650366973
              ],
              [
                32.47363178882836,
                31.494134650366973
              ],
              [
                32.47363178882836,
                31.49476347106586
              ],
              [
                32.47372162035677,
                31.49476347106586
              ],
              [
                32.47372162035677,
                31.494943134122682
              ],
              [
                32.473811451885176,
                31.494943134122682
              ],
              [
                32.473811451885176,
                31.495212628707918
              ],
              [
                32.47390128341359,
                31.495212628707918
              ],
              [
                32.47390128341359,
                31.495571954821564
              ],
              [
                32.473991114942,
                31.495571954821564
              ],
              [
                32.473991114942,
                31.496110943992036
              ],
              [
                32.474080946470416,
                31.496110943992036
              ],
              [
                32.474080946470416,
                31.496470270105686
              ],
              [
                32.47417077799883,
                31.496470270105686
              ],
              [
                32.47417077799883,
                31.496739764690922
              ],
              [
                32.47426060952724,
                31.496739764690922
              ],
              [
                32.47426060952724,
                31.497009259276158
              ],
              [
                32.47435044105565,
                31.497009259276158
              ],
              [
                32.47435044105565,
                31.49718892233298
              ],
              [
                32.47444027258406,
                31.49718892233298
              ],
              [
                32.47444027258406,
                31.497368585389804
              ],
              [
                32.474530104112475,
                31.497368585389804
              ],
              [
                32.474530104112475,
                31.497458416918217
              ],
              [
                32.47461993564089,
                31.497458416918217
              ],
              [
                32.47461993564089,
                31.497548248446627
              ],
              [
                32.4747097671693,
                31.497548248446627
              ],
              [
                32.4747097671693,
                31.497727911503453
              ],
              [
                32.47479959869771,
                31.497727911503453
              ],
              [
                32.47479959869771,
                31.497817743031863
              ],
              [
                32.47488943022612,
                31.497817743031863
              ],
              [
                32.47488943022612,
                31.497907574560276
              ],
              [
                32.474979261754534,
                31.497907574560276
              ],
              [
                32.474979261754534,
                31.49799740608869
              ],
              [
                32.47506909328295,
                31.49799740608869
              ],
              [
                32.47506909328295,
                31.4980872376171
              ],
              [
                32.47515892481136,
                31.4980872376171
              ],
              [
                32.47515892481136,
                31.498177069145513
              ],
              [
                32.47533858786818,
                31.498177069145513
              ],
              [
                32.47533858786818,
                31.498266900673926
              ],
              [
                32.47542841939659,
                31.498266900673926
              ],
              [
                32.47542841939659,
                31.49844656373075
              ],
              [
                32.475518250925006,
                31.49844656373075
              ],
              [
                32.475518250925006,
                31.49853639525916
              ],
              [
                32.47569791398183,
                31.49853639525916
              ],
              [
                32.47569791398183,
                31.498716058315985
              ],
              [
                32.47578774551024,
                31.498716058315985
              ],
              [
                32.47578774551024,
                31.498805889844395
              ],
              [
                32.47587757703865,
                31.498805889844395
              ],
              [
                32.47587757703865,
                31.498895721372808
              ],
              [
                32.475967408567065,
                31.498895721372808
              ],
              [
                32.475967408567065,
                31.49898555290122
              ],
              [
                32.47605724009548,
                31.49898555290122
              ],
              [
                32.47605724009548,
                31.49907538442963
              ],
              [
                32.47614707162389,
                31.49907538442963
              ],
              [
                32.47614707162389,
                31.499255047486457
              ],
              [
                32.476236903152305,
                31.499255047486457
              ],
              [
                32.476236903152305,
                31.499344879014867
              ],
              [
                32.47632673468071,
                31.499344879014867
              ],
              [
                32.47632673468071,
                31.49943471054328
              ],
              [
                32.476416566209124,
                31.49943471054328
              ],
              [
                32.476416566209124,
                31.49952454207169
              ],
              [
                32.47650639773754,
                31.49952454207169
              ],
              [
                32.47650639773754,
                31.499704205128516
              ],
              [
                32.47659622926595,
                31.499704205128516
              ],
              [
                32.47659622926595,
                31.499794036656926
              ],
              [
                32.476686060794364,
                31.499794036656926
              ],
              [
                32.476686060794364,
                31.49988386818534
              ],
              [
                32.47677589232277,
                31.49988386818534
              ],
              [
                32.47677589232277,
                31.499973699713752
              ],
              [
                32.47686572385118,
                31.499973699713752
              ],
              [
                32.47686572385118,
                31.500063531242162
              ],
              [
                32.4769555553796,
                31.500063531242162
              ],
              [
                32.4769555553796,
                31.500153362770575
              ],
              [
                32.47704538690801,
                31.500153362770575
              ],
              [
                32.47704538690801,
                31.50024319429899
              ],
              [
                32.47713521843642,
                31.50024319429899
              ],
              [
                32.47713521843642,
                31.5003330258274
              ],
              [
                32.47722504996484,
                31.5003330258274
              ],
              [
                32.47722504996484,
                31.50042285735581
              ],
              [
                32.47731488149324,
                31.50042285735581
              ],
              [
                32.47731488149324,
                31.50051268888422
              ],
              [
                32.477404713021656,
                31.50051268888422
              ],
              [
                32.477404713021656,
                31.500602520412635
              ],
              [
                32.47749454455007,
                31.500602520412635
              ],
              [
                32.47749454455007,
                31.500782183469457
              ],
              [
                32.47758437607848,
                31.500782183469457
              ],
              [
                32.47758437607848,
                31.50087201499787
              ],
              [
                32.477674207606896,
                31.50087201499787
              ],
              [
                32.477674207606896,
                31.500961846526284
              ],
              [
                32.4777640391353,
                31.500961846526284
              ],
              [
                32.4777640391353,
                31.501051678054694
              ],
              [
                32.477853870663715,
                31.501051678054694
              ],
              [
                32.477853870663715,
                31.501141509583107
              ],
              [
                32.47794370219213,
                31.501141509583107
              ],
              [
                32.47794370219213,
                31.50132117263993
              ],
              [
                32.47803353372054,
                31.50132117263993
              ],
              [
                32.47803353372054,
                31.501411004168343
              ],
              [
                32.47821319677737,
                31.501411004168343
              ],
              [
                32.47821319677737,
                31.501500835696753
              ],
              [
                32.47839285983419,
                31.501500835696753
              ],
              [
                32.47839285983419,
                31.501590667225166
              ],
              [
                32.4784826913626,
                31.501590667225166
              ],
              [
                32.4784826913626,
                31.50168049875358
              ],
              [
                32.478572522891014,
                31.50168049875358
              ],
              [
                32.478572522891014,
                31.50177033028199
              ],
              [
                32.47866235441943,
                31.50177033028199
              ],
              [
                32.47866235441943,
                31.501860161810402
              ],
              [
                32.47875218594783,
                31.501860161810402
              ],
              [
                32.47875218594783,
                31.501949993338815
              ],
              [
                32.478842017476246,
                31.501949993338815
              ],
              [
                32.478842017476246,
                31.502039824867225
              ],
              [
                32.47893184900466,
                31.502039824867225
              ],
              [
                32.47893184900466,
                31.50212965639564
              ],
              [
                32.47902168053307,
                31.50212965639564
              ],
              [
                32.47902168053307,
                31.50221948792405
              ],
              [
                32.479111512061486,
                31.50221948792405
              ],
              [
                32.479111512061486,
                31.50230931945246
              ],
              [
                32.4792013435899,
                31.50230931945246
              ],
              [
                32.4792013435899,
                31.502488982509284
              ],
              [
                32.479291175118306,
                31.502488982509284
              ],
              [
                32.479291175118306,
                31.502578814037697
              ],
              [
                32.47938100664672,
                31.502578814037697
              ],
              [
                32.47938100664672,
                31.502848308622934
              ],
              [
                32.479560669703545,
                31.502848308622934
              ],
              [
                32.479560669703545,
                31.502938140151347
              ],
              [
                32.47965050123196,
                31.502938140151347
              ],
              [
                32.47965050123196,
                31.50311780320817
              ],
              [
                32.479740332760365,
                31.50311780320817
              ],
              [
                32.479740332760365,
                31.503207634736583
              ],
              [
                32.47983016428878,
                31.503207634736583
              ],
              [
                32.47983016428878,
                31.503297466264993
              ],
              [
                32.47991999581719,
                31.503297466264993
              ],
              [
                32.47991999581719,
                31.503387297793406
              ],
              [
                32.480009827345604,
                31.503387297793406
              ],
              [
                32.480009827345604,
                31.503656792378642
              ],
              [
                32.48009965887402,
                31.503656792378642
              ],
              [
                32.48009965887402,
                31.50392628696388
              ],
              [
                32.48018949040243,
                31.50392628696388
              ],
              [
                32.48018949040243,
                31.5041059500207
              ],
              [
                32.48027932193084,
                31.5041059500207
              ],
              [
                32.48027932193084,
                31.504285613077524
              ],
              [
                32.48036915345925,
                31.504285613077524
              ],
              [
                32.48036915345925,
                31.504465276134347
              ],
              [
                32.48045898498766,
                31.504465276134347
              ],
              [
                32.48045898498766,
                31.504734770719583
              ],
              [
                32.48054881651608,
                31.504734770719583
              ],
              [
                32.48054881651608,
                31.504824602247997
              ],
              [
                32.48063864804449,
                31.504824602247997
              ],
              [
                32.48063864804449,
                31.50491443377641
              ],
              [
                32.480728479572896,
                31.50491443377641
              ],
              [
                32.480728479572896,
                31.505094096833233
              ],
              [
                32.48081831110131,
                31.505094096833233
              ],
              [
                32.48081831110131,
                31.505273759890056
              ],
              [
                32.48090814262972,
                31.505273759890056
              ],
              [
                32.48090814262972,
                31.50536359141847
              ],
              [
                32.480997974158136,
                31.50536359141847
              ],
              [
                32.480997974158136,
                31.505543254475292
              ],
              [
                32.48108780568655,
                31.505543254475292
              ],
              [
                32.48108780568655,
                31.505722917532115
              ],
              [
                32.48117763721496,
                31.505722917532115
              ],
              [
                32.48117763721496,
                31.50599241211735
              ],
              [
                32.48126746874337,
                31.50599241211735
              ],
              [
                32.48126746874337,
                31.506172075174177
              ],
              [
                32.48135730027178,
                31.506172075174177
              ],
              [
                32.48135730027178,
                31.506261906702587
              ],
              [
                32.481447131800195,
                31.506261906702587
              ],
              [
                32.481447131800195,
                31.506621232816236
              ],
              [
                32.48153696332861,
                31.506621232816236
              ],
              [
                32.48153696332861,
                31.506890727401473
              ],
              [
                32.48162679485702,
                31.506890727401473
              ],
              [
                32.48162679485702,
                31.507070390458296
              ],
              [
                32.48171662638543,
                31.507070390458296
              ],
              [
                32.48171662638543,
                31.50716022198671
              ],
              [
                32.48180645791384,
                31.50716022198671
              ],
              [
                32.48180645791384,
                31.50725005351512
              ],
              [
                32.481896289442254,
                31.50725005351512
              ],
              [
                32.481896289442254,
                31.507339885043532
              ],
              [
                32.48198612097067,
                31.507339885043532
              ],
              [
                32.48198612097067,
                31.50742971657194
              ],
              [
                32.48207595249908,
                31.50742971657194
              ],
              [
                32.48207595249908,
                31.507519548100355
              ],
              [
                32.482435278612726,
                31.507519548100355
              ],
              [
                32.482435278612726,
                31.507609379628768
              ],
              [
                32.48279460472637,
                31.507609379628768
              ],
              [
                32.48279460472637,
                31.507699211157178
              ],
              [
                32.4829742677832,
                31.507699211157178
              ],
              [
                32.4829742677832,
                31.50778904268559
              ],
              [
                32.48306409931161,
                31.50778904268559
              ],
              [
                32.48306409931161,
                31.507878874214004
              ],
              [
                32.483333593896845,
                31.507878874214004
              ],
              [
                32.483333593896845,
                31.507968705742414
              ],
              [
                32.48351325695367,
                31.507968705742414
              ],
              [
                32.48351325695367,
                31.508058537270827
              ],
              [
                32.483603088482084,
                31.508058537270827
              ],
              [
                32.483603088482084,
                31.50814836879924
              ],
              [
                32.4836929200105,
                31.50814836879924
              ],
              [
                32.4836929200105,
                31.50823820032765
              ],
              [
                32.483782751538904,
                31.50823820032765
              ],
              [
                32.483782751538904,
                31.508328031856063
              ],
              [
                32.48387258306732,
                31.508328031856063
              ],
              [
                32.48387258306732,
                31.508417863384476
              ],
              [
                32.48396241459573,
                31.508417863384476
              ],
              [
                32.48396241459573,
                31.508867021026536
              ],
              [
                32.48405224612414,
                31.508867021026536
              ],
              [
                32.48405224612414,
                31.509406010197008
              ],
              [
                32.48414207765256,
                31.509406010197008
              ],
              [
                32.48414207765256,
                31.509765336310654
              ],
              [
                32.48405224612414,
                31.509765336310654
              ],
              [
                32.48405224612414,
                31.509944999367477
              ],
              [
                32.48396241459573,
                31.509944999367477
              ],
              [
                32.48396241459573,
                31.51003483089589
              ],
              [
                32.48387258306732,
                31.51003483089589
              ],
              [
                32.48387258306732,
                31.510124662424303
              ],
              [
                32.4836929200105,
                31.510124662424303
              ],
              [
                32.4836929200105,
                31.510214493952713
              ],
              [
                32.48351325695367,
                31.510214493952713
              ],
              [
                32.48351325695367,
                31.510304325481126
              ],
              [
                32.483333593896845,
                31.510304325481126
              ],
              [
                32.483333593896845,
                31.51039415700954
              ],
              [
                32.48324376236843,
                31.51039415700954
              ],
              [
                32.48324376236843,
                31.51048398853795
              ],
              [
                32.48306409931161,
                31.51048398853795
              ],
              [
                32.48306409931161,
                31.510573820066362
              ],
              [
                32.482704773197966,
                31.510573820066362
              ],
              [
                32.482704773197966,
                31.510663651594772
              ],
              [
                32.48261494166955,
                31.510663651594772
              ],
              [
                32.48261494166955,
                31.510753483123185
              ],
              [
                32.48252511014114,
                31.510753483123185
              ],
              [
                32.48252511014114,
                31.5108433146516
              ],
              [
                32.48234544708431,
                31.5108433146516
              ],
              [
                32.48234544708431,
                31.510933146180008
              ],
              [
                32.4822556155559,
                31.510933146180008
              ],
              [
                32.4822556155559,
                31.51102297770842
              ],
              [
                32.482165784027494,
                31.51102297770842
              ],
              [
                32.482165784027494,
                31.51147213535048
              ],
              [
                32.4822556155559,
                31.51147213535048
              ],
              [
                32.4822556155559,
                31.511561966878894
              ],
              [
                32.48234544708431,
                31.511561966878894
              ],
              [
                32.48234544708431,
                31.511651798407303
              ],
              [
                32.48252511014114,
                31.511651798407303
              ],
              [
                32.48252511014114,
                31.511741629935717
              ],
              [
                32.48261494166955,
                31.511741629935717
              ],
              [
                32.48261494166955,
                31.51183146146413
              ],
              [
                32.482704773197966,
                31.51183146146413
              ],
              [
                32.482704773197966,
                31.51192129299254
              ],
              [
                32.482884436254785,
                31.51192129299254
              ],
              [
                32.482884436254785,
                31.512011124520953
              ],
              [
                32.4829742677832,
                31.512011124520953
              ],
              [
                32.4829742677832,
                31.512190787577776
              ],
              [
                32.483153930840025,
                31.512190787577776
              ],
              [
                32.483153930840025,
                31.51228061910619
              ],
              [
                32.48324376236843,
                31.51228061910619
              ],
              [
                32.48324376236843,
                31.512460282163012
              ],
              [
                32.483333593896845,
                31.512460282163012
              ],
              [
                32.483333593896845,
                31.512550113691425
              ],
              [
                32.48342342542526,
                31.512550113691425
              ],
              [
                32.48342342542526,
                31.512639945219835
              ],
              [
                32.48351325695367,
                31.512639945219835
              ],
              [
                32.48351325695367,
                31.512729776748248
              ],
              [
                32.483603088482084,
                31.512729776748248
              ],
              [
                32.483603088482084,
                31.51281960827666
              ],
              [
                32.4836929200105,
                31.51281960827666
              ],
              [
                32.4836929200105,
                31.51290943980507
              ],
              [
                32.48405224612414,
                31.51290943980507
              ],
              [
                32.48405224612414,
                31.512999271333484
              ],
              [
                32.48414207765256,
                31.512999271333484
              ],
              [
                32.48414207765256,
                31.51290943980507
              ],
              [
                32.48441157223779,
                31.51290943980507
              ],
              [
                32.48441157223779,
                31.51281960827666
              ],
              [
                32.484591235294616,
                31.51281960827666
              ],
              [
                32.484591235294616,
                31.512639945219835
              ],
              [
                32.484770898351435,
                31.512639945219835
              ],
              [
                32.484770898351435,
                31.512550113691425
              ],
              [
                32.48486072987985,
                31.512550113691425
              ],
              [
                32.48486072987985,
                31.512460282163012
              ],
              [
                32.48495056140826,
                31.512460282163012
              ],
              [
                32.48495056140826,
                31.51228061910619
              ],
              [
                32.485040392936675,
                31.51228061910619
              ],
              [
                32.485040392936675,
                31.512190787577776
              ],
              [
                32.48513022446509,
                31.512190787577776
              ],
              [
                32.48513022446509,
                31.512100956049366
              ],
              [
                32.48530988752191,
                31.512100956049366
              ],
              [
                32.48530988752191,
                31.512011124520953
              ],
              [
                32.48575904516397,
                31.512011124520953
              ],
              [
                32.48575904516397,
                31.512100956049366
              ],
              [
                32.48593870822079,
                31.512100956049366
              ],
              [
                32.48593870822079,
                31.512190787577776
              ],
              [
                32.486208202806026,
                31.512190787577776
              ],
              [
                32.486208202806026,
                31.51228061910619
              ],
              [
                32.48656752891968,
                31.51228061910619
              ],
              [
                32.48656752891968,
                31.512370450634602
              ],
              [
                32.4867471919765,
                31.512370450634602
              ],
              [
                32.4867471919765,
                31.512460282163012
              ],
              [
                32.48683702350491,
                31.512460282163012
              ],
              [
                32.48683702350491,
                31.512550113691425
              ],
              [
                32.486926855033325,
                31.512550113691425
              ],
              [
                32.486926855033325,
                31.512639945219835
              ],
              [
                32.48701668656174,
                31.512639945219835
              ],
              [
                32.48701668656174,
                31.51281960827666
              ],
              [
                32.48710651809015,
                31.51281960827666
              ],
              [
                32.48710651809015,
                31.51290943980507
              ],
              [
                32.48719634961856,
                31.51290943980507
              ],
              [
                32.48719634961856,
                31.51326876591872
              ],
              [
                32.48728618114697,
                31.51326876591872
              ],
              [
                32.48728618114697,
                31.513807755089193
              ],
              [
                32.487376012675384,
                31.513807755089193
              ],
              [
                32.487376012675384,
                31.51407724967443
              ],
              [
                32.48728618114697,
                31.51407724967443
              ],
              [
                32.48728618114697,
                31.514526407316488
              ],
              [
                32.48719634961856,
                31.514526407316488
              ],
              [
                32.48719634961856,
                31.514795901901724
              ],
              [
                32.48710651809015,
                31.514795901901724
              ],
              [
                32.48710651809015,
                31.514885733430134
              ],
              [
                32.486926855033325,
                31.514885733430134
              ],
              [
                32.486926855033325,
                31.51506539648696
              ],
              [
                32.48683702350491,
                31.51506539648696
              ],
              [
                32.48683702350491,
                31.51515522801537
              ],
              [
                32.48665736044809,
                31.51515522801537
              ],
              [
                32.48665736044809,
                31.515245059543783
              ],
              [
                32.48656752891968,
                31.515245059543783
              ],
              [
                32.48656752891968,
                31.515334891072197
              ],
              [
                32.486477697391265,
                31.515334891072197
              ],
              [
                32.486477697391265,
                31.515424722600606
              ],
              [
                32.48638786586285,
                31.515424722600606
              ],
              [
                32.48638786586285,
                31.51551455412902
              ],
              [
                32.486208202806026,
                31.51551455412902
              ],
              [
                32.486208202806026,
                31.51560438565743
              ],
              [
                32.48611837127762,
                31.51560438565743
              ],
              [
                32.48611837127762,
                31.515694217185843
              ],
              [
                32.48593870822079,
                31.515694217185843
              ],
              [
                32.48593870822079,
                31.515784048714256
              ],
              [
                32.48584887669238,
                31.515784048714256
              ],
              [
                32.48584887669238,
                31.515873880242665
              ],
              [
                32.48566921363556,
                31.515873880242665
              ],
              [
                32.48566921363556,
                31.51596371177108
              ],
              [
                32.485489550578734,
                31.51596371177108
              ],
              [
                32.485489550578734,
                31.516053543299492
              ],
              [
                32.48539971905032,
                31.516053543299492
              ],
              [
                32.48539971905032,
                31.5161433748279
              ],
              [
                32.48530988752191,
                31.5161433748279
              ],
              [
                32.48530988752191,
                31.516233206356315
              ],
              [
                32.48513022446509,
                31.516233206356315
              ],
              [
                32.48513022446509,
                31.516323037884728
              ],
              [
                32.485040392936675,
                31.516323037884728
              ],
              [
                32.485040392936675,
                31.51650270094155
              ],
              [
                32.48495056140826,
                31.51650270094155
              ],
              [
                32.48495056140826,
                31.51659253246996
              ],
              [
                32.48486072987985,
                31.51659253246996
              ],
              [
                32.48486072987985,
                31.516682363998374
              ],
              [
                32.484770898351435,
                31.516682363998374
              ],
              [
                32.484770898351435,
                31.51695185858361
              ],
              [
                32.48468106682303,
                31.51695185858361
              ],
              [
                32.48468106682303,
                31.517580679282492
              ],
              [
                32.484591235294616,
                31.517580679282492
              ],
              [
                32.484591235294616,
                31.51776034233932
              ],
              [
                32.4845014037662,
                31.51776034233932
              ],
              [
                32.4845014037662,
                31.518029836924555
              ],
              [
                32.48441157223779,
                31.518029836924555
              ],
              [
                32.48441157223779,
                31.518478994566614
              ],
              [
                32.484321740709376,
                31.518478994566614
              ],
              [
                32.484321740709376,
                31.518658657623437
              ],
              [
                32.48423190918096,
                31.518658657623437
              ],
              [
                32.48423190918096,
                31.51874848915185
              ],
              [
                32.48414207765256,
                31.51874848915185
              ],
              [
                32.48414207765256,
                31.51883832068026
              ],
              [
                32.48405224612414,
                31.51883832068026
              ],
              [
                32.48405224612414,
                31.518928152208673
              ],
              [
                32.48396241459573,
                31.518928152208673
              ],
              [
                32.48396241459573,
                31.519017983737086
              ],
              [
                32.48387258306732,
                31.519017983737086
              ],
              [
                32.48387258306732,
                31.519107815265496
              ],
              [
                32.483782751538904,
                31.519107815265496
              ],
              [
                32.483782751538904,
                31.51919764679391
              ],
              [
                32.48351325695367,
                31.51919764679391
              ],
              [
                32.48351325695367,
                31.519287478322322
              ],
              [
                32.483333593896845,
                31.519287478322322
              ],
              [
                32.483333593896845,
                31.519377309850732
              ],
              [
                32.483153930840025,
                31.519377309850732
              ],
              [
                32.483153930840025,
                31.519467141379145
              ],
              [
                32.4829742677832,
                31.519467141379145
              ],
              [
                32.4829742677832,
                31.519556972907555
              ],
              [
                32.48279460472637,
                31.519556972907555
              ],
              [
                32.48279460472637,
                31.51964680443597
              ],
              [
                32.482704773197966,
                31.51964680443597
              ],
              [
                32.482704773197966,
                31.51973663596438
              ],
              [
                32.48261494166955,
                31.51973663596438
              ],
              [
                32.48261494166955,
                31.519916299021205
              ],
              [
                32.48252511014114,
                31.519916299021205
              ],
              [
                32.48252511014114,
                31.520095962078027
              ],
              [
                32.482435278612726,
                31.520095962078027
              ],
              [
                32.482435278612726,
                31.520275625134854
              ],
              [
                32.48234544708431,
                31.520275625134854
              ],
              [
                32.48234544708431,
                31.520455288191677
              ],
              [
                32.4822556155559,
                31.520455288191677
              ],
              [
                32.4822556155559,
                31.52099427736215
              ],
              [
                32.482165784027494,
                31.52099427736215
              ],
              [
                32.482165784027494,
                31.521533266532618
              ],
              [
                32.4822556155559,
                31.521533266532618
              ],
              [
                32.4822556155559,
                31.52207225570309
              ],
              [
                32.48234544708431,
                31.52207225570309
              ],
              [
                32.48234544708431,
                31.522341750288327
              ],
              [
                32.482435278612726,
                31.522341750288327
              ],
              [
                32.482435278612726,
                31.52252141334515
              ],
              [
                32.48252511014114,
                31.52252141334515
              ],
              [
                32.48252511014114,
                31.522790907930386
              ],
              [
                32.48261494166955,
                31.522790907930386
              ],
              [
                32.48261494166955,
                31.522970570987212
              ],
              [
                32.482704773197966,
                31.522970570987212
              ],
              [
                32.482704773197966,
                31.523060402515622
              ],
              [
                32.48279460472637,
                31.523060402515622
              ],
              [
                32.48279460472637,
                31.52324006557245
              ],
              [
                32.482884436254785,
                31.52324006557245
              ],
              [
                32.482884436254785,
                31.523329897100858
              ],
              [
                32.4829742677832,
                31.523329897100858
              ],
              [
                32.4829742677832,
                31.52341972862927
              ],
              [
                32.48306409931161,
                31.52341972862927
              ],
              [
                32.48306409931161,
                31.523509560157684
              ],
              [
                32.483153930840025,
                31.523509560157684
              ],
              [
                32.483153930840025,
                31.523599391686094
              ],
              [
                32.48324376236843,
                31.523599391686094
              ],
              [
                32.48324376236843,
                31.523689223214507
              ],
              [
                32.483333593896845,
                31.523689223214507
              ],
              [
                32.483333593896845,
                31.523779054742917
              ],
              [
                32.48342342542526,
                31.523779054742917
              ],
              [
                32.48342342542526,
                31.52386888627133
              ],
              [
                32.48351325695367,
                31.52386888627133
              ],
              [
                32.48351325695367,
                31.523958717799744
              ],
              [
                32.483603088482084,
                31.523958717799744
              ],
              [
                32.483603088482084,
                31.524048549328153
              ],
              [
                32.48351325695367,
                31.524048549328153
              ],
              [
                32.48351325695367,
                31.52431804391339
              ],
              [
                32.48342342542526,
                31.52431804391339
              ],
              [
                32.48342342542526,
                31.524407875441803
              ],
              [
                32.483333593896845,
                31.524407875441803
              ],
              [
                32.483333593896845,
                31.524497706970216
              ],
              [
                32.48306409931161,
                31.524497706970216
              ],
              [
                32.48306409931161,
                31.524587538498626
              ],
              [
                32.482884436254785,
                31.524587538498626
              ],
              [
                32.482884436254785,
                31.52467737002704
              ],
              [
                32.482704773197966,
                31.52467737002704
              ],
              [
                32.482704773197966,
                31.52476720155545
              ],
              [
                32.48261494166955,
                31.52476720155545
              ],
              [
                32.48261494166955,
                31.524857033083862
              ],
              [
                32.482435278612726,
                31.524857033083862
              ],
              [
                32.482435278612726,
                31.524946864612275
              ],
              [
                32.4822556155559,
                31.524946864612275
              ],
              [
                32.4822556155559,
                31.525126527669098
              ],
              [
                32.482165784027494,
                31.525126527669098
              ],
              [
                32.482165784027494,
                31.52530619072592
              ],
              [
                32.48207595249908,
                31.52530619072592
              ],
              [
                32.48207595249908,
                31.525396022254334
              ],
              [
                32.48198612097067,
                31.525396022254334
              ],
              [
                32.48198612097067,
                31.525485853782747
              ],
              [
                32.481896289442254,
                31.525485853782747
              ],
              [
                32.481896289442254,
                31.52575534836798
              ],
              [
                32.48180645791384,
                31.52575534836798
              ],
              [
                32.48180645791384,
                31.526204506010043
              ],
              [
                32.48171662638543,
                31.526204506010043
              ],
              [
                32.48171662638543,
                31.526384169066866
              ],
              [
                32.48162679485702,
                31.526384169066866
              ],
              [
                32.48162679485702,
                31.52656383212369
              ],
              [
                32.48153696332861,
                31.52656383212369
              ],
              [
                32.48153696332861,
                31.52800113657828
              ],
              [
                32.481447131800195,
                31.52800113657828
              ],
              [
                32.481447131800195,
                31.528719788805574
              ],
              [
                32.48135730027178,
                31.528719788805574
              ],
              [
                32.48135730027178,
                31.528809620333988
              ],
              [
                32.48126746874337,
                31.528809620333988
              ],
              [
                32.48126746874337,
                31.5288994518624
              ],
              [
                32.48117763721496,
                31.5288994518624
              ],
              [
                32.48117763721496,
                31.529168946447637
              ],
              [
                32.48108780568655,
                31.529168946447637
              ],
              [
                32.48108780568655,
                31.52934860950446
              ],
              [
                32.480997974158136,
                31.52934860950446
              ],
              [
                32.480997974158136,
                31.529438441032873
              ],
              [
                32.48090814262972,
                31.529438441032873
              ],
              [
                32.48090814262972,
                31.529618104089696
              ],
              [
                32.48081831110131,
                31.529618104089696
              ],
              [
                32.48081831110131,
                31.529707935618106
              ],
              [
                32.480728479572896,
                31.529707935618106
              ],
              [
                32.480728479572896,
                31.529887598674932
              ],
              [
                32.48063864804449,
                31.529887598674932
              ],
              [
                32.48063864804449,
                31.529977430203342
              ],
              [
                32.48054881651608,
                31.529977430203342
              ],
              [
                32.48054881651608,
                31.530067261731755
              ],
              [
                32.48045898498766,
                31.530067261731755
              ],
              [
                32.48045898498766,
                31.53015709326017
              ],
              [
                32.48036915345925,
                31.53015709326017
              ],
              [
                32.48036915345925,
                31.530246924788578
              ],
              [
                32.48027932193084,
                31.530246924788578
              ],
              [
                32.48027932193084,
                31.53033675631699
              ],
              [
                32.48009965887402,
                31.53033675631699
              ],
              [
                32.48009965887402,
                31.530426587845405
              ],
              [
                32.480009827345604,
                31.530426587845405
              ],
              [
                32.480009827345604,
                31.530516419373814
              ],
              [
                32.47991999581719,
                31.530516419373814
              ],
              [
                32.47991999581719,
                31.530606250902228
              ],
              [
                32.479740332760365,
                31.530606250902228
              ],
              [
                32.479740332760365,
                31.530696082430637
              ],
              [
                32.47947083817513,
                31.530696082430637
              ],
              [
                32.47947083817513,
                31.53078591395905
              ],
              [
                32.479291175118306,
                31.53078591395905
              ],
              [
                32.479291175118306,
                31.530875745487464
              ],
              [
                32.47902168053307,
                31.530875745487464
              ],
              [
                32.47902168053307,
                31.530965577015873
              ],
              [
                32.47875218594783,
                31.530965577015873
              ],
              [
                32.47875218594783,
                31.531055408544287
              ],
              [
                32.478572522891014,
                31.531055408544287
              ],
              [
                32.478572522891014,
                31.5311452400727
              ],
              [
                32.4784826913626,
                31.5311452400727
              ],
              [
                32.4784826913626,
                31.53123507160111
              ],
              [
                32.47839285983419,
                31.53123507160111
              ],
              [
                32.47839285983419,
                31.531324903129523
              ],
              [
                32.478303028305774,
                31.531324903129523
              ],
              [
                32.478303028305774,
                31.531504566186346
              ],
              [
                32.47821319677737,
                31.531504566186346
              ],
              [
                32.47821319677737,
                31.531774060771582
              ],
              [
                32.478123365248955,
                31.531774060771582
              ],
              [
                32.478123365248955,
                31.532043555356818
              ],
              [
                32.47803353372054,
                31.532043555356818
              ],
              [
                32.47803353372054,
                31.532313049942054
              ],
              [
                32.47794370219213,
                31.532313049942054
              ],
              [
                32.47794370219213,
                31.53258254452729
              ],
              [
                32.477853870663715,
                31.53258254452729
              ],
              [
                32.477853870663715,
                31.532762207584113
              ],
              [
                32.4777640391353,
                31.532762207584113
              ],
              [
                32.4777640391353,
                31.532941870640936
              ],
              [
                32.477674207606896,
                31.532941870640936
              ],
              [
                32.477674207606896,
                31.53303170216935
              ],
              [
                32.47758437607848,
                31.53303170216935
              ],
              [
                32.47758437607848,
                31.533121533697763
              ],
              [
                32.47749454455007,
                31.533121533697763
              ],
              [
                32.47749454455007,
                31.533211365226173
              ],
              [
                32.477404713021656,
                31.533211365226173
              ],
              [
                32.477404713021656,
                31.533391028283
              ],
              [
                32.47731488149324,
                31.533391028283
              ],
              [
                32.47731488149324,
                31.53348085981141
              ],
              [
                32.47722504996484,
                31.53348085981141
              ],
              [
                32.47722504996484,
                31.533570691339822
              ],
              [
                32.47713521843642,
                31.533570691339822
              ],
              [
                32.47713521843642,
                31.53366052286823
              ],
              [
                32.47704538690801,
                31.53366052286823
              ],
              [
                32.47704538690801,
                31.533750354396645
              ],
              [
                32.4769555553796,
                31.533750354396645
              ],
              [
                32.4769555553796,
                31.533840185925058
              ],
              [
                32.47686572385118,
                31.533840185925058
              ],
              [
                32.47686572385118,
                31.533930017453468
              ],
              [
                32.47677589232277,
                31.533930017453468
              ],
              [
                32.47677589232277,
                31.534109680510294
              ],
              [
                32.476686060794364,
                31.534109680510294
              ],
              [
                32.476686060794364,
                31.534199512038704
              ],
              [
                32.47659622926595,
                31.534199512038704
              ],
              [
                32.47659622926595,
                31.53437917509553
              ],
              [
                32.47650639773754,
                31.53437917509553
              ],
              [
                32.47650639773754,
                31.53482833273759
              ],
              [
                32.476416566209124,
                31.53482833273759
              ],
              [
                32.476416566209124,
                31.535367321908062
              ],
              [
                32.47632673468071,
                31.535367321908062
              ],
              [
                32.47632673468071,
                31.535546984964885
              ],
              [
                32.476236903152305,
                31.535546984964885
              ],
              [
                32.476236903152305,
                31.535726648021708
              ],
              [
                32.47614707162389,
                31.535726648021708
              ],
              [
                32.47614707162389,
                31.535996142606944
              ],
              [
                32.47605724009548,
                31.535996142606944
              ],
              [
                32.47605724009548,
                31.53626563719218
              ],
              [
                32.475967408567065,
                31.53626563719218
              ],
              [
                32.475967408567065,
                31.536355468720593
              ],
              [
                32.47587757703865,
                31.536355468720593
              ],
              [
                32.47587757703865,
                31.536445300249003
              ],
              [
                32.47578774551024,
                31.536445300249003
              ],
              [
                32.47578774551024,
                31.536804626362652
              ],
              [
                32.47569791398183,
                31.536804626362652
              ],
              [
                32.47569791398183,
                31.53707412094789
              ],
              [
                32.47560808245342,
                31.53707412094789
              ],
              [
                32.47560808245342,
                31.5371639524763
              ],
              [
                32.475518250925006,
                31.5371639524763
              ],
              [
                32.475518250925006,
                31.53725378400471
              ],
              [
                32.47542841939659,
                31.53725378400471
              ],
              [
                32.47542841939659,
                31.537343615533125
              ],
              [
                32.47533858786818,
                31.537343615533125
              ],
              [
                32.47533858786818,
                31.537433447061535
              ],
              [
                32.475248756339774,
                31.537433447061535
              ],
              [
                32.475248756339774,
                31.537523278589948
              ],
              [
                32.47515892481136,
                31.537523278589948
              ],
              [
                32.47515892481136,
                31.537613110118357
              ],
              [
                32.47506909328295,
                31.537613110118357
              ],
              [
                32.47506909328295,
                31.53770294164677
              ],
              [
                32.474979261754534,
                31.53770294164677
              ],
              [
                32.474979261754534,
                31.537792773175184
              ],
              [
                32.47479959869771,
                31.537792773175184
              ],
              [
                32.47479959869771,
                31.537882604703594
              ],
              [
                32.4747097671693,
                31.537882604703594
              ],
              [
                32.4747097671693,
                31.537972436232007
              ],
              [
                32.47461993564089,
                31.537972436232007
              ],
              [
                32.47461993564089,
                31.53806226776042
              ],
              [
                32.474530104112475,
                31.53806226776042
              ],
              [
                32.474530104112475,
                31.53815209928883
              ],
              [
                32.47444027258406,
                31.53815209928883
              ],
              [
                32.47444027258406,
                31.538241930817243
              ],
              [
                32.47435044105565,
                31.538241930817243
              ],
              [
                32.47435044105565,
                31.538331762345656
              ],
              [
                32.47426060952724,
                31.538331762345656
              ],
              [
                32.47426060952724,
                31.53851142540248
              ],
              [
                32.47417077799883,
                31.53851142540248
              ],
              [
                32.47417077799883,
                31.53860125693089
              ],
              [
                32.473991114942,
                31.53860125693089
              ],
              [
                32.473991114942,
                31.538691088459302
              ],
              [
                32.47390128341359,
                31.538691088459302
              ],
              [
                32.47390128341359,
                31.538870751516125
              ],
              [
                32.47372162035677,
                31.538870751516125
              ],
              [
                32.47372162035677,
                31.53896058304454
              ],
              [
                32.47354195729994,
                31.53896058304454
              ],
              [
                32.47354195729994,
                31.53905041457295
              ],
              [
                32.47345212577153,
                31.53905041457295
              ],
              [
                32.47345212577153,
                31.53914024610136
              ],
              [
                32.47336229424312,
                31.53914024610136
              ],
              [
                32.47336229424312,
                31.539230077629774
              ],
              [
                32.47327246271471,
                31.539230077629774
              ],
              [
                32.47327246271471,
                31.539409740686597
              ],
              [
                32.4731826311863,
                31.539409740686597
              ],
              [
                32.4731826311863,
                31.53949957221501
              ],
              [
                32.473092799657884,
                31.53949957221501
              ],
              [
                32.473092799657884,
                31.53958940374342
              ],
              [
                32.47300296812947,
                31.53958940374342
              ],
              [
                32.47300296812947,
                31.539769066800247
              ],
              [
                32.47291313660106,
                31.539769066800247
              ],
              [
                32.47291313660106,
                31.53994872985707
              ],
              [
                32.472823305072644,
                31.53994872985707
              ],
              [
                32.472823305072644,
                31.540128392913893
              ],
              [
                32.47273347354424,
                31.540128392913893
              ],
              [
                32.47273347354424,
                31.540218224442306
              ],
              [
                32.472643642015825,
                31.540218224442306
              ],
              [
                32.472643642015825,
                31.54030805597072
              ],
              [
                32.47255381048741,
                31.54030805597072
              ],
              [
                32.47255381048741,
                31.54039788749913
              ],
              [
                32.472463978959,
                31.54039788749913
              ],
              [
                32.472463978959,
                31.540487719027542
              ],
              [
                32.472374147430585,
                31.540487719027542
              ],
              [
                32.472374147430585,
                31.540577550555955
              ],
              [
                32.47228431590218,
                31.540577550555955
              ],
              [
                32.47228431590218,
                31.540667382084365
              ],
              [
                32.472194484373766,
                31.540667382084365
              ],
              [
                32.472194484373766,
                31.54075721361278
              ],
              [
                32.47210465284535,
                31.54075721361278
              ],
              [
                32.47210465284535,
                31.540847045141188
              ],
              [
                32.47201482131694,
                31.540847045141188
              ],
              [
                32.47201482131694,
                31.541026708198014
              ],
              [
                32.471924989788526,
                31.541026708198014
              ],
              [
                32.471924989788526,
                31.541116539726424
              ],
              [
                32.47183515826011,
                31.541116539726424
              ],
              [
                32.47183515826011,
                31.54138603431166
              ],
              [
                32.47174532673171,
                31.54138603431166
              ],
              [
                32.47174532673171,
                31.54174536042531
              ],
              [
                32.471655495203294,
                31.54174536042531
              ],
              [
                32.471655495203294,
                31.54183519195372
              ],
              [
                32.47156566367488,
                31.54183519195372
              ],
              [
                32.47156566367488,
                31.542014855010546
              ],
              [
                32.47147583214647,
                31.542014855010546
              ],
              [
                32.47147583214647,
                31.54219451806737
              ],
              [
                32.471386000618054,
                31.54219451806737
              ],
              [
                32.471386000618054,
                31.542374181124192
              ],
              [
                32.47129616908965,
                31.542374181124192
              ],
              [
                32.47129616908965,
                31.54255384418102
              ],
              [
                32.47111650603282,
                31.54255384418102
              ],
              [
                32.47111650603282,
                31.54273350723784
              ],
              [
                32.47102667450441,
                31.54273350723784
              ],
              [
                32.47102667450441,
                31.54282333876625
              ],
              [
                32.470936842975995,
                31.54282333876625
              ],
              [
                32.470936842975995,
                31.542913170294664
              ],
              [
                32.47084701144758,
                31.542913170294664
              ],
              [
                32.47084701144758,
                31.543003001823077
              ],
              [
                32.470757179919175,
                31.543003001823077
              ],
              [
                32.470757179919175,
                31.543092833351487
              ],
              [
                32.47066734839076,
                31.543092833351487
              ],
              [
                32.47066734839076,
                31.543272496408314
              ],
              [
                32.470487685333936,
                31.543272496408314
              ],
              [
                32.470487685333936,
                31.543452159465136
              ],
              [
                32.47039785380552,
                31.543452159465136
              ],
              [
                32.47039785380552,
                31.54363182252196
              ],
              [
                32.470308022277116,
                31.54363182252196
              ],
              [
                32.470308022277116,
                31.543811485578782
              ],
              [
                32.4702181907487,
                31.543811485578782
              ],
              [
                32.4702181907487,
                31.543901317107196
              ],
              [
                32.47012835922029,
                31.543901317107196
              ],
              [
                32.47012835922029,
                31.54399114863561
              ],
              [
                32.47003852769188,
                31.54399114863561
              ],
              [
                32.47003852769188,
                31.544440306277668
              ],
              [
                32.46994869616346,
                31.544440306277668
              ],
              [
                32.46994869616346,
                31.544799632391314
              ],
              [
                32.46985886463505,
                31.544799632391314
              ],
              [
                32.46985886463505,
                31.544889463919727
              ],
              [
                32.469769033106644,
                31.544889463919727
              ],
              [
                32.469769033106644,
                31.54506912697655
              ],
              [
                32.46967920157823,
                31.54506912697655
              ],
              [
                32.46967920157823,
                31.545338621561786
              ],
              [
                32.46958937004982,
                31.545338621561786
              ],
              [
                32.46958937004982,
                31.545518284618613
              ],
              [
                32.469499538521404,
                31.545518284618613
              ],
              [
                32.469499538521404,
                31.546326768374318
              ],
              [
                32.46958937004982,
                31.546326768374318
              ],
              [
                32.46958937004982,
                31.547404746715262
              ],
              [
                32.469499538521404,
                31.547404746715262
              ],
              [
                32.469499538521404,
                31.547584409772085
              ],
              [
                32.46940970699299,
                31.547584409772085
              ],
              [
                32.46940970699299,
                31.5476742413005
              ],
              [
                32.469319875464585,
                31.5476742413005
              ],
              [
                32.469319875464585,
                31.547943735885735
              ],
              [
                32.46923004393617,
                31.547943735885735
              ],
              [
                32.46923004393617,
                31.54830306199938
              ],
              [
                32.46914021240776,
                31.54830306199938
              ],
              [
                32.46914021240776,
                31.548482725056207
              ],
              [
                32.469050380879345,
                31.548482725056207
              ],
              [
                32.469050380879345,
                31.54866238811303
              ],
              [
                32.46896054935093,
                31.54866238811303
              ],
              [
                32.46896054935093,
                31.548842051169853
              ],
              [
                32.46887071782252,
                31.548842051169853
              ],
              [
                32.46887071782252,
                31.549021714226676
              ],
              [
                32.46878088629411,
                31.549021714226676
              ],
              [
                32.46878088629411,
                31.549201377283502
              ],
              [
                32.4686910547657,
                31.549201377283502
              ],
              [
                32.4686910547657,
                31.549291208811912
              ],
              [
                32.468601223237286,
                31.549291208811912
              ],
              [
                32.468601223237286,
                31.54947087186874
              ],
              [
                32.46851139170887,
                31.54947087186874
              ],
              [
                32.46851139170887,
                31.54965053492556
              ],
              [
                32.46842156018046,
                31.54965053492556
              ],
              [
                32.46842156018046,
                31.549830197982384
              ],
              [
                32.46833172865205,
                31.549830197982384
              ],
              [
                32.46833172865205,
                31.549920029510798
              ],
              [
                32.46824189712364,
                31.549920029510798
              ],
              [
                32.46824189712364,
                31.550189524096034
              ],
              [
                32.46815206559523,
                31.550189524096034
              ],
              [
                32.46815206559523,
                31.550369187152857
              ],
              [
                32.468062234066814,
                31.550369187152857
              ],
              [
                32.468062234066814,
                31.55054885020968
              ],
              [
                32.4679724025384,
                31.55054885020968
              ],
              [
                32.4679724025384,
                31.550728513266503
              ],
              [
                32.46788257100999,
                31.550728513266503
              ],
              [
                32.46788257100999,
                31.55099800785174
              ],
              [
                32.46779273948158,
                31.55099800785174
              ],
              [
                32.46779273948158,
                31.551267502436975
              ],
              [
                32.46770290795317,
                31.551267502436975
              ],
              [
                32.46770290795317,
                31.5514471654938
              ],
              [
                32.467613076424755,
                31.5514471654938
              ],
              [
                32.467613076424755,
                31.55153699702221
              ],
              [
                32.46752324489634,
                31.55153699702221
              ],
              [
                32.46752324489634,
                31.551806491607447
              ],
              [
                32.46743341336793,
                31.551806491607447
              ],
              [
                32.46743341336793,
                31.55198615466427
              ],
              [
                32.46734358183952,
                31.55198615466427
              ],
              [
                32.46734358183952,
                31.552075986192683
              ],
              [
                32.46725375031111,
                31.552075986192683
              ],
              [
                32.46725375031111,
                31.552165817721097
              ],
              [
                32.467163918782695,
                31.552165817721097
              ],
              [
                32.467163918782695,
                31.552435312306333
              ],
              [
                32.46707408725428,
                31.552435312306333
              ],
              [
                32.46707408725428,
                31.552614975363156
              ],
              [
                32.46698425572587,
                31.552614975363156
              ],
              [
                32.46698425572587,
                31.55279463841998
              ],
              [
                32.466894424197456,
                31.55279463841998
              ],
              [
                32.466894424197456,
                31.552884469948392
              ],
              [
                32.46680459266905,
                31.552884469948392
              ],
              [
                32.46680459266905,
                31.553064133005215
              ],
              [
                32.466714761140636,
                31.553064133005215
              ],
              [
                32.466714761140636,
                31.553153964533628
              ],
              [
                32.46662492961222,
                31.553153964533628
              ],
              [
                32.46662492961222,
                31.553243796062038
              ],
              [
                32.46653509808381,
                31.553243796062038
              ],
              [
                32.46653509808381,
                31.55333362759045
              ],
              [
                32.4664452665554,
                31.55333362759045
              ],
              [
                32.4664452665554,
                31.553423459118864
              ],
              [
                32.46635543502699,
                31.553423459118864
              ],
              [
                32.46635543502699,
                31.553513290647274
              ],
              [
                32.46626560349858,
                31.553513290647274
              ],
              [
                32.46626560349858,
                31.553603122175687
              ],
              [
                32.466175771970164,
                31.553603122175687
              ],
              [
                32.466175771970164,
                31.553692953704097
              ],
              [
                32.46608594044175,
                31.553692953704097
              ],
              [
                32.46608594044175,
                31.553872616760923
              ],
              [
                32.46599610891334,
                31.553872616760923
              ],
              [
                32.46599610891334,
                31.553962448289333
              ],
              [
                32.465906277384924,
                31.553962448289333
              ],
              [
                32.465906277384924,
                31.554052279817746
              ],
              [
                32.46581644585652,
                31.554052279817746
              ],
              [
                32.46581644585652,
                31.55414211134616
              ],
              [
                32.465726614328105,
                31.55414211134616
              ],
              [
                32.465726614328105,
                31.554321774402982
              ],
              [
                32.46563678279969,
                31.554321774402982
              ],
              [
                32.46563678279969,
                31.554411605931396
              ],
              [
                32.46554695127128,
                31.554411605931396
              ],
              [
                32.46554695127128,
                31.554501437459805
              ],
              [
                32.465457119742865,
                31.554501437459805
              ],
              [
                32.465457119742865,
                31.55459126898822
              ],
              [
                32.46536728821446,
                31.55459126898822
              ],
              [
                32.46536728821446,
                31.55468110051663
              ],
              [
                32.465277456686046,
                31.55468110051663
              ],
              [
                32.465277456686046,
                31.55477093204504
              ],
              [
                32.46509779362922,
                31.55477093204504
              ],
              [
                32.46509779362922,
                31.554860763573455
              ],
              [
                32.465007962100806,
                31.554860763573455
              ],
              [
                32.465007962100806,
                31.554950595101865
              ],
              [
                32.46491813057239,
                31.554950595101865
              ],
              [
                32.46491813057239,
                31.555040426630278
              ],
              [
                32.46473846751557,
                31.555040426630278
              ],
              [
                32.46473846751557,
                31.55513025815869
              ],
              [
                32.46464863598716,
                31.55513025815869
              ],
              [
                32.46464863598716,
                31.5552200896871
              ],
              [
                32.46455880445875,
                31.5552200896871
              ],
              [
                32.46455880445875,
                31.555309921215514
              ],
              [
                32.464468972930334,
                31.555309921215514
              ],
              [
                32.464468972930334,
                31.555399752743927
              ],
              [
                32.464289309873514,
                31.555399752743927
              ],
              [
                32.464289309873514,
                31.555489584272337
              ],
              [
                32.4641994783451,
                31.555489584272337
              ],
              [
                32.4641994783451,
                31.55557941580075
              ],
              [
                32.46410964681669,
                31.55557941580075
              ],
              [
                32.46410964681669,
                31.555669247329163
              ],
              [
                32.464019815288275,
                31.555669247329163
              ],
              [
                32.464019815288275,
                31.555759078857573
              ],
              [
                32.46392998375986,
                31.555759078857573
              ],
              [
                32.46392998375986,
                31.555848910385986
              ],
              [
                32.46375032070304,
                31.555848910385986
              ],
              [
                32.46375032070304,
                31.555938741914396
              ],
              [
                32.46366048917463,
                31.555938741914396
              ],
              [
                32.46366048917463,
                31.55602857344281
              ],
              [
                32.463570657646216,
                31.55602857344281
              ],
              [
                32.463570657646216,
                31.556118404971222
              ],
              [
                32.4634808261178,
                31.556118404971222
              ],
              [
                32.4634808261178,
                31.556208236499632
              ],
              [
                32.463390994589396,
                31.556208236499632
              ],
              [
                32.463390994589396,
                31.556298068028045
              ],
              [
                32.46330116306098,
                31.556298068028045
              ],
              [
                32.46330116306098,
                31.55638789955646
              ],
              [
                32.46321133153257,
                31.55638789955646
              ],
              [
                32.46321133153257,
                31.55647773108487
              ],
              [
                32.463121500004156,
                31.55647773108487
              ],
              [
                32.463121500004156,
                31.55656756261328
              ],
              [
                32.46303166847574,
                31.55656756261328
              ],
              [
                32.46303166847574,
                31.556657394141695
              ],
              [
                32.462852005418924,
                31.556657394141695
              ],
              [
                32.462852005418924,
                31.556837057198518
              ],
              [
                32.46276217389051,
                31.556837057198518
              ],
              [
                32.46276217389051,
                31.556926888726927
              ],
              [
                32.462582510833684,
                31.556926888726927
              ],
              [
                32.462582510833684,
                31.55701672025534
              ],
              [
                32.46249267930527,
                31.55701672025534
              ],
              [
                32.46249267930527,
                31.556926888726927
              ],
              [
                32.462133353191625,
                31.556926888726927
              ],
              [
                32.462133353191625,
                31.556837057198518
              ],
              [
                32.46204352166321,
                31.556837057198518
              ],
              [
                32.46204352166321,
                31.556657394141695
              ],
              [
                32.4619536901348,
                31.556657394141695
              ],
              [
                32.4619536901348,
                31.55647773108487
              ],
              [
                32.46186385860639,
                31.55647773108487
              ],
              [
                32.46186385860639,
                31.556298068028045
              ],
              [
                32.46177402707798,
                31.556298068028045
              ],
              [
                32.46177402707798,
                31.556118404971222
              ],
              [
                32.461684195549566,
                31.556118404971222
              ],
              [
                32.461684195549566,
                31.555848910385986
              ],
              [
                32.46159436402115,
                31.555848910385986
              ],
              [
                32.46159436402115,
                31.55513025815869
              ],
              [
                32.46150453249274,
                31.55513025815869
              ],
              [
                32.46150453249274,
                31.554860763573455
              ],
              [
                32.46141470096433,
                31.554860763573455
              ],
              [
                32.46141470096433,
                31.55459126898822
              ],
              [
                32.46132486943592,
                31.55459126898822
              ],
              [
                32.46132486943592,
                31.554411605931396
              ],
              [
                32.46123503790751,
                31.554411605931396
              ],
              [
                32.46123503790751,
                31.554321774402982
              ],
              [
                32.46087571179386,
                31.554321774402982
              ],
              [
                32.46087571179386,
                31.554411605931396
              ],
              [
                32.460696048737034,
                31.554411605931396
              ],
              [
                32.460696048737034,
                31.554501437459805
              ],
              [
                32.46060621720862,
                31.554501437459805
              ],
              [
                32.46060621720862,
                31.55468110051663
              ],
              [
                32.4604265541518,
                31.55468110051663
              ],
              [
                32.4604265541518,
                31.55477093204504
              ],
              [
                32.460246891094975,
                31.55477093204504
              ],
              [
                32.460246891094975,
                31.554860763573455
              ],
              [
                32.46015705956656,
                31.554860763573455
              ],
              [
                32.46015705956656,
                31.554950595101865
              ],
              [
                32.46006722803815,
                31.554950595101865
              ],
              [
                32.46006722803815,
                31.555040426630278
              ],
              [
                32.459797733452916,
                31.555040426630278
              ],
              [
                32.459797733452916,
                31.55513025815869
              ],
              [
                32.45934857581086,
                31.55513025815869
              ],
              [
                32.45934857581086,
                31.5552200896871
              ],
              [
                32.45916891275403,
                31.5552200896871
              ],
              [
                32.45916891275403,
                31.555309921215514
              ],
              [
                32.458989249697204,
                31.555309921215514
              ],
              [
                32.458989249697204,
                31.555399752743927
              ],
              [
                32.4588994181688,
                31.555399752743927
              ],
              [
                32.4588994181688,
                31.555489584272337
              ],
              [
                32.45871975511197,
                31.555489584272337
              ],
              [
                32.45871975511197,
                31.55557941580075
              ],
              [
                32.45862992358356,
                31.55557941580075
              ],
              [
                32.45862992358356,
                31.555669247329163
              ],
              [
                32.458540092055145,
                31.555669247329163
              ],
              [
                32.458540092055145,
                31.555848910385986
              ],
              [
                32.45845026052674,
                31.555848910385986
              ],
              [
                32.45845026052674,
                31.55602857344281
              ],
              [
                32.458360428998326,
                31.55602857344281
              ],
              [
                32.458360428998326,
                31.556118404971222
              ],
              [
                32.45827059746991,
                31.556118404971222
              ],
              [
                32.45827059746991,
                31.556208236499632
              ],
              [
                32.4581807659415,
                31.556208236499632
              ],
              [
                32.4581807659415,
                31.55638789955646
              ],
              [
                32.458090934413086,
                31.55638789955646
              ],
              [
                32.458090934413086,
                31.55656756261328
              ],
              [
                32.45800110288467,
                31.55656756261328
              ],
              [
                32.45800110288467,
                31.556657394141695
              ],
              [
                32.45791127135627,
                31.556657394141695
              ],
              [
                32.45791127135627,
                31.556747225670104
              ],
              [
                32.45782143982785,
                31.556747225670104
              ],
              [
                32.45782143982785,
                31.556926888726927
              ],
              [
                32.45773160829944,
                31.556926888726927
              ],
              [
                32.45773160829944,
                31.557106551783754
              ],
              [
                32.45764177677103,
                31.557106551783754
              ],
              [
                32.45764177677103,
                31.557286214840577
              ],
              [
                32.457551945242614,
                31.557286214840577
              ],
              [
                32.457551945242614,
                31.55737604636899
              ],
              [
                32.45746211371421,
                31.55737604636899
              ],
              [
                32.45746211371421,
                31.557555709425813
              ],
              [
                32.457372282185794,
                31.557555709425813
              ],
              [
                32.457372282185794,
                31.557645540954226
              ],
              [
                32.45728245065738,
                31.557645540954226
              ],
              [
                32.45728245065738,
                31.55782520401105
              ],
              [
                32.45719261912897,
                31.55782520401105
              ],
              [
                32.45719261912897,
                31.55791503553946
              ],
              [
                32.457102787600554,
                31.55791503553946
              ],
              [
                32.457102787600554,
                31.558004867067872
              ],
              [
                32.45701295607214,
                31.558004867067872
              ],
              [
                32.45701295607214,
                31.558094698596285
              ],
              [
                32.456923124543735,
                31.558094698596285
              ],
              [
                32.456923124543735,
                31.558184530124695
              ],
              [
                32.45683329301532,
                31.558184530124695
              ],
              [
                32.45683329301532,
                31.55827436165311
              ],
              [
                32.456653629958495,
                31.55827436165311
              ],
              [
                32.456653629958495,
                31.55836419318152
              ],
              [
                32.45656379843008,
                31.55836419318152
              ],
              [
                32.45656379843008,
                31.55845402470993
              ],
              [
                32.456473966901676,
                31.55845402470993
              ],
              [
                32.456473966901676,
                31.558543856238344
              ],
              [
                32.45629430384485,
                31.558543856238344
              ],
              [
                32.45629430384485,
                31.558633687766758
              ],
              [
                32.456204472316436,
                31.558633687766758
              ],
              [
                32.456204472316436,
                31.558723519295167
              ],
              [
                32.45602480925961,
                31.558723519295167
              ],
              [
                32.45602480925961,
                31.55890318235199
              ],
              [
                32.455934977731204,
                31.55890318235199
              ],
              [
                32.455934977731204,
                31.558993013880404
              ],
              [
                32.45575531467438,
                31.558993013880404
              ],
              [
                32.45575531467438,
                31.559082845408817
              ],
              [
                32.455665483145964,
                31.559082845408817
              ],
              [
                32.455665483145964,
                31.55926250846564
              ],
              [
                32.45557565161755,
                31.55926250846564
              ],
              [
                32.45557565161755,
                31.559352339994053
              ],
              [
                32.455485820089145,
                31.559352339994053
              ],
              [
                32.455485820089145,
                31.559532003050876
              ],
              [
                32.45539598856073,
                31.559532003050876
              ],
              [
                32.45539598856073,
                31.55962183457929
              ],
              [
                32.45530615703232,
                31.55962183457929
              ],
              [
                32.45530615703232,
                31.5597116661077
              ],
              [
                32.455216325503905,
                31.5597116661077
              ],
              [
                32.455216325503905,
                31.559801497636112
              ],
              [
                32.45512649397549,
                31.559801497636112
              ],
              [
                32.45512649397549,
                31.559891329164522
              ],
              [
                32.45386885257773,
                31.559891329164522
              ]
            ],
            [
              [
                32.47704538690801,
                31.529168946447637
              ],
              [
                32.47821319677737,
                31.529168946447637
              ],
              [
                32.47821319677737,
                31.529079114919224
              ],
              [
                32.4784826913626,
                31.529079114919224
              ],
              [
                32.4784826913626,
                31.5288994518624
              ],
              [
                32.478572522891014,
                31.5288994518624
              ],
              [
                32.478572522891014,
                31.528809620333988
              ],
              [
                32.47866235441943,
                31.528809620333988
              ],
              [
                32.47866235441943,
                31.528719788805574
              ],
              [
                32.47875218594783,
                31.528719788805574
              ],
              [
                32.47875218594783,
                31.528629957277165
              ],
              [
                32.478842017476246,
                31.528629957277165
              ],
              [
                32.478842017476246,
                31.525935011424806
              ],
              [
                32.47875218594783,
                31.525935011424806
              ],
              [
                32.47875218594783,
                31.52566551683957
              ],
              [
                32.47866235441943,
                31.52566551683957
              ],
              [
                32.47866235441943,
                31.525575685311157
              ],
              [
                32.478572522891014,
                31.525575685311157
              ],
              [
                32.478572522891014,
                31.52530619072592
              ],
              [
                32.4784826913626,
                31.52530619072592
              ],
              [
                32.4784826913626,
                31.52521635919751
              ],
              [
                32.47839285983419,
                31.52521635919751
              ],
              [
                32.47839285983419,
                31.525126527669098
              ],
              [
                32.47794370219213,
                31.525126527669098
              ],
              [
                32.47794370219213,
                31.52521635919751
              ],
              [
                32.477853870663715,
                31.52521635919751
              ],
              [
                32.477853870663715,
                31.52530619072592
              ],
              [
                32.4777640391353,
                31.52530619072592
              ],
              [
                32.4777640391353,
                31.525396022254334
              ],
              [
                32.477674207606896,
                31.525396022254334
              ],
              [
                32.477674207606896,
                31.525575685311157
              ],
              [
                32.47758437607848,
                31.525575685311157
              ],
              [
                32.47758437607848,
                31.52575534836798
              ],
              [
                32.47749454455007,
                31.52575534836798
              ],
              [
                32.47749454455007,
                31.52611467448163
              ],
              [
                32.477404713021656,
                31.52611467448163
              ],
              [
                32.477404713021656,
                31.526294337538452
              ],
              [
                32.47731488149324,
                31.526294337538452
              ],
              [
                32.47731488149324,
                31.52647400059528
              ],
              [
                32.47722504996484,
                31.52647400059528
              ],
              [
                32.47722504996484,
                31.526833326708925
              ],
              [
                32.47713521843642,
                31.526833326708925
              ],
              [
                32.47713521843642,
                31.527731641993043
              ],
              [
                32.47704538690801,
                31.527731641993043
              ],
              [
                32.47704538690801,
                31.529168946447637
              ]
            ]
          ]
        },
        "properties": {
          "area_km2": 23.262
        }
      },
      {
        "type": "Feature",
        "geometry": {
          "type": "Polygon",
          "coordinates": [
            [
              [
                32.542981728762385,
                31.463951256820557
              ],
              [
                32.542981728762385,
                31.463861425292148
              ],
              [
                32.54289189723397,
                31.463861425292148
              ],
              [
                32.54289189723397,
                31.463771593763735
              ],
              [
                32.54280206570556,
                31.463771593763735
              ],
              [
                32.54280206570556,
                31.46368176223532
              ],
              [
                32.542712234177145,
                31.46368176223532
              ],
              [
                32.542712234177145,
                31.4635020991785
              ],
              [
                32.54262240264873,
                31.4635020991785
              ],
              [
                32.54262240264873,
                31.463322436121675
              ],
              [
                32.542532571120326,
                31.463322436121675
              ],
              [
                32.542532571120326,
                31.462783446951203
              ],
              [
                32.54244273959191,
                31.462783446951203
              ],
              [
                32.54244273959191,
                31.46161563708185
              ],
              [
                32.54370038098968,
                31.46161563708185
              ],
              [
                32.54370038098968,
                31.46260378389438
              ],
              [
                32.54379021251809,
                31.46260378389438
              ],
              [
                32.54379021251809,
                31.462873278479616
              ],
              [
                32.5438800440465,
                31.462873278479616
              ],
              [
                32.5438800440465,
                31.46305294153644
              ],
              [
                32.543969875574916,
                31.46305294153644
              ],
              [
                32.543969875574916,
                31.463232604593262
              ],
              [
                32.544149538631736,
                31.463232604593262
              ],
              [
                32.544149538631736,
                31.463322436121675
              ],
              [
                32.54423937016015,
                31.463322436121675
              ],
              [
                32.54423937016015,
                31.4635020991785
              ],
              [
                32.54432920168856,
                31.4635020991785
              ],
              [
                32.54432920168856,
                31.46368176223532
              ],
              [
                32.54423937016015,
                31.46368176223532
              ],
              [
                32.54423937016015,
                31.463771593763735
              ],
              [
                32.544149538631736,
                31.463771593763735
              ],
              [
                32.544149538631736,
                31.463861425292148
              ],
              [
                32.543430886404444,
                31.463861425292148
              ],
              [
                32.543430886404444,
                31.463951256820557
              ],
              [
                32.542981728762385,
                31.463951256820557
              ]
            ]
          ]
        },
        "properties": {
          "area_km2": 0.038
        }
      }
    ]
  },
  "ais_tracks": {
    "type": "FeatureCollection",
    "features": []
  },
  "zones": {
    "type": "FeatureCollection",
    "features": []
  }
}