{
  "ships": {
    "type": "FeatureCollection",
    "features": [
      {
        "type": "Feature",
        "geometry": {
          "type": "Polygon",
          "coordinates": [
            [
              [
                107.58935273350836,
                -6.080317560833438
              ],
              [
                107.59232285920912,
                -6.080317560833438
              ],
              [
                107.59232285920912,
                -6.081555309301955
              ],
              [
                107.58935273350836,
                -6.081555309301955
              ],
              [
                107.58935273350836,
                -6.080317560833438
              ]
            ]
          ]
        },
        "properties": {
          "matched": true,
          "mmsi": "SYNTH000000",
          "type": "cargo",
          "confidence": 0.8285947442054749
        }
      },
      {
        "type": "Feature",
        "geometry": {
          "type": "Polygon",
          "coordinates": [
            [
              [
                107.57784477557055,
                -6.072559500706298
              ],
              [
                107.57965153783246,
                -6.072559500706298
              ],
              [
                107.57965153783246,
                -6.073559551676986
              ],
              [
                107.57784477557055,
                -6.073559551676986
              ],
              [
                107.57784477557055,
                -6.072559500706298
              ]
            ]
          ]
        },
        "properties": {
          "matched": true,
          "mmsi": "SYNTH000001",
          "type": "cargo",
          "confidence": 0.6667499542236328
        }
      },
      {
        "type": "Feature",
        "geometry": {
          "type": "Polygon",
          "coordinates": [
            [
              [
                107.65226706895997,
                -5.951263117473187
              ],
              [
                107.65407342806223,
                -5.951263117473187
              ],
              [
                107.65407342806223,
                -5.952051525479148
              ],
              [
                107.65226706895997,
                -5.952051525479148
              ],
              [
                107.65226706895997,
                -5.951263117473187
              ]
            ]
          ]
        },
        "properties": {
          "matched": true,
          "mmsi": "SYNTH000003",
          "type": "cargo",
          "confidence": 0.46645110845565796
        }
      },
      {
        "type": "Feature",
        "geometry": {
          "type": "Polygon",
          "coordinates": [
            [
              [
                107.4929861665284,
                -6.014747250411748
              ],
              [
                107.4947927353025,
                -6.014747250411748
              ],
              [
                107.4947927353025,
                -6.0154658993517405
              ],
              [
                107.4929861665284,
                -6.0154658993517405
              ],
              [
                107.4929861665284,
                -6.014747250411748
              ]
            ]
          ]
        },
        "properties": {
          "matched": true,
          "mmsi": "SYNTH000005",
          "type": "cargo",
          "confidence": 0.3499719500541687
        }
      },
      {
        "type": "Feature",
        "geometry": {
          "type": "Polygon",
          "coordinates": [
            [
              [
                107.49355452329026,
                -5.919838343334042
              ],
              [
                107.49611658669697,
                -5.919838343334042
              ],
              [
                107.49611658669697,
                -5.920698361298318
              ],
              [
                107.49355452329026,
                -5.920698361298318
              ],
              [
                107.49355452329026,
                -5.919838343334042
              ]
            ]
          ]
        },
        "properties": {
          "matched": true,
          "mmsi": "SYNTH000007",
          "type": "cargo",
          "confidence": 0.23688100278377533
        }
      },
      {
        "type": "Feature",
        "geometry": {
          "type": "Polygon",
          "coordinates": [
            [
              [
                107.51702445320558,
                -6.040976428106821
              ],
              [
                107.51907163617287,
                -6.040976428106821
              ],
              [
                107.51907163617287,
                -6.04217585209521
              ],
              [
                107.51702445320558,
                -6.04217585209521
              ],
              [
                107.51702445320558,
                -6.040976428106821
              ]
            ]
          ]
        },
        "properties": {
          "matched": true,
          "mmsi": "SYNTH000010",
          "type": "cargo",
          "confidence": 0.18207666277885437
        }
      },
      {
        "type": "Feature",
        "geometry": {
          "type": "Polygon",
          "coordinates": [
            [
              [
                107.51335252890664,
                -5.919452728408456
              ],
              [
                107.51515878362744,
                -5.919452728408456
              ],
              [
                107.51515878362744,
                -5.920171377348448
              ],
              [
                107.51335252890664,
                -5.920171377348448
              ],
              [
                107.51335252890664,
                -5.919452728408456
              ]
            ]
          ]
        },
        "properties": {
          "matched": true,
          "mmsi": "SYNTH000011",
          "type": "cargo",
          "confidence": 1.0
        }
      },
      {
        "type": "Feature",
        "geometry": {
          "type": "Polygon",
          "coordinates": [
            [
              [
                107.56554455396632,
                -5.975956760190487
              ],
              [
                107.56735099458247,
                -5.975956760190487
              ],
              [
                107.56735099458247,
                -5.976855071365478
              ],
              [
                107.56554455396632,
                -5.976855071365478
              ],
              [
                107.56554455396632,
                -5.975956760190487
              ]
            ]
          ]
        },
        "properties": {
          "matched": true,
          "mmsi": "SYNTH000012",
          "type": "cargo",
          "confidence": 1.0
        }
      },
      {
        "type": "Feature",
        "geometry": {
          "type": "Polygon",
          "coordinates": [
            [
              [
                107.51146587836749,
                -6.033628601020047
              ],
              [
                107.51327250997329,
                -6.033628601020047
              ],
              [
                107.51327250997329,
                -6.03434724996004
              ],
              [
                107.51146587836749,
                -6.03434724996004
              ],
              [
                107.51146587836749,
                -6.033628601020047
              ]
            ]
          ]
        },
        "properties": {
          "matched": true,
          "mmsi": "SYNTH000013",
          "type": "cargo",
          "confidence": 1.0
        }
      },
      {
        "type": "Feature",
        "geometry": {
          "type": "Polygon",
          "coordinates": [
            [
              [
                107.50724376669582,
                -6.051505075174026
              ],
              [
                107.50905045797425,
                -6.051505075174026
              ],
              [
                107.50905045797425,
                -6.052223724114018
              ],
              [
                107.50724376669582,
                -6.052223724114018
              ],
              [
                107.50724376669582,
                -6.051505075174026
              ]
            ]
          ]
        },
        "properties": {
          "matched": true,
          "mmsi": "SYNTH000015",
          "type": "cargo",
          "confidence": 1.0
        }
      },
      {
        "type": "Feature",
        "geometry": {
          "type": "Polygon",
          "coordinates": [
            [
              [
                107.54533232738206,
                -6.055906820066212
              ],
              [
                107.54713903338134,
                -6.055906820066212
              ],
              [
                107.54713903338134,
                -6.056625469006204
              ],
              [
                107.54533232738206,
                -6.056625469006204
              ],
              [
                107.54533232738206,
                -6.055906820066212
              ]
            ]
          ]
        },
        "properties": {
          "matched": true,
          "mmsi": "SYNTH000016",
          "type": "cargo",
          "confidence": 1.0
        }
      },
      {
        "type": "Feature",
        "geometry": {
          "type": "Polygon",
          "coordinates": [
            [
              [
                107.5797377627121,
                -6.07980200662379
              ],
              [
                107.58154454881485,
                -6.07980200662379
              ],
              [
                107.58154454881485,
                -6.080520655563783
              ],
              [
                107.5797377627121,
                -6.080520655563783
              ],
              [
                107.5797377627121,
                -6.07980200662379
              ]
            ]
          ]
        },
        "properties": {
          "matched": true,
          "mmsi": "SYNTH000017",
          "type": "cargo",
          "confidence": 1.0
        }
      },
      {
        "type": "Feature",
        "geometry": {
          "type": "Polygon",
          "coordinates": [
            [
              [
                107.58440899569992,
                -6.083664762345505
              ],
              [
                107.5862157947819,
                -6.083664762345505
              ],
              [
                107.5862157947819,
                -6.084383411285497
              ],
              [
                107.58440899569992,
                -6.084383411285497
              ],
              [
                107.58440899569992,
                -6.083664762345505
              ]
            ]
          ]
        },
        "properties": {
          "matched": true,
          "mmsi": "SYNTH000018",
          "type": "cargo",
          "confidence": 1.0
        }
      },
      {
        "type": "Feature",
        "geometry": {
          "type": "Polygon",
          "coordinates": [
            [
              [
                107.60812451738887,
                -6.084697825127698
              ],
              [
                107.60993132009445,
                -6.084697825127698
              ],
              [
                107.60993132009445,
                -6.08550630518519
              ],
              [
                107.60812451738887,
                -6.08550630518519
              ],
              [
                107.60812451738887,
                -6.084697825127698
              ]
            ]
          ]
        },
        "properties": {
          "matched": true,
          "mmsi": "SYNTH000019",
          "type": "cargo",
          "confidence": 1.0
        }
      },
      {
        "type": "Feature",
        "geometry": {
          "type": "Polygon",
          "coordinates": [
            [
              [
                107.58692426489894,
                -6.0917046843438305
              ],
              [
                107.58873109117393,
                -6.0917046843438305
              ],
              [
                107.58873109117393,
                -6.092513164401322
              ],
              [
                107.58692426489894,
                -6.092513164401322
              ],
              [
                107.58692426489894,
                -6.0917046843438305
              ]
            ]
          ]
        },
        "properties": {
          "matched": true,
          "mmsi": "SYNTH000022",
          "type": "cargo",
          "confidence": 1.0
        }
      }
    ]
  },
  "dark_vessels": {
    "type": "FeatureCollection",
    "features": [
      {
        "type": "Feature",
        "geometry": {
          "type": "Polygon",
          "coordinates": [
            [
              [
                107.62560080276255,
                -6.065429702478654
              ],
              [
                107.62867293136914,
                -6.065429702478654
              ],
              [
                107.62867293136914,
                -6.067289755307729
              ],
              [
                107.62560080276255,
                -6.067289755307729
              ],
              [
                107.62560080276255,
                -6.065429702478654
              ]
            ]
          ]
        },
        "properties": {
          "matched": false,
          "confidence": 0.6090964674949646
        }
      },
      {
        "type": "Feature",
        "geometry": {
          "type": "Polygon",
          "coordinates": [
            [
              [
                107.58209499590468,
                -6.08547826698369
              ],
              [
                107.58390180132652,
                -6.08547826698369
              ],
              [
                107.58390180132652,
                -6.086341717815694
              ],
              [
                107.58209499590468,
                -6.086341717815694
              ],
              [
                107.58209499590468,
                -6.08547826698369
              ]
            ]
          ]
        },
        "properties": {
          "matched": false,
          "confidence": 0.4159758985042572
        }
      },
      {
        "type": "Feature",
        "geometry": {
          "type": "Polygon",
          "coordinates": [
            [
              [
                107.58170144046035,
                -6.068016015524552
              ],
              [
                107.58457265075485,
                -6.068016015524552
              ],
              [
                107.58457265075485,
                -6.068918007066831
              ],
              [
                107.58170144046035,
                -6.068918007066831
              ],
              [
                107.58170144046035,
                -6.068016015524552
              ]
            ]
          ]
        },
        "properties": {
          "matched": false,
          "confidence": 0.31536006927490234
        }
      },
      {
        "type": "Feature",
        "geometry": {
          "type": "Polygon",
          "coordinates": [
            [
              [
                107.62614229541893,
                -6.092394072539656
              ],
              [
                107.63087029696203,
                -6.092394072539656
              ],
              [
                107.63087029696203,
                -6.095970523250796
              ],
              [
                107.62614229541893,
                -6.095970523250796
              ],
              [
                107.62614229541893,
                -6.092394072539656
              ]
            ]
          ]
        },
        "properties": {
          "matched": false,
          "confidence": 0.23685015738010406
        }
      },
      {
        "type": "Feature",
        "geometry": {
          "type": "Polygon",
          "coordinates": [
            [
              [
                107.58000998453741,
                -6.0718218119335585
              ],
              [
                107.58181674421257,
                -6.0718218119335585
              ],
              [
                107.58181674421257,
                -6.072755117010489
              ],
              [
                107.58000998453741,
                -6.072755117010489
              ],
              [
                107.58000998453741,
                -6.0718218119335585
              ]
            ]
          ]
        },
        "properties": {
          "matched": false,
          "confidence": 0.21135863661766052
        }
      },
      {
        "type": "Feature",
        "geometry": {
          "type": "Polygon",
          "coordinates": [
            [
              [
                107.52341344961506,
                -6.046654173461605
              ],
              [
                107.5252201252833,
                -6.046654173461605
              ],
              [
                107.5252201252833,
                -6.047732146871595
              ],
              [
                107.52341344961506,
                -6.047732146871595
              ],
              [
                107.52341344961506,
                -6.046654173461605
              ]
            ]
          ]
        },
        "properties": {
          "matched": false,
          "confidence": 1.0
        }
      },
      {
        "type": "Feature",
        "geometry": {
          "type": "Polygon",
          "coordinates": [
            [
              [
                107.59707523017913,
                -6.090177548360828
              ],
              [
                107.59888205131485,
                -6.090177548360828
              ],
              [
                107.59888205131485,
                -6.090986028418319
              ],
              [
                107.59707523017913,
                -6.090986028418319
              ],
              [
                107.59707523017913,
                -6.090177548360828
              ]
            ]
          ]
        },
        "properties": {
          "matched": false,
          "confidence": 1.0
        }
      },
      {
        "type": "Feature",
        "geometry": {
          "type": "Polygon",
          "coordinates": [
            [
              [
                107.58090555415812,
                -6.090761453090049
              ],
              [
                107.58271237710754,
                -6.090761453090049
              ],
              [
                107.58271237710754,
                -6.091480102030041
              ],
              [
                107.58090555415812,
                -6.091480102030041
              ],
              [
                107.58090555415812,
                -6.090761453090049
              ]
            ]
          ]
        },
        "properties": {
          "matched": false,
          "confidence": 1.0
        }
      }
    ]
  },
  "oil": {
    "type": "FeatureCollection",
    "features": [
      {
        "type": "Feature",
        "geometry": {
          "type": "Polygon",
          "coordinates": [
            [
              [
                107.48002984394209,
                -5.9953603682729035
              ],
              [
                107.48002984394209,
                -5.998145145653674
              ],
              [
                107.48074849616938,
                -5.998145145653674
              ],
              [
                107.48074849616938,
                -5.998234977182086
              ],
              [
                107.48092815922621,
                -5.998234977182086
              ],
              [
                107.48092815922621,
                -5.998324808710498
              ],
              [
                107.48119765381145,
                -5.998324808710498
              ],
              [
                107.48119765381145,
                -5.99841464023891
              ],
              [
                107.48137731686828,
                -5.99841464023891
              ],
              [
                107.48137731686828,
                -5.998504471767323
              ],
              [
                107.48146714839669,
                -5.998504471767323
              ],
              [
                107.48146714839669,
                -5.998594303295734
              ],
              [
                107.48155697992509,
                -5.998594303295734
              ],
              [
                107.48155697992509,
                -5.998684134824146
              ],
              [
                107.48173664298191,
                -5.998684134824146
              ],
              [
                107.48173664298191,
                -5.998773966352558
              ],
              [
                107.48182647451033,
                -5.998773966352558
              ],
              [
                107.48182647451033,
                -5.99886379788097
              ],
              [
                107.48191630603874,
                -5.99886379788097
              ],
              [
                107.48191630603874,
                -5.998953629409382
              ],
              [
                107.48200613756715,
                -5.998953629409382
              ],
              [
                107.48200613756715,
                -5.999043460937794
              ],
              [
                107.48218580062398,
                -5.999043460937794
              ],
              [
                107.48218580062398,
                -5.9991332924662055
              ],
              [
                107.48245529520922,
                -5.9991332924662055
              ],
              [
                107.48245529520922,
                -5.999223123994618
              ],
              [
                107.48254512673762,
                -5.999223123994618
              ],
              [
                107.48254512673762,
                -5.999312955523029
              ],
              [
                107.48272478979445,
                -5.999312955523029
              ],
              [
                107.48272478979445,
                -5.999402787051442
              ],
              [
                107.4830841159081,
                -5.999402787051442
              ],
              [
                107.4830841159081,
                -5.999492618579854
              ],
              [
                107.48416209424904,
                -5.999492618579854
              ],
              [
                107.48416209424904,
                -5.999402787051442
              ],
              [
                107.4846112518911,
                -5.999402787051442
              ],
              [
                107.4846112518911,
                -5.999312955523029
              ],
              [
                107.48479091494792,
                -5.999312955523029
              ],
              [
                107.48479091494792,
                -5.999223123994618
              ],
              [
                107.48488074647634,
                -5.999223123994618
              ],
              [
                107.48488074647634,
                -5.9991332924662055
              ],
              [
                107.48506040953316,
                -5.9991332924662055
              ],
              [
                107.48506040953316,
                -5.999043460937794
              ],
              [
                107.48515024106158,
                -5.999043460937794
              ],
              [
                107.48515024106158,
                -5.998953629409382
              ],
              [
                107.48524007258999,
                -5.998953629409382
              ],
              [
                107.48524007258999,
                -5.99886379788097
              ],
              [
                107.4853299041184,
                -5.99886379788097
              ],
              [
                107.4853299041184,
                -5.998504471767323
              ],
              [
                107.48524007258999,
                -5.998504471767323
              ],
              [
                107.48524007258999,
                -5.99841464023891
              ],
              [
                107.48515024106158,
                -5.99841464023891
              ],
              [
                107.48515024106158,
                -5.998324808710498
              ],
              [
                107.48506040953316,
                -5.998324808710498
              ],
              [
                107.48506040953316,
                -5.998234977182086
              ],
              [
                107.48497057800475,
                -5.998234977182086
              ],
              [
                107.48497057800475,
                -5.998145145653674
              ],
              [
                107.48488074647634,
                -5.998145145653674
              ],
              [
                107.48488074647634,
                -5.998055314125263
              ],
              [
                107.48479091494792,
                -5.998055314125263
              ],
              [
                107.48479091494792,
                -5.99796548259685
              ],
              [
                107.48470108341951,
                -5.99796548259685
              ],
              [
                107.48470108341951,
                -5.997875651068439
              ],
              [
                107.4846112518911,
                -5.997875651068439
              ],
              [
                107.4846112518911,
                -5.997785819540026
              ],
              [
                107.48452142036268,
                -5.997785819540026
              ],
              [
                107.48452142036268,
                -5.997695988011615
              ],
              [
                107.48443158883428,
                -5.997695988011615
              ],
              [
                107.48443158883428,
                -5.997606156483203
              ],
              [
                107.48434175730587,
                -5.997606156483203
              ],
              [
                107.48434175730587,
                -5.997516324954791
              ],
              [
                107.48425192577746,
                -5.997516324954791
              ],
              [
                107.48425192577746,
                -5.997426493426379
              ],
              [
                107.48416209424904,
                -5.997426493426379
              ],
              [
                107.48416209424904,
                -5.997336661897966
              ],
              [
                107.48407226272063,
                -5.997336661897966
              ],
              [
                107.48407226272063,
                -5.997156998841143
              ],
              [
                107.4838925996638,
                -5.997156998841143
              ],
              [
                107.4838925996638,
                -5.997067167312731
              ],
              [
                107.48380276813539,
                -5.997067167312731
              ],
              [
                107.48380276813539,
                -5.996977335784319
              ],
              [
                107.48371293660698,
                -5.996977335784319
              ],
              [
                107.48371293660698,
                -5.996887504255907
              ],
              [
                107.48353327355015,
                -5.996887504255907
              ],
              [
                107.48353327355015,
                -5.996797672727495
              ],
              [
                107.48326377896493,
                -5.996797672727495
              ],
              [
                107.48326377896493,
                -5.9967078411990835
              ],
              [
                107.48317394743651,
                -5.9967078411990835
              ],
              [
                107.48317394743651,
                -5.996618009670671
              ],
              [
                107.4830841159081,
                -5.996618009670671
              ],
              [
                107.4830841159081,
                -5.99652817814226
              ],
              [
                107.48290445285127,
                -5.99652817814226
              ],
              [
                107.48290445285127,
                -5.996438346613847
              ],
              [
                107.48281462132286,
                -5.996438346613847
              ],
              [
                107.48281462132286,
                -5.996348515085435
              ],
              [
                107.48272478979445,
                -5.996348515085435
              ],
              [
                107.48272478979445,
                -5.9962586835570235
              ],
              [
                107.48263495826603,
                -5.9962586835570235
              ],
              [
                107.48263495826603,
                -5.996168852028611
              ],
              [
                107.48254512673762,
                -5.996168852028611
              ],
              [
                107.48254512673762,
                -5.9960790205002
              ],
              [
                107.48245529520922,
                -5.9960790205002
              ],
              [
                107.48245529520922,
                -5.995989188971787
              ],
              [
                107.48236546368081,
                -5.995989188971787
              ],
              [
                107.48236546368081,
                -5.995899357443376
              ],
              [
                107.4822756321524,
                -5.995899357443376
              ],
              [
                107.4822756321524,
                -5.9958095259149635
              ],
              [
                107.48218580062398,
                -5.9958095259149635
              ],
              [
                107.48218580062398,
                -5.995719694386552
              ],
              [
                107.48209596909557,
                -5.995719694386552
              ],
              [
                107.48209596909557,
                -5.99562986285814
              ],
              [
                107.48191630603874,
                -5.99562986285814
              ],
              [
                107.48191630603874,
                -5.995540031329727
              ],
              [
                107.48173664298191,
                -5.995540031329727
              ],
              [
                107.48173664298191,
                -5.995450199801316
              ],
              [
                107.48137731686828,
                -5.995450199801316
              ],
              [
                107.48137731686828,
                -5.9953603682729035
              ],
              [
                107.48002984394209,
                -5.9953603682729035
              ]
            ]
          ]
        },
        "properties": {
          "area_km2": 0.167
        }
      },
      {
        "type": "Feature",
        "geometry": {
          "type": "Polygon",
          "coordinates": [
            [
              [
                107.48901299678329,
                -6.0029062166595075
              ],
              [
                107.48901299678329,
                -6.00299604818792
              ],
              [
                107.48883333372646,
                -6.00299604818792
              ],
              [
                107.48883333372646,
                -6.003085879716331
              ],
              [
                107.48865367066963,
                -6.003085879716331
              ],
              [
                107.48865367066963,
                -6.003265542773156
              ],
              [
                107.48874350219805,
                -6.003265542773156
              ],
              [
                107.48874350219805,
                -6.0033553743015675
              ],
              [
                107.48883333372646,
                -6.0033553743015675
              ],
              [
                107.48883333372646,
                -6.00344520582998
              ],
              [
                107.48892316525487,
                -6.00344520582998
              ],
              [
                107.48892316525487,
                -6.003535037358391
              ],
              [
                107.48901299678329,
                -6.003535037358391
              ],
              [
                107.48901299678329,
                -6.003714700415215
              ],
              [
                107.4891028283117,
                -6.003714700415215
              ],
              [
                107.4891028283117,
                -6.003894363472039
              ],
              [
                107.48919265984011,
                -6.003894363472039
              ],
              [
                107.48919265984011,
                -6.003984195000451
              ],
              [
                107.48928249136853,
                -6.003984195000451
              ],
              [
                107.48928249136853,
                -6.0042536895856875
              ],
              [
                107.48937232289694,
                -6.0042536895856875
              ],
              [
                107.48937232289694,
                -6.004702847227747
              ],
              [
                107.48928249136853,
                -6.004702847227747
              ],
              [
                107.48928249136853,
                -6.005511330983454
              ],
              [
                107.48919265984011,
                -6.005511330983454
              ],
              [
                107.48919265984011,
                -6.006589309324398
              ],
              [
                107.4891028283117,
                -6.006589309324398
              ],
              [
                107.4891028283117,
                -6.007757119193753
              ],
              [
                107.48901299678329,
                -6.007757119193753
              ],
              [
                107.48901299678329,
                -6.008385939892637
              ],
              [
                107.48892316525487,
                -6.008385939892637
              ],
              [
                107.48892316525487,
                -6.008565602949461
              ],
              [
                107.48901299678329,
                -6.008565602949461
              ],
              [
                107.48901299678329,
                -6.008745266006285
              ],
              [
                107.48919265984011,
                -6.008745266006285
              ],
              [
                107.48919265984011,
                -6.008835097534696
              ],
              [
                107.48937232289694,
                -6.008835097534696
              ],
              [
                107.48937232289694,
                -6.008924929063109
              ],
              [
                107.49009097512423,
                -6.008924929063109
              ],
              [
                107.49009097512423,
                -6.008835097534696
              ],
              [
                107.49116895346518,
                -6.008835097534696
              ],
              [
                107.49116895346518,
                -6.008745266006285
              ],
              [
                107.49152827957882,
                -6.008745266006285
              ],
              [
                107.49152827957882,
                -6.008655434477872
              ],
              [
                107.49179777416406,
                -6.008655434477872
              ],
              [
                107.49179777416406,
                -6.008565602949461
              ],
              [
                107.49188760569247,
                -6.008565602949461
              ],
              [
                107.49188760569247,
                -6.008475771421049
              ],
              [
                107.4920672687493,
                -6.008475771421049
              ],
              [
                107.4920672687493,
                -6.008385939892637
              ],
              [
                107.49215710027771,
                -6.008385939892637
              ],
              [
                107.49215710027771,
                -6.008296108364225
              ],
              [
                107.49224693180612,
                -6.008296108364225
              ],
              [
                107.49224693180612,
                -6.008206276835813
              ],
              [
                107.49233676333454,
                -6.008206276835813
              ],
              [
                107.49233676333454,
                -6.008116445307401
              ],
              [
                107.49242659486293,
                -6.008116445307401
              ],
              [
                107.49242659486293,
                -6.0080266137789895
              ],
              [
                107.49251642639135,
                -6.0080266137789895
              ],
              [
                107.49251642639135,
                -6.007757119193753
              ],
              [
                107.49260625791976,
                -6.007757119193753
              ],
              [
                107.49260625791976,
                -6.0071282984948695
              ],
              [
                107.49251642639135,
                -6.0071282984948695
              ],
              [
                107.49251642639135,
                -6.006948635438046
              ],
              [
                107.49233676333454,
                -6.006948635438046
              ],
              [
                107.49233676333454,
                -6.006858803909633
              ],
              [
                107.49224693180612,
                -6.006858803909633
              ],
              [
                107.49224693180612,
                -6.006768972381222
              ],
              [
                107.49215710027771,
                -6.006768972381222
              ],
              [
                107.49215710027771,
                -6.0066791408528095
              ],
              [
                107.4920672687493,
                -6.0066791408528095
              ],
              [
                107.4920672687493,
                -6.006589309324398
              ],
              [
                107.49188760569247,
                -6.006589309324398
              ],
              [
                107.49188760569247,
                -6.006499477795986
              ],
              [
                107.49179777416406,
                -6.006499477795986
              ],
              [
                107.49179777416406,
                -6.006409646267574
              ],
              [
                107.49170794263564,
                -6.006409646267574
              ],
              [
                107.49170794263564,
                -6.006319814739162
              ],
              [
                107.49161811110723,
                -6.006319814739162
              ],
              [
                107.49161811110723,
                -6.00622998321075
              ],
              [
                107.49152827957882,
                -6.00622998321075
              ],
              [
                107.49152827957882,
                -6.006050320153927
              ],
              [
                107.4914384480504,
                -6.006050320153927
              ],
              [
                107.4914384480504,
                -6.005690994040278
              ],
              [
                107.491348616522,
                -6.005690994040278
              ],
              [
                107.491348616522,
                -6.005152004869807
              ],
              [
                107.49125878499359,
                -6.005152004869807
              ],
              [
                107.49125878499359,
                -6.004343521114099
              ],
              [
                107.49116895346518,
                -6.004343521114099
              ],
              [
                107.49116895346518,
                -6.004163858057275
              ],
              [
                107.49107912193676,
                -6.004163858057275
              ],
              [
                107.49107912193676,
                -6.004074026528863
              ],
              [
                107.49098929040835,
                -6.004074026528863
              ],
              [
                107.49098929040835,
                -6.003984195000451
              ],
              [
                107.49089945887994,
                -6.003984195000451
              ],
              [
                107.49089945887994,
                -6.003894363472039
              ],
              [
                107.49080962735152,
                -6.003894363472039
              ],
              [
                107.49080962735152,
                -6.0038045319436275
              ],
              [
                107.49071979582311,
                -6.0038045319436275
              ],
              [
                107.49071979582311,
                -6.003714700415215
              ],
              [
                107.49027063818106,
                -6.003714700415215
              ],
              [
                107.49027063818106,
                -6.003624868886804
              ],
              [
                107.49009097512423,
                -6.003624868886804
              ],
              [
                107.49009097512423,
                -6.003535037358391
              ],
              [
                107.49000114359582,
                -6.003535037358391
              ],
              [
                107.49000114359582,
                -6.00344520582998
              ],
              [
                107.4899113120674,
                -6.00344520582998
              ],
              [
                107.4899113120674,
                -6.003265542773156
              ],
              [
                107.48982148053899,
                -6.003265542773156
              ],
              [
                107.48982148053899,
                -6.003085879716331
              ],
              [
                107.48964181748217,
                -6.003085879716331
              ],
              [
                107.48964181748217,
                -6.00299604818792
              ],
              [
                107.48937232289694,
                -6.00299604818792
              ],
              [
                107.48937232289694,
                -6.0029062166595075
              ],
              [
                107.48901299678329,
                -6.0029062166595075
              ]
            ]
          ]
        },
        "properties": {
          "area_km2": 0.174
        }
      },
      {
        "type": "Feature",
        "geometry": {
          "type": "Polygon",
          "coordinates": [
            [
              [
                107.49601985599942,
                -6.0155724621655935
              ],
              [
                107.49601985599942,
                -6.015662293694005
              ],
              [
                107.49593002447101,
                -6.015662293694005
              ],
              [
                107.49593002447101,
                -6.015752125222417
              ],
              [
                107.4958401929426,
                -6.015752125222417
              ],
              [
                107.4958401929426,
                -6.016201282864476
              ],
              [
                107.49601985599942,
                -6.016201282864476
              ],
              [
                107.49601985599942,
                -6.016291114392889
              ],
              [
                107.49619951905625,
                -6.016291114392889
              ],
              [
                107.49619951905625,
                -6.0163809459213
              ],
              [
                107.49691817128354,
                -6.0163809459213
              ],
              [
                107.49691817128354,
                -6.016291114392889
              ],
              [
                107.49700800281195,
                -6.016291114392889
              ],
              [
                107.49700800281195,
                -6.016201282864476
              ],
              [
                107.49709783434037,
                -6.016201282864476
              ],
              [
                107.49709783434037,
                -6.016021619807653
              ],
              [
                107.49700800281195,
                -6.016021619807653
              ],
              [
                107.49700800281195,
                -6.015752125222417
              ],
              [
                107.49691817128354,
                -6.015752125222417
              ],
              [
                107.49691817128354,
                -6.015662293694005
              ],
              [
                107.49682833975513,
                -6.015662293694005
              ],
              [
                107.49682833975513,
                -6.0155724621655935
              ],
              [
                107.49601985599942,
                -6.0155724621655935
              ]
            ]
          ]
        },
        "properties": {
          "area_km2": 0.011
        }
      },
      {
        "type": "Feature",
        "geometry": {
          "type": "Polygon",
          "coordinates": [
            [
              [
                107.49224693180612,
                -6.0151233045235335
              ],
              [
                107.49224693180612,
                -6.015213136051945
              ],
              [
                107.49188760569247,
                -6.015213136051945
              ],
              [
                107.49188760569247,
                -6.015302967580357
              ],
              [
                107.49179777416406,
                -6.015302967580357
              ],
              [
                107.49179777416406,
                -6.015482630637181
              ],
              [
                107.49170794263564,
                -6.015482630637181
              ],
              [
                107.49170794263564,
                -6.0155724621655935
              ],
              [
                107.49161811110723,
                -6.0155724621655935
              ],
              [
                107.49161811110723,
                -6.015662293694005
              ],
              [
                107.49152827957882,
                -6.015662293694005
              ],
              [
                107.49152827957882,
                -6.015841956750829
              ],
              [
                107.49161811110723,
                -6.015841956750829
              ],
              [
                107.49161811110723,
                -6.016021619807653
              ],
              [
                107.49170794263564,
                -6.016021619807653
              ],
              [
                107.49170794263564,
                -6.016201282864476
              ],
              [
                107.49179777416406,
                -6.016201282864476
              ],
              [
                107.49179777416406,
                -6.016291114392889
              ],
              [
                107.49188760569247,
                -6.016291114392889
              ],
              [
                107.49188760569247,
                -6.0163809459213
              ],
              [
                107.4920672687493,
                -6.0163809459213
              ],
              [
                107.4920672687493,
                -6.016470777449713
              ],
              [
                107.49215710027771,
                -6.016470777449713
              ],
              [
                107.49215710027771,
                -6.016560608978125
              ],
              [
                107.49233676333454,
                -6.016560608978125
              ],
              [
                107.49233676333454,
                -6.016650440506536
              ],
              [
                107.49269608944817,
                -6.016650440506536
              ],
              [
                107.49269608944817,
                -6.016740272034949
              ],
              [
                107.49314524709024,
                -6.016740272034949
              ],
              [
                107.49314524709024,
                -6.01683010356336
              ],
              [
                107.49332491014707,
                -6.01683010356336
              ],
              [
                107.49332491014707,
                -6.016919935091773
              ],
              [
                107.49341474167547,
                -6.016919935091773
              ],
              [
                107.49341474167547,
                -6.017009766620184
              ],
              [
                107.49359440473229,
                -6.017009766620184
              ],
              [
                107.49359440473229,
                -6.016919935091773
              ],
              [
                107.49377406778912,
                -6.016919935091773
              ],
              [
                107.49377406778912,
                -6.01683010356336
              ],
              [
                107.49395373084594,
                -6.01683010356336
              ],
              [
                107.49395373084594,
                -6.016740272034949
              ],
              [
                107.49404356237436,
                -6.016740272034949
              ],
              [
                107.49404356237436,
                -6.016560608978125
              ],
              [
                107.49413339390277,
                -6.016560608978125
              ],
              [
                107.49413339390277,
                -6.016470777449713
              ],
              [
                107.49422322543118,
                -6.016470777449713
              ],
              [
                107.49422322543118,
                -6.0163809459213
              ],
              [
                107.4943130569596,
                -6.0163809459213
              ],
              [
                107.4943130569596,
                -6.016291114392889
              ],
              [
                107.494402888488,
                -6.016291114392889
              ],
              [
                107.494402888488,
                -6.016201282864476
              ],
              [
                107.49449272001641,
                -6.016201282864476
              ],
              [
                107.49449272001641,
                -6.015752125222417
              ],
              [
                107.494402888488,
                -6.015752125222417
              ],
              [
                107.494402888488,
                -6.015662293694005
              ],
              [
                107.4943130569596,
                -6.015662293694005
              ],
              [
                107.4943130569596,
                -6.0155724621655935
              ],
              [
                107.49386389931753,
                -6.0155724621655935
              ],
              [
                107.49386389931753,
                -6.015482630637181
              ],
              [
                107.49332491014707,
                -6.015482630637181
              ],
              [
                107.49332491014707,
                -6.015392799108769
              ],
              [
                107.49305541556183,
                -6.015392799108769
              ],
              [
                107.49305541556183,
                -6.015302967580357
              ],
              [
                107.492875752505,
                -6.015302967580357
              ],
              [
                107.492875752505,
                -6.015213136051945
              ],
              [
                107.49242659486293,
                -6.015213136051945
              ],
              [
                107.49242659486293,
                -6.0151233045235335
              ],
              [
                107.49224693180612,
                -6.0151233045235335
              ]
            ]
          ]
        },
        "properties": {
          "area_km2": 0.044
        }
      },
      {
        "type": "Feature",
        "geometry": {
          "type": "Polygon",
          "coordinates": [
            [
              [
                107.50096059006208,
                -6.016650440506536
              ],
              [
                107.50096059006208,
                -6.016740272034949
              ],
              [
                107.50060126394843,
                -6.016740272034949
              ],
              [
                107.50060126394843,
                -6.01683010356336
              ],
              [
                107.50051143242001,
                -6.01683010356336
              ],
              [
                107.50051143242001,
                -6.016919935091773
              ],
              [
                107.50024193783479,
                -6.016919935091773
              ],
              [
                107.50024193783479,
                -6.017009766620184
              ],
              [
                107.50006227477796,
                -6.017009766620184
              ],
              [
                107.50006227477796,
                -6.017099598148596
              ],
              [
                107.49997244324955,
                -6.017099598148596
              ],
              [
                107.49997244324955,
                -6.017189429677008
              ],
              [
                107.49988261172113,
                -6.017189429677008
              ],
              [
                107.49988261172113,
                -6.01727926120542
              ],
              [
                107.49979278019272,
                -6.01727926120542
              ],
              [
                107.49979278019272,
                -6.017458924262244
              ],
              [
                107.49970294866431,
                -6.017458924262244
              ],
              [
                107.49970294866431,
                -6.019075891773659
              ],
              [
                107.49979278019272,
                -6.019075891773659
              ],
              [
                107.49979278019272,
                -6.019435217887307
              ],
              [
                107.49988261172113,
                -6.019435217887307
              ],
              [
                107.49988261172113,
                -6.019614880944131
              ],
              [
                107.49997244324955,
                -6.019614880944131
              ],
              [
                107.49997244324955,
                -6.019794544000955
              ],
              [
                107.50006227477796,
                -6.019794544000955
              ],
              [
                107.50006227477796,
                -6.020064038586191
              ],
              [
                107.50015210630637,
                -6.020064038586191
              ],
              [
                107.50015210630637,
                -6.020243701643015
              ],
              [
                107.50024193783479,
                -6.020243701643015
              ],
              [
                107.50024193783479,
                -6.020333533171427
              ],
              [
                107.50033176936319,
                -6.020333533171427
              ],
              [
                107.50033176936319,
                -6.020423364699838
              ],
              [
                107.5004216008916,
                -6.020423364699838
              ],
              [
                107.5004216008916,
                -6.020513196228251
              ],
              [
                107.50051143242001,
                -6.020513196228251
              ],
              [
                107.50051143242001,
                -6.020603027756662
              ],
              [
                107.50060126394843,
                -6.020603027756662
              ],
              [
                107.50060126394843,
                -6.020692859285075
              ],
              [
                107.5011402531189,
                -6.020692859285075
              ],
              [
                107.5011402531189,
                -6.020603027756662
              ],
              [
                107.50123008464732,
                -6.020603027756662
              ],
              [
                107.50123008464732,
                -6.020513196228251
              ],
              [
                107.50131991617572,
                -6.020513196228251
              ],
              [
                107.50131991617572,
                -6.020423364699838
              ],
              [
                107.50140974770413,
                -6.020423364699838
              ],
              [
                107.50140974770413,
                -6.020333533171427
              ],
              [
                107.50149957923254,
                -6.020333533171427
              ],
              [
                107.50149957923254,
                -6.020243701643015
              ],
              [
                107.50158941076096,
                -6.020243701643015
              ],
              [
                107.50158941076096,
                -6.020153870114602
              ],
              [
                107.50167924228937,
                -6.020153870114602
              ],
              [
                107.50167924228937,
                -6.020064038586191
              ],
              [
                107.50176907381778,
                -6.020064038586191
              ],
              [
                107.50176907381778,
                -6.019974207057778
              ],
              [
                107.50203856840302,
                -6.019974207057778
              ],
              [
                107.50203856840302,
                -6.019884375529367
              ],
              [
                107.50221823145985,
                -6.019884375529367
              ],
              [
                107.50221823145985,
                -6.019794544000955
              ],
              [
                107.50230806298825,
                -6.019794544000955
              ],
              [
                107.50230806298825,
                -6.019704712472543
              ],
              [
                107.50239789451666,
                -6.019704712472543
              ],
              [
                107.50239789451666,
                -6.019614880944131
              ],
              [
                107.50257755757349,
                -6.019614880944131
              ],
              [
                107.50257755757349,
                -6.019525049415719
              ],
              [
                107.5026673891019,
                -6.019525049415719
              ],
              [
                107.5026673891019,
                -6.0193453863588955
              ],
              [
                107.50275722063031,
                -6.0193453863588955
              ],
              [
                107.50275722063031,
                -6.019255554830483
              ],
              [
                107.50284705215873,
                -6.019255554830483
              ],
              [
                107.50284705215873,
                -6.019165723302071
              ],
              [
                107.50293688368714,
                -6.019165723302071
              ],
              [
                107.50293688368714,
                -6.019075891773659
              ],
              [
                107.50302671521555,
                -6.019075891773659
              ],
              [
                107.50302671521555,
                -6.017818250375892
              ],
              [
                107.50293688368714,
                -6.017818250375892
              ],
              [
                107.50293688368714,
                -6.017548755790656
              ],
              [
                107.50284705215873,
                -6.017548755790656
              ],
              [
                107.50284705215873,
                -6.017458924262244
              ],
              [
                107.50275722063031,
                -6.017458924262244
              ],
              [
                107.50275722063031,
                -6.01727926120542
              ],
              [
                107.5026673891019,
                -6.01727926120542
              ],
              [
                107.5026673891019,
                -6.017099598148596
              ],
              [
                107.50257755757349,
                -6.017099598148596
              ],
              [
                107.50257755757349,
                -6.017009766620184
              ],
              [
                107.50230806298825,
                -6.017009766620184
              ],
              [
                107.50230806298825,
                -6.016919935091773
              ],
              [
                107.50158941076096,
                -6.016919935091773
              ],
              [
                107.50158941076096,
                -6.01683010356336
              ],
              [
                107.50131991617572,
                -6.01683010356336
              ],
              [
                107.50131991617572,
                -6.016740272034949
              ],
              [
                107.5011402531189,
                -6.016740272034949
              ],
              [
                107.5011402531189,
                -6.016650440506536
              ],
              [
                107.50096059006208,
                -6.016650440506536
              ]
            ]
          ]
        },
        "properties": {
          "area_km2": 0.126
        }
      },
      {
        "type": "Feature",
        "geometry": {
          "type": "Polygon",
          "coordinates": [
            [
              [
                107.5049131773122,
                -6.0222199952680775
              ],
              [
                107.5049131773122,
                -6.02230982679649
              ],
              [
                107.50464368272696,
                -6.02230982679649
              ],
              [
                107.50464368272696,
                -6.022399658324901
              ],
              [
                107.50446401967014,
                -6.022399658324901
              ],
              [
                107.50446401967014,
                -6.022489489853314
              ],
              [
                107.50428435661331,
                -6.022489489853314
              ],
              [
                107.50428435661331,
                -6.022579321381725
              ],
              [
                107.50419452508491,
                -6.022579321381725
              ],
              [
                107.50419452508491,
                -6.0226691529101375
              ],
              [
                107.5041046935565,
                -6.0226691529101375
              ],
              [
                107.5041046935565,
                -6.022758984438549
              ],
              [
                107.50401486202809,
                -6.022758984438549
              ],
              [
                107.50401486202809,
                -6.022848815966961
              ],
              [
                107.50392503049967,
                -6.022848815966961
              ],
              [
                107.50392503049967,
                -6.023387805137433
              ],
              [
                107.50401486202809,
                -6.023387805137433
              ],
              [
                107.50401486202809,
                -6.023567468194257
              ],
              [
                107.5041046935565,
                -6.023567468194257
              ],
              [
                107.5041046935565,
                -6.02374713125108
              ],
              [
                107.50419452508491,
                -6.02374713125108
              ],
              [
                107.50419452508491,
                -6.023836962779493
              ],
              [
                107.50428435661331,
                -6.023836962779493
              ],
              [
                107.50428435661331,
                -6.023926794307904
              ],
              [
                107.50437418814172,
                -6.023926794307904
              ],
              [
                107.50437418814172,
                -6.024106457364729
              ],
              [
                107.50446401967014,
                -6.024106457364729
              ],
              [
                107.50446401967014,
                -6.024286120421553
              ],
              [
                107.50455385119855,
                -6.024286120421553
              ],
              [
                107.50455385119855,
                -6.024825109592024
              ],
              [
                107.50446401967014,
                -6.024825109592024
              ],
              [
                107.50446401967014,
                -6.024914941120436
              ],
              [
                107.50437418814172,
                -6.024914941120436
              ],
              [
                107.50437418814172,
                -6.02509460417726
              ],
              [
                107.50428435661331,
                -6.02509460417726
              ],
              [
                107.50428435661331,
                -6.025184435705672
              ],
              [
                107.50419452508491,
                -6.025184435705672
              ],
              [
                107.50419452508491,
                -6.025274267234084
              ],
              [
                107.50401486202809,
                -6.025274267234084
              ],
              [
                107.50401486202809,
                -6.025453930290908
              ],
              [
                107.50392503049967,
                -6.025453930290908
              ],
              [
                107.50392503049967,
                -6.0255437618193195
              ],
              [
                107.50374536744285,
                -6.0255437618193195
              ],
              [
                107.50374536744285,
                -6.025633593347732
              ],
              [
                107.50365553591443,
                -6.025633593347732
              ],
              [
                107.50365553591443,
                -6.025813256404556
              ],
              [
                107.50356570438602,
                -6.025813256404556
              ],
              [
                107.50356570438602,
                -6.0259929194613795
              ],
              [
                107.5034758728576,
                -6.0259929194613795
              ],
              [
                107.5034758728576,
                -6.026262414046616
              ],
              [
                107.50356570438602,
                -6.026262414046616
              ],
              [
                107.50356570438602,
                -6.0264420771034395
              ],
              [
                107.50365553591443,
                -6.0264420771034395
              ],
              [
                107.50365553591443,
                -6.026621740160263
              ],
              [
                107.50374536744285,
                -6.026621740160263
              ],
              [
                107.50374536744285,
                -6.026801403217087
              ],
              [
                107.50383519897126,
                -6.026801403217087
              ],
              [
                107.50383519897126,
                -6.026981066273911
              ],
              [
                107.50392503049967,
                -6.026981066273911
              ],
              [
                107.50392503049967,
                -6.027070897802323
              ],
              [
                107.50401486202809,
                -6.027070897802323
              ],
              [
                107.50401486202809,
                -6.027160729330735
              ],
              [
                107.5041046935565,
                -6.027160729330735
              ],
              [
                107.5041046935565,
                -6.027340392387559
              ],
              [
                107.50419452508491,
                -6.027340392387559
              ],
              [
                107.50419452508491,
                -6.027520055444382
              ],
              [
                107.50428435661331,
                -6.027520055444382
              ],
              [
                107.50428435661331,
                -6.027699718501206
              ],
              [
                107.50437418814172,
                -6.027699718501206
              ],
              [
                107.50437418814172,
                -6.02832853920009
              ],
              [
                107.50446401967014,
                -6.02832853920009
              ],
              [
                107.50446401967014,
                -6.028957359898974
              ],
              [
                107.50455385119855,
                -6.028957359898974
              ],
              [
                107.50455385119855,
                -6.029137022955798
              ],
              [
                107.50464368272696,
                -6.029137022955798
              ],
              [
                107.50464368272696,
                -6.02922685448421
              ],
              [
                107.50473351425538,
                -6.02922685448421
              ],
              [
                107.50473351425538,
                -6.029496349069445
              ],
              [
                107.50482334578379,
                -6.029496349069445
              ],
              [
                107.50482334578379,
                -6.029676012126269
              ],
              [
                107.5049131773122,
                -6.029676012126269
              ],
              [
                107.5049131773122,
                -6.0297658436546815
              ],
              [
                107.50500300884062,
                -6.0297658436546815
              ],
              [
                107.50500300884062,
                -6.029855675183094
              ],
              [
                107.50509284036903,
                -6.029855675183094
              ],
              [
                107.50509284036903,
                -6.030035338239918
              ],
              [
                107.50518267189744,
                -6.030035338239918
              ],
              [
                107.50518267189744,
                -6.0302150012967415
              ],
              [
                107.50527250342584,
                -6.0302150012967415
              ],
              [
                107.50527250342584,
                -6.030304832825153
              ],
              [
                107.50545216648267,
                -6.030304832825153
              ],
              [
                107.50545216648267,
                -6.030484495881977
              ],
              [
                107.50554199801108,
                -6.030484495881977
              ],
              [
                107.50554199801108,
                -6.030574327410389
              ],
              [
                107.5056318295395,
                -6.030574327410389
              ],
              [
                107.5056318295395,
                -6.0306641589388015
              ],
              [
                107.50572166106791,
                -6.0306641589388015
              ],
              [
                107.50572166106791,
                -6.030753990467213
              ],
              [
                107.50581149259632,
                -6.030753990467213
              ],
              [
                107.50581149259632,
                -6.030843821995625
              ],
              [
                107.50590132412474,
                -6.030843821995625
              ],
              [
                107.50590132412474,
                -6.030933653524037
              ],
              [
                107.50599115565315,
                -6.030933653524037
              ],
              [
                107.50599115565315,
                -6.031023485052449
              ],
              [
                107.50608098718156,
                -6.031023485052449
              ],
              [
                107.50608098718156,
                -6.031113316580861
              ],
              [
                107.50626065023837,
                -6.031113316580861
              ],
              [
                107.50626065023837,
                -6.031292979637684
              ],
              [
                107.50635048176679,
                -6.031292979637684
              ],
              [
                107.50635048176679,
                -6.031382811166097
              ],
              [
                107.50653014482361,
                -6.031382811166097
              ],
              [
                107.50653014482361,
                -6.031472642694508
              ],
              [
                107.50670980788044,
                -6.031472642694508
              ],
              [
                107.50670980788044,
                -6.031562474222921
              ],
              [
                107.50679963940885,
                -6.031562474222921
              ],
              [
                107.50679963940885,
                -6.031652305751333
              ],
              [
                107.50688947093727,
                -6.031652305751333
              ],
              [
                107.50688947093727,
                -6.031742137279744
              ],
              [
                107.5070691339941,
                -6.031742137279744
              ],
              [
                107.5070691339941,
                -6.031831968808157
              ],
              [
                107.5071589655225,
                -6.031831968808157
              ],
              [
                107.5071589655225,
                -6.031921800336568
              ],
              [
                107.5072487970509,
                -6.031921800336568
              ],
              [
                107.5072487970509,
                -6.03335910479116
              ],
              [
                107.50733862857932,
                -6.03335910479116
              ],
              [
                107.50733862857932,
                -6.034616746188927
              ],
              [
                107.50742846010773,
                -6.034616746188927
              ],
              [
                107.50742846010773,
                -6.034796409245751
              ],
              [
                107.50751829163615,
                -6.034796409245751
              ],
              [
                107.50751829163615,
                -6.034976072302575
              ],
              [
                107.50760812316456,
                -6.034976072302575
              ],
              [
                107.50760812316456,
                -6.035335398416223
              ],
              [
                107.50769795469297,
                -6.035335398416223
              ],
              [
                107.50769795469297,
                -6.035515061473046
              ],
              [
                107.50778778622139,
                -6.035515061473046
              ],
              [
                107.50778778622139,
                -6.03569472452987
              ],
              [
                107.5078776177498,
                -6.03569472452987
              ],
              [
                107.5078776177498,
                -6.035784556058283
              ],
              [
                107.50796744927821,
                -6.035784556058283
              ],
              [
                107.50796744927821,
                -6.035874387586694
              ],
              [
                107.50805728080663,
                -6.035874387586694
              ],
              [
                107.50805728080663,
                -6.036054050643518
              ],
              [
                107.50814711233504,
                -6.036054050643518
              ],
              [
                107.50814711233504,
                -6.03614388217193
              ],
              [
                107.50823694386344,
                -6.03614388217193
              ],
              [
                107.50823694386344,
                -6.036233713700342
              ],
              [
                107.50832677539185,
                -6.036233713700342
              ],
              [
                107.50832677539185,
                -6.036323545228754
              ],
              [
                107.50841660692026,
                -6.036323545228754
              ],
              [
                107.50841660692026,
                -6.036413376757166
              ],
              [
                107.50850643844868,
                -6.036413376757166
              ],
              [
                107.50850643844868,
                -6.036503208285578
              ],
              [
                107.50859626997709,
                -6.036503208285578
              ],
              [
                107.50859626997709,
                -6.03659303981399
              ],
              [
                107.5086861015055,
                -6.03659303981399
              ],
              [
                107.5086861015055,
                -6.036772702870814
              ],
              [
                107.50877593303392,
                -6.036772702870814
              ],
              [
                107.50877593303392,
                -6.0368625343992255
              ],
              [
                107.50886576456233,
                -6.0368625343992255
              ],
              [
                107.50886576456233,
                -6.037042197456049
              ],
              [
                107.50895559609074,
                -6.037042197456049
              ],
              [
                107.50895559609074,
                -6.037221860512873
              ],
              [
                107.50904542761916,
                -6.037221860512873
              ],
              [
                107.50904542761916,
                -6.037401523569698
              ],
              [
                107.50913525914757,
                -6.037401523569698
              ],
              [
                107.50913525914757,
                -6.037581186626522
              ],
              [
                107.50931492220438,
                -6.037581186626522
              ],
              [
                107.50931492220438,
                -6.037671018154933
              ],
              [
                107.5094047537328,
                -6.037671018154933
              ],
              [
                107.5094047537328,
                -6.0377608496833455
              ],
              [
                107.50949458526121,
                -6.0377608496833455
              ],
              [
                107.50949458526121,
                -6.037850681211757
              ],
              [
                107.50958441678962,
                -6.037850681211757
              ],
              [
                107.50958441678962,
                -6.037940512740169
              ],
              [
                107.50976407984645,
                -6.037940512740169
              ],
              [
                107.50976407984645,
                -6.038030344268581
              ],
              [
                107.50985391137486,
                -6.038030344268581
              ],
              [
                107.50985391137486,
                -6.038120175796993
              ],
              [
                107.50994374290327,
                -6.038120175796993
              ],
              [
                107.50994374290327,
                -6.0382100073254055
              ],
              [
                107.51003357443169,
                -6.0382100073254055
              ],
              [
                107.51003357443169,
                -6.038299838853817
              ],
              [
                107.5102132374885,
                -6.038299838853817
              ],
              [
                107.5102132374885,
                -6.038479501910641
              ],
              [
                107.51039290054533,
                -6.038479501910641
              ],
              [
                107.51039290054533,
                -6.038569333439053
              ],
              [
                107.51048273207374,
                -6.038569333439053
              ],
              [
                107.51048273207374,
                -6.038659164967465
              ],
              [
                107.51057256360215,
                -6.038659164967465
              ],
              [
                107.51057256360215,
                -6.038748996495877
              ],
              [
                107.51066239513057,
                -6.038748996495877
              ],
              [
                107.51066239513057,
                -6.038838828024288
              ],
              [
                107.51075222665898,
                -6.038838828024288
              ],
              [
                107.51075222665898,
                -6.038928659552701
              ],
              [
                107.5109318897158,
                -6.038928659552701
              ],
              [
                107.5109318897158,
                -6.039018491081112
              ],
              [
                107.51111155277263,
                -6.039018491081112
              ],
              [
                107.51111155277263,
                -6.039108322609525
              ],
              [
                107.51120138430103,
                -6.039108322609525
              ],
              [
                107.51120138430103,
                -6.039198154137937
              ],
              [
                107.51138104735786,
                -6.039198154137937
              ],
              [
                107.51138104735786,
                -6.039287985666348
              ],
              [
                107.51156071041468,
                -6.039287985666348
              ],
              [
                107.51156071041468,
                -6.039377817194761
              ],
              [
                107.51183020499992,
                -6.039377817194761
              ],
              [
                107.51183020499992,
                -6.039467648723172
              ],
              [
                107.51192003652834,
                -6.039467648723172
              ],
              [
                107.51192003652834,
                -6.039557480251585
              ],
              [
                107.51200986805675,
                -6.039557480251585
              ],
              [
                107.51200986805675,
                -6.039647311779996
              ],
              [
                107.51227936264198,
                -6.039647311779996
              ],
              [
                107.51227936264198,
                -6.039737143308408
              ],
              [
                107.51461498238069,
                -6.039737143308408
              ],
              [
                107.51461498238069,
                -6.039647311779996
              ],
              [
                107.51515397155117,
                -6.039647311779996
              ],
              [
                107.51515397155117,
                -6.039557480251585
              ],
              [
                107.51533363460798,
                -6.039557480251585
              ],
              [
                107.51533363460798,
                -6.039467648723172
              ],
              [
                107.51551329766481,
                -6.039467648723172
              ],
              [
                107.51551329766481,
                -6.039377817194761
              ],
              [
                107.51569296072164,
                -6.039377817194761
              ],
              [
                107.51569296072164,
                -6.039287985666348
              ],
              [
                107.51587262377846,
                -6.039287985666348
              ],
              [
                107.51587262377846,
                -6.039108322609525
              ],
              [
                107.51596245530688,
                -6.039108322609525
              ],
              [
                107.51596245530688,
                -6.038928659552701
              ],
              [
                107.51605228683529,
                -6.038928659552701
              ],
              [
                107.51605228683529,
                -6.038748996495877
              ],
              [
                107.5161421183637,
                -6.038748996495877
              ],
              [
                107.5161421183637,
                -6.038659164967465
              ],
              [
                107.5162319498921,
                -6.038659164967465
              ],
              [
                107.5162319498921,
                -6.038479501910641
              ],
              [
                107.51632178142052,
                -6.038479501910641
              ],
              [
                107.51632178142052,
                -6.038389670382229
              ],
              [
                107.51641161294893,
                -6.038389670382229
              ],
              [
                107.51641161294893,
                -6.0382100073254055
              ],
              [
                107.51650144447734,
                -6.0382100073254055
              ],
              [
                107.51650144447734,
                -6.038120175796993
              ],
              [
                107.51659127600576,
                -6.038120175796993
              ],
              [
                107.51659127600576,
                -6.038030344268581
              ],
              [
                107.51668110753417,
                -6.038030344268581
              ],
              [
                107.51668110753417,
                -6.037850681211757
              ],
              [
                107.51677093906258,
                -6.037850681211757
              ],
              [
                107.51677093906258,
                -6.036952365927638
              ],
              [
                107.51668110753417,
                -6.036952365927638
              ],
              [
                107.51668110753417,
                -6.036682871342402
              ],
              [
                107.51659127600576,
                -6.036682871342402
              ],
              [
                107.51659127600576,
                -6.036503208285578
              ],
              [
                107.51650144447734,
                -6.036503208285578
              ],
              [
                107.51650144447734,
                -6.036413376757166
              ],
              [
                107.51641161294893,
                -6.036413376757166
              ],
              [
                107.51641161294893,
                -6.036233713700342
              ],
              [
                107.51632178142052,
                -6.036233713700342
              ],
              [
                107.51632178142052,
                -6.03614388217193
              ],
              [
                107.5162319498921,
                -6.03614388217193
              ],
              [
                107.5162319498921,
                -6.036054050643518
              ],
              [
                107.5161421183637,
                -6.036054050643518
              ],
              [
                107.5161421183637,
                -6.035964219115106
              ],
              [
                107.51605228683529,
                -6.035964219115106
              ],
              [
                107.51605228683529,
                -6.035874387586694
              ],
              [
                107.51596245530688,
                -6.035874387586694
              ],
              [
                107.51596245530688,
                -6.035784556058283
              ],
              [
                107.51587262377846,
                -6.035784556058283
              ],
              [
                107.51587262377846,
                -6.03569472452987
              ],
              [
                107.51578279225005,
                -6.03569472452987
              ],
              [
                107.51578279225005,
                -6.035604893001459
              ],
              [
                107.51560312919322,
                -6.035604893001459
              ],
              [
                107.51560312919322,
                -6.035425229944635
              ],
              [
                107.51551329766481,
                -6.035425229944635
              ],
              [
                107.51551329766481,
                -6.035335398416223
              ],
              [
                107.51524380307957,
                -6.035335398416223
              ],
              [
                107.51524380307957,
                -6.03524556688781
              ],
              [
                107.51335734098292,
                -6.03524556688781
              ],
              [
                107.51335734098292,
                -6.035335398416223
              ],
              [
                107.5109318897158,
                -6.035335398416223
              ],
              [
                107.5109318897158,
                -6.03524556688781
              ],
              [
                107.51048273207374,
                -6.03524556688781
              ],
              [
                107.51048273207374,
                -6.035155735359399
              ],
              [
                107.51030306901691,
                -6.035155735359399
              ],
              [
                107.51030306901691,
                -6.035065903830986
              ],
              [
                107.5102132374885,
                -6.035065903830986
              ],
              [
                107.5102132374885,
                -6.034976072302575
              ],
              [
                107.5101234059601,
                -6.034976072302575
              ],
              [
                107.5101234059601,
                -6.034886240774163
              ],
              [
                107.50994374290327,
                -6.034886240774163
              ],
              [
                107.50994374290327,
                -6.034526914660515
              ],
              [
                107.51003357443169,
                -6.034526914660515
              ],
              [
                107.51003357443169,
                -6.034347251603691
              ],
              [
                107.5102132374885,
                -6.034347251603691
              ],
              [
                107.5102132374885,
                -6.034257420075279
              ],
              [
                107.51039290054533,
                -6.034257420075279
              ],
              [
                107.51039290054533,
                -6.034167588546867
              ],
              [
                107.51048273207374,
                -6.034167588546867
              ],
              [
                107.51048273207374,
                -6.034077757018455
              ],
              [
                107.51057256360215,
                -6.034077757018455
              ],
              [
                107.51057256360215,
                -6.0339879254900435
              ],
              [
                107.5108420581874,
                -6.0339879254900435
              ],
              [
                107.5108420581874,
                -6.033898093961631
              ],
              [
                107.51111155277263,
                -6.033898093961631
              ],
              [
                107.51111155277263,
                -6.03380826243322
              ],
              [
                107.51129121582944,
                -6.03380826243322
              ],
              [
                107.51129121582944,
                -6.033718430904807
              ],
              [
                107.51147087888627,
                -6.033718430904807
              ],
              [
                107.51147087888627,
                -6.033628599376396
              ],
              [
                107.51183020499992,
                -6.033628599376396
              ],
              [
                107.51183020499992,
                -6.0335387678479835
              ],
              [
                107.51218953111356,
                -6.0335387678479835
              ],
              [
                107.51218953111356,
                -6.033448936319571
              ],
              [
                107.51236919417039,
                -6.033448936319571
              ],
              [
                107.51236919417039,
                -6.03335910479116
              ],
              [
                107.5124590256988,
                -6.03335910479116
              ],
              [
                107.5124590256988,
                -6.033269273262747
              ],
              [
                107.51263868875563,
                -6.033269273262747
              ],
              [
                107.51263868875563,
                -6.033179441734336
              ],
              [
                107.51272852028404,
                -6.033179441734336
              ],
              [
                107.51272852028404,
                -6.0330896102059235
              ],
              [
                107.51281835181246,
                -6.0330896102059235
              ],
              [
                107.51281835181246,
                -6.032999778677512
              ],
              [
                107.51290818334087,
                -6.032999778677512
              ],
              [
                107.51290818334087,
                -6.031921800336568
              ],
              [
                107.51281835181246,
                -6.031921800336568
              ],
              [
                107.51281835181246,
                -6.031831968808157
              ],
              [
                107.51272852028404,
                -6.031831968808157
              ],
              [
                107.51272852028404,
                -6.031742137279744
              ],
              [
                107.51263868875563,
                -6.031742137279744
              ],
              [
                107.51263868875563,
                -6.031652305751333
              ],
              [
                107.5124590256988,
                -6.031652305751333
              ],
              [
                107.5124590256988,
                -6.031562474222921
              ],
              [
                107.51236919417039,
                -6.031562474222921
              ],
              [
                107.51236919417039,
                -6.031472642694508
              ],
              [
                107.51218953111356,
                -6.031472642694508
              ],
              [
                107.51218953111356,
                -6.031382811166097
              ],
              [
                107.51183020499992,
                -6.031382811166097
              ],
              [
                107.51183020499992,
                -6.031292979637684
              ],
              [
                107.51147087888627,
                -6.031292979637684
              ],
              [
                107.51147087888627,
                -6.031203148109273
              ],
              [
                107.51129121582944,
                -6.031203148109273
              ],
              [
                107.51129121582944,
                -6.031113316580861
              ],
              [
                107.51111155277263,
                -6.031113316580861
              ],
              [
                107.51111155277263,
                -6.031023485052449
              ],
              [
                107.5108420581874,
                -6.031023485052449
              ],
              [
                107.5108420581874,
                -6.030933653524037
              ],
              [
                107.51066239513057,
                -6.030933653524037
              ],
              [
                107.51066239513057,
                -6.030843821995625
              ],
              [
                107.51057256360215,
                -6.030843821995625
              ],
              [
                107.51057256360215,
                -6.030753990467213
              ],
              [
                107.51048273207374,
                -6.030753990467213
              ],
              [
                107.51048273207374,
                -6.0306641589388015
              ],
              [
                107.51030306901691,
                -6.0306641589388015
              ],
              [
                107.51030306901691,
                -6.030574327410389
              ],
              [
                107.5102132374885,
                -6.030574327410389
              ],
              [
                107.5102132374885,
                -6.030484495881977
              ],
              [
                107.5101234059601,
                -6.030484495881977
              ],
              [
                107.5101234059601,
                -6.030394664353565
              ],
              [
                107.51003357443169,
                -6.030394664353565
              ],
              [
                107.51003357443169,
                -6.030304832825153
              ],
              [
                107.50994374290327,
                -6.030304832825153
              ],
              [
                107.50994374290327,
                -6.030125169768329
              ],
              [
                107.50985391137486,
                -6.030125169768329
              ],
              [
                107.50985391137486,
                -6.030035338239918
              ],
              [
                107.50976407984645,
                -6.030035338239918
              ],
              [
                107.50976407984645,
                -6.029945506711505
              ],
              [
                107.50967424831803,
                -6.029945506711505
              ],
              [
                107.50967424831803,
                -6.029855675183094
              ],
              [
                107.50958441678962,
                -6.029855675183094
              ],
              [
                107.50958441678962,
                -6.0297658436546815
              ],
              [
                107.50949458526121,
                -6.0297658436546815
              ],
              [
                107.50949458526121,
                -6.029586180597858
              ],
              [
                107.50931492220438,
                -6.029586180597858
              ],
              [
                107.50931492220438,
                -6.029496349069445
              ],
              [
                107.50922509067597,
                -6.029496349069445
              ],
              [
                107.50922509067597,
                -6.029406517541034
              ],
              [
                107.50913525914757,
                -6.029406517541034
              ],
              [
                107.50913525914757,
                -6.02922685448421
              ],
              [
                107.50904542761916,
                -6.02922685448421
              ],
              [
                107.50904542761916,
                -6.029137022955798
              ],
              [
                107.50886576456233,
                -6.029137022955798
              ],
              [
                107.50886576456233,
                -6.028957359898974
              ],
              [
                107.50877593303392,
                -6.028957359898974
              ],
              [
                107.50877593303392,
                -6.028867528370562
              ],
              [
                107.5086861015055,
                -6.028867528370562
              ],
              [
                107.5086861015055,
                -6.02877769684215
              ],
              [
                107.50850643844868,
                -6.02877769684215
              ],
              [
                107.50850643844868,
                -6.028598033785326
              ],
              [
                107.50841660692026,
                -6.028598033785326
              ],
              [
                107.50841660692026,
                -6.028508202256914
              ],
              [
                107.50832677539185,
                -6.028508202256914
              ],
              [
                107.50832677539185,
                -6.028418370728502
              ],
              [
                107.50814711233504,
                -6.028418370728502
              ],
              [
                107.50814711233504,
                -6.02832853920009
              ],
              [
                107.50805728080663,
                -6.02832853920009
              ],
              [
                107.50805728080663,
                -6.028238707671679
              ],
              [
                107.50796744927821,
                -6.028238707671679
              ],
              [
                107.50796744927821,
                -6.028148876143266
              ],
              [
                107.50778778622139,
                -6.028148876143266
              ],
              [
                107.50778778622139,
                -6.028059044614855
              ],
              [
                107.50760812316456,
                -6.028059044614855
              ],
              [
                107.50760812316456,
                -6.027969213086442
              ],
              [
                107.50751829163615,
                -6.027969213086442
              ],
              [
                107.50751829163615,
                -6.027879381558031
              ],
              [
                107.50742846010773,
                -6.027879381558031
              ],
              [
                107.50742846010773,
                -6.027789550029619
              ],
              [
                107.5072487970509,
                -6.027789550029619
              ],
              [
                107.5072487970509,
                -6.027699718501206
              ],
              [
                107.5070691339941,
                -6.027699718501206
              ],
              [
                107.5070691339941,
                -6.027520055444382
              ],
              [
                107.50697930246568,
                -6.027520055444382
              ],
              [
                107.50697930246568,
                -6.027070897802323
              ],
              [
                107.5070691339941,
                -6.027070897802323
              ],
              [
                107.5070691339941,
                -6.026711571688675
              ],
              [
                107.5071589655225,
                -6.026711571688675
              ],
              [
                107.5071589655225,
                -6.026531908631851
              ],
              [
                107.5072487970509,
                -6.026531908631851
              ],
              [
                107.5072487970509,
                -6.026262414046616
              ],
              [
                107.50733862857932,
                -6.026262414046616
              ],
              [
                107.50733862857932,
                -6.025903087932967
              ],
              [
                107.5072487970509,
                -6.025903087932967
              ],
              [
                107.5072487970509,
                -6.025723424876143
              ],
              [
                107.5071589655225,
                -6.025723424876143
              ],
              [
                107.5071589655225,
                -6.025633593347732
              ],
              [
                107.5070691339941,
                -6.025633593347732
              ],
              [
                107.5070691339941,
                -6.025453930290908
              ],
              [
                107.50697930246568,
                -6.025453930290908
              ],
              [
                107.50697930246568,
                -6.025364098762496
              ],
              [
                107.50688947093727,
                -6.025364098762496
              ],
              [
                107.50688947093727,
                -6.025274267234084
              ],
              [
                107.50679963940885,
                -6.025274267234084
              ],
              [
                107.50679963940885,
                -6.025184435705672
              ],
              [
                107.50661997635203,
                -6.025184435705672
              ],
              [
                107.50661997635203,
                -6.02509460417726
              ],
              [
                107.50653014482361,
                -6.02509460417726
              ],
              [
                107.50653014482361,
                -6.025004772648848
              ],
              [
                107.5064403132952,
                -6.025004772648848
              ],
              [
                107.5064403132952,
                -6.024914941120436
              ],
              [
                107.50635048176679,
                -6.024914941120436
              ],
              [
                107.50635048176679,
                -6.024825109592024
              ],
              [
                107.50617081870998,
                -6.024825109592024
              ],
              [
                107.50617081870998,
                -6.024735278063612
              ],
              [
                107.50608098718156,
                -6.024735278063612
              ],
              [
                107.50608098718156,
                -6.0246454465352
              ],
              [
                107.50599115565315,
                -6.0246454465352
              ],
              [
                107.50599115565315,
                -6.0231183105521975
              ],
              [
                107.50590132412474,
                -6.0231183105521975
              ],
              [
                107.50590132412474,
                -6.022848815966961
              ],
              [
                107.50581149259632,
                -6.022848815966961
              ],
              [
                107.50581149259632,
                -6.022758984438549
              ],
              [
                107.50572166106791,
                -6.022758984438549
              ],
              [
                107.50572166106791,
                -6.0226691529101375
              ],
              [
                107.5056318295395,
                -6.0226691529101375
              ],
              [
                107.5056318295395,
                -6.022579321381725
              ],
              [
                107.50554199801108,
                -6.022579321381725
              ],
              [
                107.50554199801108,
                -6.022399658324901
              ],
              [
                107.50536233495426,
                -6.022399658324901
              ],
              [
                107.50536233495426,
                -6.02230982679649
              ],
              [
                107.50509284036903,
                -6.02230982679649
              ],
              [
                107.50509284036903,
                -6.0222199952680775
              ],
              [
                107.5049131773122,
                -6.0222199952680775
              ]
            ]
          ]
        },
        "properties": {
          "area_km2": 0.947
        }
      },
      {
        "type": "Feature",
        "geometry": {
          "type": "Polygon",
          "coordinates": [
            [
              [
                107.51659127600576,
                -6.040365964007292
              ],
              [
                107.51659127600576,
                -6.040455795535704
              ],
              [
                107.51650144447734,
                -6.040455795535704
              ],
              [
                107.51650144447734,
                -6.040545627064116
              ],
              [
                107.51641161294893,
                -6.040545627064116
              ],
              [
                107.51641161294893,
                -6.04072529012094
              ],
              [
                107.51632178142052,
                -6.04072529012094
              ],
              [
                107.51632178142052,
                -6.040994784706175
              ],
              [
                107.5162319498921,
                -6.040994784706175
              ],
              [
                107.5162319498921,
                -6.041174447763
              ],
              [
                107.5161421183637,
                -6.041174447763
              ],
              [
                107.5161421183637,
                -6.041264279291411
              ],
              [
                107.51605228683529,
                -6.041264279291411
              ],
              [
                107.51605228683529,
                -6.041354110819824
              ],
              [
                107.51596245530688,
                -6.041354110819824
              ],
              [
                107.51596245530688,
                -6.041443942348235
              ],
              [
                107.51578279225005,
                -6.041443942348235
              ],
              [
                107.51578279225005,
                -6.0415337738766475
              ],
              [
                107.51560312919322,
                -6.0415337738766475
              ],
              [
                107.51560312919322,
                -6.041623605405059
              ],
              [
                107.51551329766481,
                -6.041623605405059
              ],
              [
                107.51551329766481,
                -6.041713436933471
              ],
              [
                107.51524380307957,
                -6.041713436933471
              ],
              [
                107.51524380307957,
                -6.041803268461883
              ],
              [
                107.51506414002276,
                -6.041803268461883
              ],
              [
                107.51506414002276,
                -6.041893099990295
              ],
              [
                107.51497430849435,
                -6.041893099990295
              ],
              [
                107.51497430849435,
                -6.041982931518707
              ],
              [
                107.51488447696593,
                -6.041982931518707
              ],
              [
                107.51488447696593,
                -6.042072763047119
              ],
              [
                107.51479464543752,
                -6.042072763047119
              ],
              [
                107.51479464543752,
                -6.042162594575531
              ],
              [
                107.5147048139091,
                -6.042162594575531
              ],
              [
                107.5147048139091,
                -6.042252426103943
              ],
              [
                107.51461498238069,
                -6.042252426103943
              ],
              [
                107.51461498238069,
                -6.042342257632355
              ],
              [
                107.51452515085228,
                -6.042342257632355
              ],
              [
                107.51452515085228,
                -6.042432089160767
              ],
              [
                107.51443531932387,
                -6.042432089160767
              ],
              [
                107.51443531932387,
                -6.042521920689179
              ],
              [
                107.51434548779545,
                -6.042521920689179
              ],
              [
                107.51434548779545,
                -6.04261175221759
              ],
              [
                107.51425565626704,
                -6.04261175221759
              ],
              [
                107.51425565626704,
                -6.042701583746003
              ],
              [
                107.51416582473864,
                -6.042701583746003
              ],
              [
                107.51416582473864,
                -6.042881246802827
              ],
              [
                107.51407599321023,
                -6.042881246802827
              ],
              [
                107.51407599321023,
                -6.042971078331238
              ],
              [
                107.51398616168181,
                -6.042971078331238
              ],
              [
                107.51398616168181,
                -6.043150741388063
              ],
              [
                107.5138963301534,
                -6.043150741388063
              ],
              [
                107.5138963301534,
                -6.043599899030122
              ],
              [
                107.51398616168181,
                -6.043599899030122
              ],
              [
                107.51398616168181,
                -6.043689730558534
              ],
              [
                107.51407599321023,
                -6.043689730558534
              ],
              [
                107.51407599321023,
                -6.043779562086946
              ],
              [
                107.51416582473864,
                -6.043779562086946
              ],
              [
                107.51416582473864,
                -6.043869393615358
              ],
              [
                107.51425565626704,
                -6.043869393615358
              ],
              [
                107.51425565626704,
                -6.04395922514377
              ],
              [
                107.51452515085228,
                -6.04395922514377
              ],
              [
                107.51452515085228,
                -6.044049056672182
              ],
              [
                107.51560312919322,
                -6.044049056672182
              ],
              [
                107.51560312919322,
                -6.04395922514377
              ],
              [
                107.51587262377846,
                -6.04395922514377
              ],
              [
                107.51587262377846,
                -6.043869393615358
              ],
              [
                107.51605228683529,
                -6.043869393615358
              ],
              [
                107.51605228683529,
                -6.043779562086946
              ],
              [
                107.5162319498921,
                -6.043779562086946
              ],
              [
                107.5162319498921,
                -6.043689730558534
              ],
              [
                107.51641161294893,
                -6.043689730558534
              ],
              [
                107.51641161294893,
                -6.043599899030122
              ],
              [
                107.51695060211941,
                -6.043599899030122
              ],
              [
                107.51695060211941,
                -6.043689730558534
              ],
              [
                107.51713026517623,
                -6.043689730558534
              ],
              [
                107.51713026517623,
                -6.043779562086946
              ],
              [
                107.51722009670463,
                -6.043779562086946
              ],
              [
                107.51722009670463,
                -6.043869393615358
              ],
              [
                107.51730992823305,
                -6.043869393615358
              ],
              [
                107.51730992823305,
                -6.04395922514377
              ],
              [
                107.51739975976146,
                -6.04395922514377
              ],
              [
                107.51739975976146,
                -6.044138888200594
              ],
              [
                107.51748959128987,
                -6.044138888200594
              ],
              [
                107.51748959128987,
                -6.044228719729006
              ],
              [
                107.51757942281829,
                -6.044228719729006
              ],
              [
                107.51757942281829,
                -6.0444083827858295
              ],
              [
                107.5176692543467,
                -6.0444083827858295
              ],
              [
                107.5176692543467,
                -6.044588045842653
              ],
              [
                107.51775908587511,
                -6.044588045842653
              ],
              [
                107.51775908587511,
                -6.044677877371066
              ],
              [
                107.51793874893194,
                -6.044677877371066
              ],
              [
                107.51793874893194,
                -6.044767708899477
              ],
              [
                107.51811841198877,
                -6.044767708899477
              ],
              [
                107.51811841198877,
                -6.0448575404278895
              ],
              [
                107.51829807504558,
                -6.0448575404278895
              ],
              [
                107.51829807504558,
                -6.044947371956302
              ],
              [
                107.5191963903297,
                -6.044947371956302
              ],
              [
                107.5191963903297,
                -6.045037203484713
              ],
              [
                107.51937605338652,
                -6.045037203484713
              ],
              [
                107.51937605338652,
                -6.044947371956302
              ],
              [
                107.51955571644335,
                -6.044947371956302
              ],
              [
                107.51955571644335,
                -6.0448575404278895
              ],
              [
                107.51964554797176,
                -6.0448575404278895
              ],
              [
                107.51964554797176,
                -6.044767708899477
              ],
              [
                107.51973537950018,
                -6.044767708899477
              ],
              [
                107.51973537950018,
                -6.044677877371066
              ],
              [
                107.51982521102859,
                -6.044677877371066
              ],
              [
                107.51982521102859,
                -6.044228719729006
              ],
              [
                107.51973537950018,
                -6.044228719729006
              ],
              [
                107.51973537950018,
                -6.044049056672182
              ],
              [
                107.51964554797176,
                -6.044049056672182
              ],
              [
                107.51964554797176,
                -6.043779562086946
              ],
              [
                107.51955571644335,
                -6.043779562086946
              ],
              [
                107.51955571644335,
                -6.04351006750171
              ],
              [
                107.51946588491494,
                -6.04351006750171
              ],
              [
                107.51946588491494,
                -6.043330404444887
              ],
              [
                107.51937605338652,
                -6.043330404444887
              ],
              [
                107.51937605338652,
                -6.043240572916474
              ],
              [
                107.5191065588013,
                -6.043240572916474
              ],
              [
                107.5191065588013,
                -6.043150741388063
              ],
              [
                107.51874723268764,
                -6.043150741388063
              ],
              [
                107.51874723268764,
                -6.04306090985965
              ],
              [
                107.5184777381024,
                -6.04306090985965
              ],
              [
                107.5184777381024,
                -6.042971078331238
              ],
              [
                107.51802858046035,
                -6.042971078331238
              ],
              [
                107.51802858046035,
                -6.042881246802827
              ],
              [
                107.51730992823305,
                -6.042881246802827
              ],
              [
                107.51730992823305,
                -6.042791415274414
              ],
              [
                107.51713026517623,
                -6.042791415274414
              ],
              [
                107.51713026517623,
                -6.04261175221759
              ],
              [
                107.51704043364782,
                -6.04261175221759
              ],
              [
                107.51704043364782,
                -6.041893099990295
              ],
              [
                107.51695060211941,
                -6.041893099990295
              ],
              [
                107.51695060211941,
                -6.040455795535704
              ],
              [
                107.516860770591,
                -6.040455795535704
              ],
              [
                107.516860770591,
                -6.040365964007292
              ],
              [
                107.51659127600576,
                -6.040365964007292
              ]
            ]
          ]
        },
        "properties": {
          "area_km2": 0.14
        }
      },
      {
        "type": "Feature",
        "geometry": {
          "type": "Polygon",
          "coordinates": [
            [
              [
                107.52108285242636,
                -6.057344122877151
              ],
              [
                107.52108285242636,
                -6.057433954405563
              ],
              [
                107.52090318936953,
                -6.057433954405563
              ],
              [
                107.52090318936953,
                -6.057523785933975
              ],
              [
                107.52081335784112,
                -6.057523785933975
              ],
              [
                107.52081335784112,
                -6.057613617462387
              ],
              [
                107.52072352631271,
                -6.057613617462387
              ],
              [
                107.52072352631271,
                -6.057883112047622
              ],
              [
                107.5206336947843,
                -6.057883112047622
              ],
              [
                107.5206336947843,
                -6.058332269689682
              ],
              [
                107.52054386325588,
                -6.058332269689682
              ],
              [
                107.52054386325588,
                -6.058511932746506
              ],
              [
                107.52045403172747,
                -6.058511932746506
              ],
              [
                107.52045403172747,
                -6.058601764274918
              ],
              [
                107.52036420019905,
                -6.058601764274918
              ],
              [
                107.52036420019905,
                -6.05869159580333
              ],
              [
                107.52009470561383,
                -6.05869159580333
              ],
              [
                107.52009470561383,
                -6.058781427331742
              ],
              [
                107.51973537950018,
                -6.058781427331742
              ],
              [
                107.51973537950018,
                -6.058871258860154
              ],
              [
                107.51964554797176,
                -6.058871258860154
              ],
              [
                107.51964554797176,
                -6.058961090388566
              ],
              [
                107.51955571644335,
                -6.058961090388566
              ],
              [
                107.51955571644335,
                -6.05914075344539
              ],
              [
                107.51946588491494,
                -6.05914075344539
              ],
              [
                107.51946588491494,
                -6.059320416502214
              ],
              [
                107.51955571644335,
                -6.059320416502214
              ],
              [
                107.51955571644335,
                -6.0595000795590375
              ],
              [
                107.51982521102859,
                -6.0595000795590375
              ],
              [
                107.51982521102859,
                -6.059410248030626
              ],
              [
                107.52000487408542,
                -6.059410248030626
              ],
              [
                107.52000487408542,
                -6.059320416502214
              ],
              [
                107.52018453714223,
                -6.059320416502214
              ],
              [
                107.52018453714223,
                -6.059230584973802
              ],
              [
                107.52036420019905,
                -6.059230584973802
              ],
              [
                107.52036420019905,
                -6.05914075344539
              ],
              [
                107.5206336947843,
                -6.05914075344539
              ],
              [
                107.5206336947843,
                -6.0590509219169775
              ],
              [
                107.52090318936953,
                -6.0590509219169775
              ],
              [
                107.52090318936953,
                -6.058961090388566
              ],
              [
                107.52099302089795,
                -6.058961090388566
              ],
              [
                107.52099302089795,
                -6.058871258860154
              ],
              [
                107.52108285242636,
                -6.058871258860154
              ],
              [
                107.52108285242636,
                -6.05869159580333
              ],
              [
                107.52117268395476,
                -6.05869159580333
              ],
              [
                107.52117268395476,
                -6.0584221012180945
              ],
              [
                107.52126251548317,
                -6.0584221012180945
              ],
              [
                107.52126251548317,
                -6.058152606632858
              ],
              [
                107.52135234701159,
                -6.058152606632858
              ],
              [
                107.52135234701159,
                -6.057883112047622
              ],
              [
                107.52144217854,
                -6.057883112047622
              ],
              [
                107.52144217854,
                -6.057523785933975
              ],
              [
                107.52135234701159,
                -6.057523785933975
              ],
              [
                107.52135234701159,
                -6.057344122877151
              ],
              [
                107.52108285242636,
                -6.057344122877151
              ]
            ]
          ]
        },
        "properties": {
          "area_km2": 0.02
        }
      },
      {
        "type": "Feature",
        "geometry": {
          "type": "Polygon",
          "coordinates": [
            [
              [
                107.52216083076729,
                -6.048360970035955
              ],
              [
                107.52216083076729,
                -6.048450801564368
              ],
              [
                107.52198116771048,
                -6.048450801564368
              ],
              [
                107.52198116771048,
                -6.048540633092779
              ],
              [
                107.52171167312524,
                -6.048540633092779
              ],
              [
                107.52171167312524,
                -6.0486304646211915
              ],
              [
                107.52153201006841,
                -6.0486304646211915
              ],
              [
                107.52153201006841,
                -6.048720296149604
              ],
              [
                107.52135234701159,
                -6.048720296149604
              ],
              [
                107.52135234701159,
                -6.048810127678015
              ],
              [
                107.52090318936953,
                -6.048810127678015
              ],
              [
                107.52090318936953,
                -6.048899959206428
              ],
              [
                107.52081335784112,
                -6.048899959206428
              ],
              [
                107.52081335784112,
                -6.048810127678015
              ],
              [
                107.52054386325588,
                -6.048810127678015
              ],
              [
                107.52054386325588,
                -6.048720296149604
              ],
              [
                107.52027436867064,
                -6.048720296149604
              ],
              [
                107.52027436867064,
                -6.0486304646211915
              ],
              [
                107.52009470561383,
                -6.0486304646211915
              ],
              [
                107.52009470561383,
                -6.048540633092779
              ],
              [
                107.51982521102859,
                -6.048540633092779
              ],
              [
                107.51982521102859,
                -6.048450801564368
              ],
              [
                107.51937605338652,
                -6.048450801564368
              ],
              [
                107.51937605338652,
                -6.048540633092779
              ],
              [
                107.51928622185811,
                -6.048540633092779
              ],
              [
                107.51928622185811,
                -6.0486304646211915
              ],
              [
                107.5191065588013,
                -6.0486304646211915
              ],
              [
                107.5191065588013,
                -6.048810127678015
              ],
              [
                107.51901672727288,
                -6.048810127678015
              ],
              [
                107.51901672727288,
                -6.048899959206428
              ],
              [
                107.51883706421606,
                -6.048899959206428
              ],
              [
                107.51883706421606,
                -6.0490796222632515
              ],
              [
                107.51874723268764,
                -6.0490796222632515
              ],
              [
                107.51874723268764,
                -6.049169453791663
              ],
              [
                107.51865740115923,
                -6.049169453791663
              ],
              [
                107.51865740115923,
                -6.049259285320075
              ],
              [
                107.51856756963082,
                -6.049259285320075
              ],
              [
                107.51856756963082,
                -6.049438948376899
              ],
              [
                107.5184777381024,
                -6.049438948376899
              ],
              [
                107.5184777381024,
                -6.049618611433723
              ],
              [
                107.51838790657399,
                -6.049618611433723
              ],
              [
                107.51838790657399,
                -6.049888106018959
              ],
              [
                107.51829807504558,
                -6.049888106018959
              ],
              [
                107.51829807504558,
                -6.050067769075783
              ],
              [
                107.51820824351717,
                -6.050067769075783
              ],
              [
                107.51820824351717,
                -6.050247432132607
              ],
              [
                107.51811841198877,
                -6.050247432132607
              ],
              [
                107.51811841198877,
                -6.050337263661018
              ],
              [
                107.51802858046035,
                -6.050337263661018
              ],
              [
                107.51802858046035,
                -6.050427095189431
              ],
              [
                107.51793874893194,
                -6.050427095189431
              ],
              [
                107.51793874893194,
                -6.050516926717842
              ],
              [
                107.51784891740353,
                -6.050516926717842
              ],
              [
                107.51784891740353,
                -6.050606758246254
              ],
              [
                107.51775908587511,
                -6.050606758246254
              ],
              [
                107.51775908587511,
                -6.050696589774667
              ],
              [
                107.51748959128987,
                -6.050696589774667
              ],
              [
                107.51748959128987,
                -6.050786421303078
              ],
              [
                107.51730992823305,
                -6.050786421303078
              ],
              [
                107.51730992823305,
                -6.0508762528314906
              ],
              [
                107.51722009670463,
                -6.0508762528314906
              ],
              [
                107.51722009670463,
                -6.050966084359902
              ],
              [
                107.51713026517623,
                -6.050966084359902
              ],
              [
                107.51713026517623,
                -6.051055915888314
              ],
              [
                107.51704043364782,
                -6.051055915888314
              ],
              [
                107.51704043364782,
                -6.051145747416726
              ],
              [
                107.51695060211941,
                -6.051145747416726
              ],
              [
                107.51695060211941,
                -6.051235578945138
              ],
              [
                107.516860770591,
                -6.051235578945138
              ],
              [
                107.516860770591,
                -6.05132541047355
              ],
              [
                107.51677093906258,
                -6.05132541047355
              ],
              [
                107.51677093906258,
                -6.051415242001962
              ],
              [
                107.51668110753417,
                -6.051415242001962
              ],
              [
                107.51668110753417,
                -6.051505073530374
              ],
              [
                107.51659127600576,
                -6.051505073530374
              ],
              [
                107.51659127600576,
                -6.051684736587198
              ],
              [
                107.51650144447734,
                -6.051684736587198
              ],
              [
                107.51650144447734,
                -6.05177456811561
              ],
              [
                107.51641161294893,
                -6.05177456811561
              ],
              [
                107.51641161294893,
                -6.051864399644022
              ],
              [
                107.51632178142052,
                -6.051864399644022
              ],
              [
                107.51632178142052,
                -6.052044062700846
              ],
              [
                107.5162319498921,
                -6.052044062700846
              ],
              [
                107.5162319498921,
                -6.053122041041789
              ],
              [
                107.5161421183637,
                -6.053122041041789
              ],
              [
                107.5161421183637,
                -6.053301704098613
              ],
              [
                107.51605228683529,
                -6.053301704098613
              ],
              [
                107.51605228683529,
                -6.053481367155437
              ],
              [
                107.51596245530688,
                -6.053481367155437
              ],
              [
                107.51596245530688,
                -6.053661030212261
              ],
              [
                107.51587262377846,
                -6.053661030212261
              ],
              [
                107.51587262377846,
                -6.053750861740673
              ],
              [
                107.51578279225005,
                -6.053750861740673
              ],
              [
                107.51578279225005,
                -6.053840693269085
              ],
              [
                107.51569296072164,
                -6.053840693269085
              ],
              [
                107.51569296072164,
                -6.053930524797496
              ],
              [
                107.51560312919322,
                -6.053930524797496
              ],
              [
                107.51560312919322,
                -6.054020356325909
              ],
              [
                107.51551329766481,
                -6.054020356325909
              ],
              [
                107.51551329766481,
                -6.05411018785432
              ],
              [
                107.5154234661364,
                -6.05411018785432
              ],
              [
                107.5154234661364,
                -6.054200019382733
              ],
              [
                107.51533363460798,
                -6.054200019382733
              ],
              [
                107.51533363460798,
                -6.054289850911145
              ],
              [
                107.51524380307957,
                -6.054289850911145
              ],
              [
                107.51524380307957,
                -6.054379682439556
              ],
              [
                107.51515397155117,
                -6.054379682439556
              ],
              [
                107.51515397155117,
                -6.054469513967969
              ],
              [
                107.51506414002276,
                -6.054469513967969
              ],
              [
                107.51506414002276,
                -6.0546491770247926
              ],
              [
                107.51497430849435,
                -6.0546491770247926
              ],
              [
                107.51497430849435,
                -6.054828840081616
              ],
              [
                107.51488447696593,
                -6.054828840081616
              ],
              [
                107.51488447696593,
                -6.054918671610028
              ],
              [
                107.51497430849435,
                -6.054918671610028
              ],
              [
                107.51497430849435,
                -6.055188166195264
              ],
              [
                107.51506414002276,
                -6.055188166195264
              ],
              [
                107.51506414002276,
                -6.055367829252088
              ],
              [
                107.51515397155117,
                -6.055367829252088
              ],
              [
                107.51515397155117,
                -6.055547492308912
              ],
              [
                107.51524380307957,
                -6.055547492308912
              ],
              [
                107.51524380307957,
                -6.0557271553657355
              ],
              [
                107.51533363460798,
                -6.0557271553657355
              ],
              [
                107.51533363460798,
                -6.055816986894148
              ],
              [
                107.5154234661364,
                -6.055816986894148
              ],
              [
                107.5154234661364,
                -6.055906818422559
              ],
              [
                107.51560312919322,
                -6.055906818422559
              ],
              [
                107.51560312919322,
                -6.055996649950972
              ],
              [
                107.51578279225005,
                -6.055996649950972
              ],
              [
                107.51578279225005,
                -6.056086481479383
              ],
              [
                107.51596245530688,
                -6.056086481479383
              ],
              [
                107.51596245530688,
                -6.0561763130077955
              ],
              [
                107.51632178142052,
                -6.0561763130077955
              ],
              [
                107.51632178142052,
                -6.056266144536208
              ],
              [
                107.51695060211941,
                -6.056266144536208
              ],
              [
                107.51695060211941,
                -6.0561763130077955
              ],
              [
                107.51722009670463,
                -6.0561763130077955
              ],
              [
                107.51722009670463,
                -6.056086481479383
              ],
              [
                107.51739975976146,
                -6.056086481479383
              ],
              [
                107.51739975976146,
                -6.055996649950972
              ],
              [
                107.51757942281829,
                -6.055996649950972
              ],
              [
                107.51757942281829,
                -6.055906818422559
              ],
              [
                107.51811841198877,
                -6.055906818422559
              ],
              [
                107.51811841198877,
                -6.055816986894148
              ],
              [
                107.5184777381024,
                -6.055816986894148
              ],
              [
                107.5184777381024,
                -6.0557271553657355
              ],
              [
                107.51865740115923,
                -6.0557271553657355
              ],
              [
                107.51865740115923,
                -6.055637323837324
              ],
              [
                107.51874723268764,
                -6.055637323837324
              ],
              [
                107.51874723268764,
                -6.055547492308912
              ],
              [
                107.5191065588013,
                -6.055547492308912
              ],
              [
                107.5191065588013,
                -6.0554576607805
              ],
              [
                107.51928622185811,
                -6.0554576607805
              ],
              [
                107.51928622185811,
                -6.055367829252088
              ],
              [
                107.51982521102859,
                -6.055367829252088
              ],
              [
                107.51982521102859,
                -6.0554576607805
              ],
              [
                107.52009470561383,
                -6.0554576607805
              ],
              [
                107.52009470561383,
                -6.055547492308912
              ],
              [
                107.52054386325588,
                -6.055547492308912
              ],
              [
                107.52054386325588,
                -6.055637323837324
              ],
              [
                107.52072352631271,
                -6.055637323837324
              ],
              [
                107.52072352631271,
                -6.0557271553657355
              ],
              [
                107.52090318936953,
                -6.0557271553657355
              ],
              [
                107.52090318936953,
                -6.055816986894148
              ],
              [
                107.52117268395476,
                -6.055816986894148
              ],
              [
                107.52117268395476,
                -6.055906818422559
              ],
              [
                107.52135234701159,
                -6.055906818422559
              ],
              [
                107.52135234701159,
                -6.055996649950972
              ],
              [
                107.52144217854,
                -6.055996649950972
              ],
              [
                107.52144217854,
                -6.056086481479383
              ],
              [
                107.52153201006841,
                -6.056086481479383
              ],
              [
                107.52153201006841,
                -6.0561763130077955
              ],
              [
                107.52162184159683,
                -6.0561763130077955
              ],
              [
                107.52162184159683,
                -6.056355976064619
              ],
              [
                107.52171167312524,
                -6.056355976064619
              ],
              [
                107.52171167312524,
                -6.056715302178267
              ],
              [
                107.52180150465365,
                -6.056715302178267
              ],
              [
                107.52180150465365,
                -6.056894965235091
              ],
              [
                107.52189133618207,
                -6.056894965235091
              ],
              [
                107.52189133618207,
                -6.056984796763503
              ],
              [
                107.52207099923889,
                -6.056984796763503
              ],
              [
                107.52207099923889,
                -6.057074628291915
              ],
              [
                107.5222506622957,
                -6.057074628291915
              ],
              [
                107.5222506622957,
                -6.057164459820327
              ],
              [
                107.52234049382412,
                -6.057164459820327
              ],
              [
                107.52234049382412,
                -6.057254291348739
              ],
              [
                107.52252015688094,
                -6.057254291348739
              ],
              [
                107.52252015688094,
                -6.057344122877151
              ],
              [
                107.52269981993777,
                -6.057344122877151
              ],
              [
                107.52269981993777,
                -6.057523785933975
              ],
              [
                107.52278965146618,
                -6.057523785933975
              ],
              [
                107.52278965146618,
                -6.057613617462387
              ],
              [
                107.5228794829946,
                -6.057613617462387
              ],
              [
                107.5228794829946,
                -6.057703448990798
              ],
              [
                107.52296931452301,
                -6.057703448990798
              ],
              [
                107.52296931452301,
                -6.057793280519211
              ],
              [
                107.52305914605142,
                -6.057793280519211
              ],
              [
                107.52305914605142,
                -6.057883112047622
              ],
              [
                107.52314897757982,
                -6.057883112047622
              ],
              [
                107.52314897757982,
                -6.0579729435760346
              ],
              [
                107.52323880910824,
                -6.0579729435760346
              ],
              [
                107.52323880910824,
                -6.058062775104446
              ],
              [
                107.52341847216506,
                -6.058062775104446
              ],
              [
                107.52341847216506,
                -6.058152606632858
              ],
              [
                107.52350830369348,
                -6.058152606632858
              ],
              [
                107.52350830369348,
                -6.058242438161271
              ],
              [
                107.5236879667503,
                -6.058242438161271
              ],
              [
                107.5236879667503,
                -6.058332269689682
              ],
              [
                107.52386762980713,
                -6.058332269689682
              ],
              [
                107.52386762980713,
                -6.0584221012180945
              ],
              [
                107.52404729286395,
                -6.0584221012180945
              ],
              [
                107.52404729286395,
                -6.058511932746506
              ],
              [
                107.52413712439235,
                -6.058511932746506
              ],
              [
                107.52413712439235,
                -6.058601764274918
              ],
              [
                107.52422695592077,
                -6.058601764274918
              ],
              [
                107.52422695592077,
                -6.05869159580333
              ],
              [
                107.5244066189776,
                -6.05869159580333
              ],
              [
                107.5244066189776,
                -6.058781427331742
              ],
              [
                107.52458628203442,
                -6.058781427331742
              ],
              [
                107.52458628203442,
                -6.058871258860154
              ],
              [
                107.52476594509125,
                -6.058871258860154
              ],
              [
                107.52476594509125,
                -6.058961090388566
              ],
              [
                107.52485577661966,
                -6.058961090388566
              ],
              [
                107.52485577661966,
                -6.0590509219169775
              ],
              [
                107.52503543967649,
                -6.0590509219169775
              ],
              [
                107.52503543967649,
                -6.05914075344539
              ],
              [
                107.5252151027333,
                -6.05914075344539
              ],
              [
                107.5252151027333,
                -6.059230584973802
              ],
              [
                107.52530493426171,
                -6.059230584973802
              ],
              [
                107.52530493426171,
                -6.059320416502214
              ],
              [
                107.52548459731854,
                -6.059320416502214
              ],
              [
                107.52548459731854,
                -6.059410248030626
              ],
              [
                107.52566426037536,
                -6.059410248030626
              ],
              [
                107.52566426037536,
                -6.0595000795590375
              ],
              [
                107.5259337549606,
                -6.0595000795590375
              ],
              [
                107.5259337549606,
                -6.05958991108745
              ],
              [
                107.52602358648902,
                -6.05958991108745
              ],
              [
                107.52602358648902,
                -6.059679742615861
              ],
              [
                107.52620324954583,
                -6.059679742615861
              ],
              [
                107.52620324954583,
                -6.059769574144274
              ],
              [
                107.52647274413107,
                -6.059769574144274
              ],
              [
                107.52647274413107,
                -6.059859405672685
              ],
              [
                107.52683207024472,
                -6.059859405672685
              ],
              [
                107.52683207024472,
                -6.0599492372010975
              ],
              [
                107.52692190177314,
                -6.0599492372010975
              ],
              [
                107.52692190177314,
                -6.06003906872951
              ],
              [
                107.52701173330155,
                -6.06003906872951
              ],
              [
                107.52701173330155,
                -6.060128900257921
              ],
              [
                107.52719139635836,
                -6.060128900257921
              ],
              [
                107.52719139635836,
                -6.060218731786334
              ],
              [
                107.52737105941519,
                -6.060218731786334
              ],
              [
                107.52737105941519,
                -6.060308563314745
              ],
              [
                107.5274608909436,
                -6.060308563314745
              ],
              [
                107.5274608909436,
                -6.0603983948431575
              ],
              [
                107.52755072247201,
                -6.0603983948431575
              ],
              [
                107.52755072247201,
                -6.060488226371569
              ],
              [
                107.52764055400043,
                -6.060488226371569
              ],
              [
                107.52764055400043,
                -6.060578057899981
              ],
              [
                107.52773038552884,
                -6.060578057899981
              ],
              [
                107.52773038552884,
                -6.060667889428393
              ],
              [
                107.52782021705725,
                -6.060667889428393
              ],
              [
                107.52782021705725,
                -6.060757720956805
              ],
              [
                107.52791004858567,
                -6.060757720956805
              ],
              [
                107.52791004858567,
                -6.060847552485217
              ],
              [
                107.5282693746993,
                -6.060847552485217
              ],
              [
                107.5282693746993,
                -6.060937384013629
              ],
              [
                107.52916768998342,
                -6.060937384013629
              ],
              [
                107.52916768998342,
                -6.061027215542041
              ],
              [
                107.52943718456866,
                -6.061027215542041
              ],
              [
                107.52943718456866,
                -6.061117047070453
              ],
              [
                107.52961684762549,
                -6.061117047070453
              ],
              [
                107.52961684762549,
                -6.061206878598865
              ],
              [
                107.52997617373914,
                -6.061206878598865
              ],
              [
                107.52997617373914,
                -6.0612967101272766
              ],
              [
                107.53024566832437,
                -6.0612967101272766
              ],
              [
                107.53024566832437,
                -6.061386541655689
              ],
              [
                107.53033549985278,
                -6.061386541655689
              ],
              [
                107.53033549985278,
                -6.0614763731841
              ],
              [
                107.5304253313812,
                -6.0614763731841
              ],
              [
                107.5304253313812,
                -6.061566204712513
              ],
              [
                107.53051516290961,
                -6.061566204712513
              ],
              [
                107.53051516290961,
                -6.061656036240924
              ],
              [
                107.53060499443802,
                -6.061656036240924
              ],
              [
                107.53060499443802,
                -6.0617458677693365
              ],
              [
                107.53069482596644,
                -6.0617458677693365
              ],
              [
                107.53069482596644,
                -6.06192553082616
              ],
              [
                107.53078465749485,
                -6.06192553082616
              ],
              [
                107.53078465749485,
                -6.062015362354573
              ],
              [
                107.53087448902326,
                -6.062015362354573
              ],
              [
                107.53087448902326,
                -6.0621950254113965
              ],
              [
                107.53096432055167,
                -6.0621950254113965
              ],
              [
                107.53096432055167,
                -6.062284856939808
              ],
              [
                107.53105415208007,
                -6.062284856939808
              ],
              [
                107.53105415208007,
                -6.06237468846822
              ],
              [
                107.53114398360849,
                -6.06237468846822
              ],
              [
                107.53114398360849,
                -6.062464519996632
              ],
              [
                107.5312338151369,
                -6.062464519996632
              ],
              [
                107.5312338151369,
                -6.062554351525044
              ],
              [
                107.53132364666531,
                -6.062554351525044
              ],
              [
                107.53132364666531,
                -6.062644183053456
              ],
              [
                107.53141347819373,
                -6.062644183053456
              ],
              [
                107.53141347819373,
                -6.062734014581868
              ],
              [
                107.53159314125055,
                -6.062734014581868
              ],
              [
                107.53159314125055,
                -6.06282384611028
              ],
              [
                107.53168297277897,
                -6.06282384611028
              ],
              [
                107.53168297277897,
                -6.062913677638692
              ],
              [
                107.53177280430738,
                -6.062913677638692
              ],
              [
                107.53177280430738,
                -6.063003509167104
              ],
              [
                107.5319524673642,
                -6.063003509167104
              ],
              [
                107.5319524673642,
                -6.063093340695516
              ],
              [
                107.53222196194943,
                -6.063093340695516
              ],
              [
                107.53222196194943,
                -6.063183172223928
              ],
              [
                107.53240162500626,
                -6.063183172223928
              ],
              [
                107.53240162500626,
                -6.0632730037523395
              ],
              [
                107.53258128806308,
                -6.0632730037523395
              ],
              [
                107.53258128806308,
                -6.063362835280752
              ],
              [
                107.53276095111991,
                -6.063362835280752
              ],
              [
                107.53276095111991,
                -6.0632730037523395
              ],
              [
                107.53329994029038,
                -6.0632730037523395
              ],
              [
                107.53329994029038,
                -6.063183172223928
              ],
              [
                107.53374909793244,
                -6.063183172223928
              ],
              [
                107.53374909793244,
                -6.063093340695516
              ],
              [
                107.53410842404608,
                -6.063093340695516
              ],
              [
                107.53410842404608,
                -6.063003509167104
              ],
              [
                107.53428808710291,
                -6.063003509167104
              ],
              [
                107.53428808710291,
                -6.062913677638692
              ],
              [
                107.53437791863132,
                -6.062913677638692
              ],
              [
                107.53437791863132,
                -6.06282384611028
              ],
              [
                107.53446775015973,
                -6.06282384611028
              ],
              [
                107.53446775015973,
                -6.062734014581868
              ],
              [
                107.53464741321656,
                -6.062734014581868
              ],
              [
                107.53464741321656,
                -6.062644183053456
              ],
              [
                107.53473724474497,
                -6.062644183053456
              ],
              [
                107.53473724474497,
                -6.062554351525044
              ],
              [
                107.53482707627339,
                -6.062554351525044
              ],
              [
                107.53482707627339,
                -6.062464519996632
              ],
              [
                107.5349169078018,
                -6.062464519996632
              ],
              [
                107.5349169078018,
                -6.06237468846822
              ],
              [
                107.53509657085861,
                -6.06237468846822
              ],
              [
                107.53509657085861,
                -6.062284856939808
              ],
              [
                107.53518640238703,
                -6.062284856939808
              ],
              [
                107.53518640238703,
                -6.0621950254113965
              ],
              [
                107.53527623391544,
                -6.0621950254113965
              ],
              [
                107.53527623391544,
                -6.062105193882984
              ],
              [
                107.53536606544385,
                -6.062105193882984
              ],
              [
                107.53536606544385,
                -6.06192553082616
              ],
              [
                107.53545589697227,
                -6.06192553082616
              ],
              [
                107.53545589697227,
                -6.061656036240924
              ],
              [
                107.53554572850068,
                -6.061656036240924
              ],
              [
                107.53554572850068,
                -6.060667889428393
              ],
              [
                107.53545589697227,
                -6.060667889428393
              ],
              [
                107.53545589697227,
                -6.060578057899981
              ],
              [
                107.53536606544385,
                -6.060578057899981
              ],
              [
                107.53536606544385,
                -6.060488226371569
              ],
              [
                107.53527623391544,
                -6.060488226371569
              ],
              [
                107.53527623391544,
                -6.0603983948431575
              ],
              [
                107.53518640238703,
                -6.0603983948431575
              ],
              [
                107.53518640238703,
                -6.060308563314745
              ],
              [
                107.53509657085861,
                -6.060308563314745
              ],
              [
                107.53509657085861,
                -6.060218731786334
              ],
              [
                107.5350067393302,
                -6.060218731786334
              ],
              [
                107.5350067393302,
                -6.060128900257921
              ],
              [
                107.53482707627339,
                -6.060128900257921
              ],
              [
                107.53482707627339,
                -6.06003906872951
              ],
              [
                107.53455758168815,
                -6.06003906872951
              ],
              [
                107.53455758168815,
                -6.0599492372010975
              ],
              [
                107.53437791863132,
                -6.0599492372010975
              ],
              [
                107.53437791863132,
                -6.059859405672685
              ],
              [
                107.53428808710291,
                -6.059859405672685
              ],
              [
                107.53428808710291,
                -6.059769574144274
              ],
              [
                107.53392876098927,
                -6.059769574144274
              ],
              [
                107.53392876098927,
                -6.059679742615861
              ],
              [
                107.53132364666531,
                -6.059679742615861
              ],
              [
                107.53132364666531,
                -6.05958991108745
              ],
              [
                107.53105415208007,
                -6.05958991108745
              ],
              [
                107.53105415208007,
                -6.0595000795590375
              ],
              [
                107.53087448902326,
                -6.0595000795590375
              ],
              [
                107.53087448902326,
                -6.059410248030626
              ],
              [
                107.53069482596644,
                -6.059410248030626
              ],
              [
                107.53069482596644,
                -6.059320416502214
              ],
              [
                107.53051516290961,
                -6.059320416502214
              ],
              [
                107.53051516290961,
                -6.059230584973802
              ],
              [
                107.5304253313812,
                -6.059230584973802
              ],
              [
                107.5304253313812,
                -6.05914075344539
              ],
              [
                107.53033549985278,
                -6.05914075344539
              ],
              [
                107.53033549985278,
                -6.0590509219169775
              ],
              [
                107.53024566832437,
                -6.0590509219169775
              ],
              [
                107.53024566832437,
                -6.058961090388566
              ],
              [
                107.53006600526754,
                -6.058961090388566
              ],
              [
                107.53006600526754,
                -6.058781427331742
              ],
              [
                107.52997617373914,
                -6.058781427331742
              ],
              [
                107.52997617373914,
                -6.05869159580333
              ],
              [
                107.52979651068232,
                -6.05869159580333
              ],
              [
                107.52979651068232,
                -6.058601764274918
              ],
              [
                107.5297066791539,
                -6.058601764274918
              ],
              [
                107.5297066791539,
                -6.058511932746506
              ],
              [
                107.52961684762549,
                -6.058511932746506
              ],
              [
                107.52961684762549,
                -6.0584221012180945
              ],
              [
                107.52952701609708,
                -6.0584221012180945
              ],
              [
                107.52952701609708,
                -6.058332269689682
              ],
              [
                107.52943718456866,
                -6.058332269689682
              ],
              [
                107.52943718456866,
                -6.058242438161271
              ],
              [
                107.52934735304025,
                -6.058242438161271
              ],
              [
                107.52934735304025,
                -6.058062775104446
              ],
              [
                107.52925752151184,
                -6.058062775104446
              ],
              [
                107.52925752151184,
                -6.0579729435760346
              ],
              [
                107.52916768998342,
                -6.0579729435760346
              ],
              [
                107.52916768998342,
                -6.057883112047622
              ],
              [
                107.52907785845501,
                -6.057883112047622
              ],
              [
                107.52907785845501,
                -6.057793280519211
              ],
              [
                107.52898802692661,
                -6.057793280519211
              ],
              [
                107.52898802692661,
                -6.057613617462387
              ],
              [
                107.5288981953982,
                -6.057613617462387
              ],
              [
                107.5288981953982,
                -6.057523785933975
              ],
              [
                107.52880836386979,
                -6.057523785933975
              ],
              [
                107.52880836386979,
                -6.057344122877151
              ],
              [
                107.52871853234137,
                -6.057344122877151
              ],
              [
                107.52871853234137,
                -6.057254291348739
              ],
              [
                107.52862870081296,
                -6.057254291348739
              ],
              [
                107.52862870081296,
                -6.057164459820327
              ],
              [
                107.52853886928455,
                -6.057164459820327
              ],
              [
                107.52853886928455,
                -6.057074628291915
              ],
              [
                107.52844903775613,
                -6.057074628291915
              ],
              [
                107.52844903775613,
                -6.056984796763503
              ],
              [
                107.52835920622772,
                -6.056984796763503
              ],
              [
                107.52835920622772,
                -6.056894965235091
              ],
              [
                107.5282693746993,
                -6.056894965235091
              ],
              [
                107.5282693746993,
                -6.056805133706679
              ],
              [
                107.52817954317089,
                -6.056805133706679
              ],
              [
                107.52817954317089,
                -6.056715302178267
              ],
              [
                107.52808971164248,
                -6.056715302178267
              ],
              [
                107.52808971164248,
                -6.0566254706498555
              ],
              [
                107.52791004858567,
                -6.0566254706498555
              ],
              [
                107.52791004858567,
                -6.056535639121443
              ],
              [
                107.52782021705725,
                -6.056535639121443
              ],
              [
                107.52782021705725,
                -6.056445807593032
              ],
              [
                107.52773038552884,
                -6.056445807593032
              ],
              [
                107.52773038552884,
                -6.056355976064619
              ],
              [
                107.52764055400043,
                -6.056355976064619
              ],
              [
                107.52764055400043,
                -6.056266144536208
              ],
              [
                107.52755072247201,
                -6.056266144536208
              ],
              [
                107.52755072247201,
                -6.0561763130077955
              ],
              [
                107.5274608909436,
                -6.0561763130077955
              ],
              [
                107.5274608909436,
                -6.055996649950972
              ],
              [
                107.52737105941519,
                -6.055996649950972
              ],
              [
                107.52737105941519,
                -6.055906818422559
              ],
              [
                107.52728122788677,
                -6.055906818422559
              ],
              [
                107.52728122788677,
                -6.055816986894148
              ],
              [
                107.52719139635836,
                -6.055816986894148
              ],
              [
                107.52719139635836,
                -6.055637323837324
              ],
              [
                107.52710156482995,
                -6.055637323837324
              ],
              [
                107.52710156482995,
                -6.0554576607805
              ],
              [
                107.52701173330155,
                -6.0554576607805
              ],
              [
                107.52701173330155,
                -6.055367829252088
              ],
              [
                107.52692190177314,
                -6.055367829252088
              ],
              [
                107.52692190177314,
                -6.055277997723676
              ],
              [
                107.52683207024472,
                -6.055277997723676
              ],
              [
                107.52683207024472,
                -6.05500850313844
              ],
              [
                107.52674223871631,
                -6.05500850313844
              ],
              [
                107.52674223871631,
                -6.054828840081616
              ],
              [
                107.5266524071879,
                -6.054828840081616
              ],
              [
                107.5266524071879,
                -6.054739008553204
              ],
              [
                107.52656257565948,
                -6.054739008553204
              ],
              [
                107.52656257565948,
                -6.0546491770247926
              ],
              [
                107.52647274413107,
                -6.0546491770247926
              ],
              [
                107.52647274413107,
                -6.05455934549638
              ],
              [
                107.52638291260266,
                -6.05455934549638
              ],
              [
                107.52638291260266,
                -6.054379682439556
              ],
              [
                107.52620324954583,
                -6.054379682439556
              ],
              [
                107.52620324954583,
                -6.054289850911145
              ],
              [
                107.52611341801742,
                -6.054289850911145
              ],
              [
                107.52611341801742,
                -6.054200019382733
              ],
              [
                107.52602358648902,
                -6.054200019382733
              ],
              [
                107.52602358648902,
                -6.054020356325909
              ],
              [
                107.52584392343219,
                -6.054020356325909
              ],
              [
                107.52584392343219,
                -6.053930524797496
              ],
              [
                107.52575409190378,
                -6.053930524797496
              ],
              [
                107.52575409190378,
                -6.053840693269085
              ],
              [
                107.52566426037536,
                -6.053840693269085
              ],
              [
                107.52566426037536,
                -6.053750861740673
              ],
              [
                107.52557442884695,
                -6.053750861740673
              ],
              [
                107.52557442884695,
                -6.053661030212261
              ],
              [
                107.52548459731854,
                -6.053661030212261
              ],
              [
                107.52548459731854,
                -6.053571198683849
              ],
              [
                107.52539476579013,
                -6.053571198683849
              ],
              [
                107.52539476579013,
                -6.053481367155437
              ],
              [
                107.52530493426171,
                -6.053481367155437
              ],
              [
                107.52530493426171,
                -6.053391535627025
              ],
              [
                107.5252151027333,
                -6.053391535627025
              ],
              [
                107.5252151027333,
                -6.053301704098613
              ],
              [
                107.52512527120489,
                -6.053301704098613
              ],
              [
                107.52512527120489,
                -6.053211872570201
              ],
              [
                107.52503543967649,
                -6.053211872570201
              ],
              [
                107.52503543967649,
                -6.053122041041789
              ],
              [
                107.52494560814807,
                -6.053122041041789
              ],
              [
                107.52494560814807,
                -6.053032209513377
              ],
              [
                107.52485577661966,
                -6.053032209513377
              ],
              [
                107.52485577661966,
                -6.052942377984965
              ],
              [
                107.52476594509125,
                -6.052942377984965
              ],
              [
                107.52476594509125,
                -6.0528525464565535
              ],
              [
                107.52467611356283,
                -6.0528525464565535
              ],
              [
                107.52467611356283,
                -6.05267288339973
              ],
              [
                107.52458628203442,
                -6.05267288339973
              ],
              [
                107.52458628203442,
                -6.052583051871317
              ],
              [
                107.524496450506,
                -6.052583051871317
              ],
              [
                107.524496450506,
                -6.052493220342906
              ],
              [
                107.5244066189776,
                -6.052493220342906
              ],
              [
                107.5244066189776,
                -6.0524033888144935
              ],
              [
                107.52431678744918,
                -6.0524033888144935
              ],
              [
                107.52431678744918,
                -6.05222372575767
              ],
              [
                107.52422695592077,
                -6.05222372575767
              ],
              [
                107.52422695592077,
                -6.052133894229257
              ],
              [
                107.52404729286395,
                -6.052133894229257
              ],
              [
                107.52404729286395,
                -6.052044062700846
              ],
              [
                107.52395746133554,
                -6.052044062700846
              ],
              [
                107.52395746133554,
                -6.05177456811561
              ],
              [
                107.52386762980713,
                -6.05177456811561
              ],
              [
                107.52386762980713,
                -6.050247432132607
              ],
              [
                107.52395746133554,
                -6.050247432132607
              ],
              [
                107.52395746133554,
                -6.049888106018959
              ],
              [
                107.52404729286395,
                -6.049888106018959
              ],
              [
                107.52404729286395,
                -6.049708442962135
              ],
              [
                107.52413712439235,
                -6.049708442962135
              ],
              [
                107.52413712439235,
                -6.049528779905311
              ],
              [
                107.52422695592077,
                -6.049528779905311
              ],
              [
                107.52422695592077,
                -6.0490796222632515
              ],
              [
                107.52413712439235,
                -6.0490796222632515
              ],
              [
                107.52413712439235,
                -6.048989790734839
              ],
              [
                107.52404729286395,
                -6.048989790734839
              ],
              [
                107.52404729286395,
                -6.048899959206428
              ],
              [
                107.52395746133554,
                -6.048899959206428
              ],
              [
                107.52395746133554,
                -6.048810127678015
              ],
              [
                107.52386762980713,
                -6.048810127678015
              ],
              [
                107.52386762980713,
                -6.048720296149604
              ],
              [
                107.5236879667503,
                -6.048720296149604
              ],
              [
                107.5236879667503,
                -6.0486304646211915
              ],
              [
                107.52305914605142,
                -6.0486304646211915
              ],
              [
                107.52305914605142,
                -6.048540633092779
              ],
              [
                107.52269981993777,
                -6.048540633092779
              ],
              [
                107.52269981993777,
                -6.048450801564368
              ],
              [
                107.52252015688094,
                -6.048450801564368
              ],
              [
                107.52252015688094,
                -6.048360970035955
              ],
              [
                107.52216083076729,
                -6.048360970035955
              ]
            ]
          ]
        },
        "properties": {
          "area_km2": 1.256
        }
      },
      {
        "type": "Feature",
        "geometry": {
          "type": "Polygon",
          "coordinates": [
            [
              [
                107.54093562020539,
                -6.0584221012180945
              ],
              [
                107.54093562020539,
                -6.058511932746506
              ],
              [
                107.54075595714858,
                -6.058511932746506
              ],
              [
                107.54075595714858,
                -6.058601764274918
              ],
              [
                107.54066612562016,
                -6.058601764274918
              ],
              [
                107.54066612562016,
                -6.05869159580333
              ],
              [
                107.54057629409175,
                -6.05869159580333
              ],
              [
                107.54057629409175,
                -6.058781427331742
              ],
              [
                107.54048646256334,
                -6.058781427331742
              ],
              [
                107.54048646256334,
                -6.058871258860154
              ],
              [
                107.54039663103492,
                -6.058871258860154
              ],
              [
                107.54039663103492,
                -6.0590509219169775
              ],
              [
                107.54030679950651,
                -6.0590509219169775
              ],
              [
                107.54030679950651,
                -6.059320416502214
              ],
              [
                107.5402169679781,
                -6.059320416502214
              ],
              [
                107.5402169679781,
                -6.0595000795590375
              ],
              [
                107.54012713644968,
                -6.0595000795590375
              ],
              [
                107.54012713644968,
                -6.059679742615861
              ],
              [
                107.54003730492127,
                -6.059679742615861
              ],
              [
                107.54003730492127,
                -6.0599492372010975
              ],
              [
                107.53994747339286,
                -6.0599492372010975
              ],
              [
                107.53994747339286,
                -6.060847552485217
              ],
              [
                107.54003730492127,
                -6.060847552485217
              ],
              [
                107.54003730492127,
                -6.061027215542041
              ],
              [
                107.54012713644968,
                -6.061027215542041
              ],
              [
                107.54012713644968,
                -6.061206878598865
              ],
              [
                107.5402169679781,
                -6.061206878598865
              ],
              [
                107.5402169679781,
                -6.0612967101272766
              ],
              [
                107.54030679950651,
                -6.0612967101272766
              ],
              [
                107.54030679950651,
                -6.061656036240924
              ],
              [
                107.54039663103492,
                -6.061656036240924
              ],
              [
                107.54039663103492,
                -6.06192553082616
              ],
              [
                107.54048646256334,
                -6.06192553082616
              ],
              [
                107.54048646256334,
                -6.062015362354573
              ],
              [
                107.54057629409175,
                -6.062015362354573
              ],
              [
                107.54057629409175,
                -6.062105193882984
              ],
              [
                107.54066612562016,
                -6.062105193882984
              ],
              [
                107.54066612562016,
                -6.062284856939808
              ],
              [
                107.54075595714858,
                -6.062284856939808
              ],
              [
                107.54075595714858,
                -6.06237468846822
              ],
              [
                107.54084578867699,
                -6.06237468846822
              ],
              [
                107.54084578867699,
                -6.062464519996632
              ],
              [
                107.54093562020539,
                -6.062464519996632
              ],
              [
                107.54093562020539,
                -6.062554351525044
              ],
              [
                107.5410254517338,
                -6.062554351525044
              ],
              [
                107.5410254517338,
                -6.062644183053456
              ],
              [
                107.54219326160316,
                -6.062644183053456
              ],
              [
                107.54219326160316,
                -6.062734014581868
              ],
              [
                107.5424627561884,
                -6.062734014581868
              ],
              [
                107.5424627561884,
                -6.062644183053456
              ],
              [
                107.54318140841569,
                -6.062644183053456
              ],
              [
                107.54318140841569,
                -6.062554351525044
              ],
              [
                107.54336107147252,
                -6.062554351525044
              ],
              [
                107.54336107147252,
                -6.062464519996632
              ],
              [
                107.54354073452934,
                -6.062464519996632
              ],
              [
                107.54354073452934,
                -6.06237468846822
              ],
              [
                107.54381022911458,
                -6.06237468846822
              ],
              [
                107.54381022911458,
                -6.062284856939808
              ],
              [
                107.54425938675664,
                -6.062284856939808
              ],
              [
                107.54425938675664,
                -6.06237468846822
              ],
              [
                107.54434921828505,
                -6.06237468846822
              ],
              [
                107.54434921828505,
                -6.062464519996632
              ],
              [
                107.54452888134188,
                -6.062464519996632
              ],
              [
                107.54452888134188,
                -6.062554351525044
              ],
              [
                107.54461871287029,
                -6.062554351525044
              ],
              [
                107.54461871287029,
                -6.062644183053456
              ],
              [
                107.5447085443987,
                -6.062644183053456
              ],
              [
                107.5447085443987,
                -6.062734014581868
              ],
              [
                107.54479837592712,
                -6.062734014581868
              ],
              [
                107.54479837592712,
                -6.06282384611028
              ],
              [
                107.54497803898393,
                -6.06282384611028
              ],
              [
                107.54497803898393,
                -6.063003509167104
              ],
              [
                107.54506787051234,
                -6.063003509167104
              ],
              [
                107.54506787051234,
                -6.063093340695516
              ],
              [
                107.54515770204075,
                -6.063093340695516
              ],
              [
                107.54515770204075,
                -6.063183172223928
              ],
              [
                107.54569669121123,
                -6.063183172223928
              ],
              [
                107.54569669121123,
                -6.063093340695516
              ],
              [
                107.54587635426805,
                -6.063093340695516
              ],
              [
                107.54587635426805,
                -6.063003509167104
              ],
              [
                107.54596618579646,
                -6.063003509167104
              ],
              [
                107.54596618579646,
                -6.062913677638692
              ],
              [
                107.54605601732487,
                -6.062913677638692
              ],
              [
                107.54605601732487,
                -6.06282384611028
              ],
              [
                107.5462356803817,
                -6.06282384611028
              ],
              [
                107.5462356803817,
                -6.062734014581868
              ],
              [
                107.54641534343853,
                -6.062734014581868
              ],
              [
                107.54641534343853,
                -6.062644183053456
              ],
              [
                107.54659500649535,
                -6.062644183053456
              ],
              [
                107.54659500649535,
                -6.062554351525044
              ],
              [
                107.54713399566582,
                -6.062554351525044
              ],
              [
                107.54713399566582,
                -6.062644183053456
              ],
              [
                107.54731365872264,
                -6.062644183053456
              ],
              [
                107.54731365872264,
                -6.062734014581868
              ],
              [
                107.54740349025106,
                -6.062734014581868
              ],
              [
                107.54740349025106,
                -6.06282384611028
              ],
              [
                107.54749332177947,
                -6.06282384611028
              ],
              [
                107.54749332177947,
                -6.062913677638692
              ],
              [
                107.54758315330788,
                -6.062913677638692
              ],
              [
                107.54758315330788,
                -6.063093340695516
              ],
              [
                107.5476729848363,
                -6.063093340695516
              ],
              [
                107.5476729848363,
                -6.063183172223928
              ],
              [
                107.54776281636471,
                -6.063183172223928
              ],
              [
                107.54776281636471,
                -6.063362835280752
              ],
              [
                107.54785264789311,
                -6.063362835280752
              ],
              [
                107.54785264789311,
                -6.063542498337576
              ],
              [
                107.54794247942152,
                -6.063542498337576
              ],
              [
                107.54794247942152,
                -6.063632329865987
              ],
              [
                107.54803231094994,
                -6.063632329865987
              ],
              [
                107.54803231094994,
                -6.0637221613943995
              ],
              [
                107.54812214247835,
                -6.0637221613943995
              ],
              [
                107.54812214247835,
                -6.063811992922812
              ],
              [
                107.54821197400676,
                -6.063811992922812
              ],
              [
                107.54821197400676,
                -6.063901824451223
              ],
              [
                107.54839163706359,
                -6.063901824451223
              ],
              [
                107.54839163706359,
                -6.063991655979636
              ],
              [
                107.548481468592,
                -6.063991655979636
              ],
              [
                107.548481468592,
                -6.064081487508047
              ],
              [
                107.54875096317724,
                -6.064081487508047
              ],
              [
                107.54875096317724,
                -6.0641713190364595
              ],
              [
                107.54911028929088,
                -6.0641713190364595
              ],
              [
                107.54911028929088,
                -6.064261150564871
              ],
              [
                107.54937978387612,
                -6.064261150564871
              ],
              [
                107.54937978387612,
                -6.064350982093283
              ],
              [
                107.54982894151817,
                -6.064350982093283
              ],
              [
                107.54982894151817,
                -6.064440813621695
              ],
              [
                107.55126624597277,
                -6.064440813621695
              ],
              [
                107.55126624597277,
                -6.064350982093283
              ],
              [
                107.5514459090296,
                -6.064350982093283
              ],
              [
                107.5514459090296,
                -6.064261150564871
              ],
              [
                107.55153574055801,
                -6.064261150564871
              ],
              [
                107.55153574055801,
                -6.0641713190364595
              ],
              [
                107.55162557208642,
                -6.0641713190364595
              ],
              [
                107.55162557208642,
                -6.064081487508047
              ],
              [
                107.55171540361484,
                -6.064081487508047
              ],
              [
                107.55171540361484,
                -6.063901824451223
              ],
              [
                107.55180523514323,
                -6.063901824451223
              ],
              [
                107.55180523514323,
                -6.063811992922812
              ],
              [
                107.55189506667165,
                -6.063811992922812
              ],
              [
                107.55189506667165,
                -6.0637221613943995
              ],
              [
                107.55198489820006,
                -6.0637221613943995
              ],
              [
                107.55198489820006,
                -6.063542498337576
              ],
              [
                107.55207472972847,
                -6.063542498337576
              ],
              [
                107.55207472972847,
                -6.063093340695516
              ],
              [
                107.55198489820006,
                -6.063093340695516
              ],
              [
                107.55198489820006,
                -6.062913677638692
              ],
              [
                107.55189506667165,
                -6.062913677638692
              ],
              [
                107.55189506667165,
                -6.062734014581868
              ],
              [
                107.55180523514323,
                -6.062734014581868
              ],
              [
                107.55180523514323,
                -6.062554351525044
              ],
              [
                107.55171540361484,
                -6.062554351525044
              ],
              [
                107.55171540361484,
                -6.062464519996632
              ],
              [
                107.55162557208642,
                -6.062464519996632
              ],
              [
                107.55162557208642,
                -6.06237468846822
              ],
              [
                107.55153574055801,
                -6.06237468846822
              ],
              [
                107.55153574055801,
                -6.062284856939808
              ],
              [
                107.5514459090296,
                -6.062284856939808
              ],
              [
                107.5514459090296,
                -6.0621950254113965
              ],
              [
                107.55135607750118,
                -6.0621950254113965
              ],
              [
                107.55135607750118,
                -6.062105193882984
              ],
              [
                107.55126624597277,
                -6.062105193882984
              ],
              [
                107.55126624597277,
                -6.062015362354573
              ],
              [
                107.55117641444436,
                -6.062015362354573
              ],
              [
                107.55117641444436,
                -6.06192553082616
              ],
              [
                107.55108658291594,
                -6.06192553082616
              ],
              [
                107.55108658291594,
                -6.061835699297748
              ],
              [
                107.55090691985912,
                -6.061835699297748
              ],
              [
                107.55090691985912,
                -6.0617458677693365
              ],
              [
                107.5507272568023,
                -6.0617458677693365
              ],
              [
                107.5507272568023,
                -6.061656036240924
              ],
              [
                107.55054759374548,
                -6.061656036240924
              ],
              [
                107.55054759374548,
                -6.061566204712513
              ],
              [
                107.55036793068865,
                -6.061566204712513
              ],
              [
                107.55036793068865,
                -6.0614763731841
              ],
              [
                107.55009843610341,
                -6.0614763731841
              ],
              [
                107.55009843610341,
                -6.061386541655689
              ],
              [
                107.54964927846136,
                -6.061386541655689
              ],
              [
                107.54964927846136,
                -6.0612967101272766
              ],
              [
                107.54955944693295,
                -6.0612967101272766
              ],
              [
                107.54955944693295,
                -6.061386541655689
              ],
              [
                107.5492899523477,
                -6.061386541655689
              ],
              [
                107.5492899523477,
                -6.0614763731841
              ],
              [
                107.54857130012041,
                -6.0614763731841
              ],
              [
                107.54857130012041,
                -6.061566204712513
              ],
              [
                107.54641534343853,
                -6.061566204712513
              ],
              [
                107.54641534343853,
                -6.0614763731841
              ],
              [
                107.54578652273965,
                -6.0614763731841
              ],
              [
                107.54578652273965,
                -6.061386541655689
              ],
              [
                107.54479837592712,
                -6.061386541655689
              ],
              [
                107.54479837592712,
                -6.0614763731841
              ],
              [
                107.54434921828505,
                -6.0614763731841
              ],
              [
                107.54434921828505,
                -6.061566204712513
              ],
              [
                107.54407972369981,
                -6.061566204712513
              ],
              [
                107.54407972369981,
                -6.0614763731841
              ],
              [
                107.54390006064298,
                -6.0614763731841
              ],
              [
                107.54390006064298,
                -6.061386541655689
              ],
              [
                107.54381022911458,
                -6.061386541655689
              ],
              [
                107.54381022911458,
                -6.061206878598865
              ],
              [
                107.54372039758617,
                -6.061206878598865
              ],
              [
                107.54372039758617,
                -6.061027215542041
              ],
              [
                107.54363056605776,
                -6.061027215542041
              ],
              [
                107.54363056605776,
                -6.060757720956805
              ],
              [
                107.54354073452934,
                -6.060757720956805
              ],
              [
                107.54354073452934,
                -6.060578057899981
              ],
              [
                107.54345090300093,
                -6.060578057899981
              ],
              [
                107.54345090300093,
                -6.060488226371569
              ],
              [
                107.54336107147252,
                -6.060488226371569
              ],
              [
                107.54336107147252,
                -6.060218731786334
              ],
              [
                107.5432712399441,
                -6.060218731786334
              ],
              [
                107.5432712399441,
                -6.060128900257921
              ],
              [
                107.54318140841569,
                -6.060128900257921
              ],
              [
                107.54318140841569,
                -6.06003906872951
              ],
              [
                107.54309157688728,
                -6.06003906872951
              ],
              [
                107.54309157688728,
                -6.0599492372010975
              ],
              [
                107.54300174535886,
                -6.0599492372010975
              ],
              [
                107.54300174535886,
                -6.059769574144274
              ],
              [
                107.54291191383045,
                -6.059769574144274
              ],
              [
                107.54291191383045,
                -6.059679742615861
              ],
              [
                107.54282208230205,
                -6.059679742615861
              ],
              [
                107.54282208230205,
                -6.05958991108745
              ],
              [
                107.54273225077364,
                -6.05958991108745
              ],
              [
                107.54273225077364,
                -6.0595000795590375
              ],
              [
                107.54264241924523,
                -6.0595000795590375
              ],
              [
                107.54264241924523,
                -6.059410248030626
              ],
              [
                107.54255258771681,
                -6.059410248030626
              ],
              [
                107.54255258771681,
                -6.059320416502214
              ],
              [
                107.5424627561884,
                -6.059320416502214
              ],
              [
                107.5424627561884,
                -6.059230584973802
              ],
              [
                107.54237292465999,
                -6.059230584973802
              ],
              [
                107.54237292465999,
                -6.05914075344539
              ],
              [
                107.54228309313157,
                -6.05914075344539
              ],
              [
                107.54228309313157,
                -6.0590509219169775
              ],
              [
                107.54219326160316,
                -6.0590509219169775
              ],
              [
                107.54219326160316,
                -6.058961090388566
              ],
              [
                107.54201359854633,
                -6.058961090388566
              ],
              [
                107.54201359854633,
                -6.058871258860154
              ],
              [
                107.54192376701792,
                -6.058871258860154
              ],
              [
                107.54192376701792,
                -6.058781427331742
              ],
              [
                107.54183393548952,
                -6.058781427331742
              ],
              [
                107.54183393548952,
                -6.05869159580333
              ],
              [
                107.5416542724327,
                -6.05869159580333
              ],
              [
                107.5416542724327,
                -6.058601764274918
              ],
              [
                107.54147460937587,
                -6.058601764274918
              ],
              [
                107.54147460937587,
                -6.058511932746506
              ],
              [
                107.54138477784745,
                -6.058511932746506
              ],
              [
                107.54138477784745,
                -6.0584221012180945
              ],
              [
                107.54093562020539,
                -6.0584221012180945
              ]
            ]
          ]
        },
        "properties": {
          "area_km2": 0.342
        }
      },
      {
        "type": "Feature",
        "geometry": {
          "type": "Polygon",
          "coordinates": [
            [
              [
                107.53392876098927,
                -6.069112053099117
              ],
              [
                107.53392876098927,
                -6.069201884627528
              ],
              [
                107.53321010876196,
                -6.069201884627528
              ],
              [
                107.53321010876196,
                -6.0692917161559405
              ],
              [
                107.53258128806308,
                -6.0692917161559405
              ],
              [
                107.53258128806308,
                -6.069381547684352
              ],
              [
                107.53114398360849,
                -6.069381547684352
              ],
              [
                107.53114398360849,
                -6.069471379212764
              ],
              [
                107.53087448902326,
                -6.069471379212764
              ],
              [
                107.53087448902326,
                -6.069561210741177
              ],
              [
                107.53078465749485,
                -6.069561210741177
              ],
              [
                107.53078465749485,
                -6.0697408737980005
              ],
              [
                107.53069482596644,
                -6.0697408737980005
              ],
              [
                107.53069482596644,
                -6.069830705326412
              ],
              [
                107.53060499443802,
                -6.069830705326412
              ],
              [
                107.53060499443802,
                -6.070100199911648
              ],
              [
                107.53051516290961,
                -6.070100199911648
              ],
              [
                107.53051516290961,
                -6.070279862968472
              ],
              [
                107.5304253313812,
                -6.070279862968472
              ],
              [
                107.5304253313812,
                -6.070459526025296
              ],
              [
                107.53051516290961,
                -6.070459526025296
              ],
              [
                107.53051516290961,
                -6.07063918908212
              ],
              [
                107.53060499443802,
                -6.07063918908212
              ],
              [
                107.53060499443802,
                -6.0708188521389435
              ],
              [
                107.53069482596644,
                -6.0708188521389435
              ],
              [
                107.53069482596644,
                -6.070908683667356
              ],
              [
                107.53087448902326,
                -6.070908683667356
              ],
              [
                107.53087448902326,
                -6.070998515195767
              ],
              [
                107.5312338151369,
                -6.070998515195767
              ],
              [
                107.5312338151369,
                -6.07108834672418
              ],
              [
                107.53150330972214,
                -6.07108834672418
              ],
              [
                107.53150330972214,
                -6.071178178252591
              ],
              [
                107.53177280430738,
                -6.071178178252591
              ],
              [
                107.53177280430738,
                -6.0712680097810034
              ],
              [
                107.53213213042102,
                -6.0712680097810034
              ],
              [
                107.53213213042102,
                -6.071357841309416
              ],
              [
                107.53258128806308,
                -6.071357841309416
              ],
              [
                107.53258128806308,
                -6.071447672837827
              ],
              [
                107.53276095111991,
                -6.071447672837827
              ],
              [
                107.53276095111991,
                -6.07153750436624
              ],
              [
                107.53285078264832,
                -6.07153750436624
              ],
              [
                107.53285078264832,
                -6.071627335894651
              ],
              [
                107.53303044570514,
                -6.071627335894651
              ],
              [
                107.53303044570514,
                -6.071717167423063
              ],
              [
                107.53321010876196,
                -6.071717167423063
              ],
              [
                107.53321010876196,
                -6.071806998951475
              ],
              [
                107.53329994029038,
                -6.071806998951475
              ],
              [
                107.53329994029038,
                -6.071986662008299
              ],
              [
                107.53338977181879,
                -6.071986662008299
              ],
              [
                107.53338977181879,
                -6.072076493536711
              ],
              [
                107.5334796033472,
                -6.072076493536711
              ],
              [
                107.5334796033472,
                -6.072256156593535
              ],
              [
                107.53356943487562,
                -6.072256156593535
              ],
              [
                107.53356943487562,
                -6.072345988121947
              ],
              [
                107.53365926640403,
                -6.072345988121947
              ],
              [
                107.53365926640403,
                -6.072435819650359
              ],
              [
                107.53374909793244,
                -6.072435819650359
              ],
              [
                107.53374909793244,
                -6.072525651178771
              ],
              [
                107.53392876098927,
                -6.072525651178771
              ],
              [
                107.53392876098927,
                -6.0726154827071825
              ],
              [
                107.53410842404608,
                -6.0726154827071825
              ],
              [
                107.53410842404608,
                -6.072705314235595
              ],
              [
                107.53428808710291,
                -6.072705314235595
              ],
              [
                107.53428808710291,
                -6.072795145764006
              ],
              [
                107.53455758168815,
                -6.072795145764006
              ],
              [
                107.53455758168815,
                -6.072884977292419
              ],
              [
                107.53473724474497,
                -6.072884977292419
              ],
              [
                107.53473724474497,
                -6.07297480882083
              ],
              [
                107.5349169078018,
                -6.07297480882083
              ],
              [
                107.5349169078018,
                -6.0730646403492425
              ],
              [
                107.53509657085861,
                -6.0730646403492425
              ],
              [
                107.53509657085861,
                -6.073154471877654
              ],
              [
                107.53563556002909,
                -6.073154471877654
              ],
              [
                107.53563556002909,
                -6.0730646403492425
              ],
              [
                107.53599488614273,
                -6.0730646403492425
              ],
              [
                107.53599488614273,
                -6.07297480882083
              ],
              [
                107.53635421225638,
                -6.07297480882083
              ],
              [
                107.53635421225638,
                -6.072884977292419
              ],
              [
                107.53671353837004,
                -6.072884977292419
              ],
              [
                107.53671353837004,
                -6.072795145764006
              ],
              [
                107.53707286448368,
                -6.072795145764006
              ],
              [
                107.53707286448368,
                -6.072705314235595
              ],
              [
                107.53734235906892,
                -6.072705314235595
              ],
              [
                107.53734235906892,
                -6.0726154827071825
              ],
              [
                107.53743219059733,
                -6.0726154827071825
              ],
              [
                107.53743219059733,
                -6.072525651178771
              ],
              [
                107.53761185365416,
                -6.072525651178771
              ],
              [
                107.53761185365416,
                -6.072435819650359
              ],
              [
                107.53779151671098,
                -6.072435819650359
              ],
              [
                107.53779151671098,
                -6.072345988121947
              ],
              [
                107.5378813482394,
                -6.072345988121947
              ],
              [
                107.5378813482394,
                -6.072256156593535
              ],
              [
                107.5379711797678,
                -6.072256156593535
              ],
              [
                107.5379711797678,
                -6.0721663250651225
              ],
              [
                107.53806101129621,
                -6.0721663250651225
              ],
              [
                107.53806101129621,
                -6.072076493536711
              ],
              [
                107.53824067435303,
                -6.072076493536711
              ],
              [
                107.53824067435303,
                -6.071986662008299
              ],
              [
                107.53833050588145,
                -6.071986662008299
              ],
              [
                107.53833050588145,
                -6.071896830479887
              ],
              [
                107.53851016893827,
                -6.071896830479887
              ],
              [
                107.53851016893827,
                -6.071806998951475
              ],
              [
                107.53886949505193,
                -6.071806998951475
              ],
              [
                107.53886949505193,
                -6.070729020610532
              ],
              [
                107.53877966352351,
                -6.070729020610532
              ],
              [
                107.53877966352351,
                -6.070549357553708
              ],
              [
                107.5386898319951,
                -6.070549357553708
              ],
              [
                107.5386898319951,
                -6.070459526025296
              ],
              [
                107.53860000046669,
                -6.070459526025296
              ],
              [
                107.53860000046669,
                -6.070279862968472
              ],
              [
                107.53842033740986,
                -6.070279862968472
              ],
              [
                107.53842033740986,
                -6.07019003144006
              ],
              [
                107.53833050588145,
                -6.07019003144006
              ],
              [
                107.53833050588145,
                -6.070100199911648
              ],
              [
                107.53824067435303,
                -6.070100199911648
              ],
              [
                107.53824067435303,
                -6.070010368383236
              ],
              [
                107.53806101129621,
                -6.070010368383236
              ],
              [
                107.53806101129621,
                -6.069920536854824
              ],
              [
                107.5379711797678,
                -6.069920536854824
              ],
              [
                107.5379711797678,
                -6.069830705326412
              ],
              [
                107.5378813482394,
                -6.069830705326412
              ],
              [
                107.5378813482394,
                -6.0697408737980005
              ],
              [
                107.53770168518257,
                -6.0697408737980005
              ],
              [
                107.53770168518257,
                -6.069651042269588
              ],
              [
                107.53752202212574,
                -6.069651042269588
              ],
              [
                107.53752202212574,
                -6.069561210741177
              ],
              [
                107.53743219059733,
                -6.069561210741177
              ],
              [
                107.53743219059733,
                -6.069471379212764
              ],
              [
                107.5372525275405,
                -6.069471379212764
              ],
              [
                107.5372525275405,
                -6.069381547684352
              ],
              [
                107.53689320142686,
                -6.069381547684352
              ],
              [
                107.53689320142686,
                -6.0692917161559405
              ],
              [
                107.53635421225638,
                -6.0692917161559405
              ],
              [
                107.53635421225638,
                -6.069201884627528
              ],
              [
                107.53428808710291,
                -6.069201884627528
              ],
              [
                107.53428808710291,
                -6.069112053099117
              ],
              [
                107.53392876098927,
                -6.069112053099117
              ]
            ]
          ]
        },
        "properties": {
          "area_km2": 0.284
        }
      },
      {
        "type": "Feature",
        "geometry": {
          "type": "Polygon",
          "coordinates": [
            [
              [
                107.52647274413107,
                -6.074501944803834
              ],
              [
                107.52647274413107,
                -6.0745917763322455
              ],
              [
                107.52638291260266,
                -6.0745917763322455
              ],
              [
                107.52638291260266,
                -6.074771439389069
              ],
              [
                107.52647274413107,
                -6.074771439389069
              ],
              [
                107.52647274413107,
                -6.0750409339743054
              ],
              [
                107.5266524071879,
                -6.0750409339743054
              ],
              [
                107.5266524071879,
                -6.075130765502717
              ],
              [
                107.52701173330155,
                -6.075130765502717
              ],
              [
                107.52701173330155,
                -6.0750409339743054
              ],
              [
                107.52710156482995,
                -6.0750409339743054
              ],
              [
                107.52710156482995,
                -6.0745917763322455
              ],
              [
                107.52701173330155,
                -6.0745917763322455
              ],
              [
                107.52701173330155,
                -6.074501944803834
              ],
              [
                107.52647274413107,
                -6.074501944803834
              ]
            ]
          ]
        },
        "properties": {
          "area_km2": 0.005
        }
      },
      {
        "type": "Feature",
        "geometry": {
          "type": "Polygon",
          "coordinates": [
            [
              [
                107.53509657085861,
                -6.074232450218598
              ],
              [
                107.53509657085861,
                -6.07432228174701
              ],
              [
                107.5350067393302,
                -6.07432228174701
              ],
              [
                107.5350067393302,
                -6.074412113275422
              ],
              [
                107.5349169078018,
                -6.074412113275422
              ],
              [
                107.5349169078018,
                -6.074501944803834
              ],
              [
                107.53482707627339,
                -6.074501944803834
              ],
              [
                107.53482707627339,
                -6.0745917763322455
              ],
              [
                107.53473724474497,
                -6.0745917763322455
              ],
              [
                107.53473724474497,
                -6.0750409339743054
              ],
              [
                107.53482707627339,
                -6.0750409339743054
              ],
              [
                107.53482707627339,
                -6.075130765502717
              ],
              [
                107.5349169078018,
                -6.075130765502717
              ],
              [
                107.5349169078018,
                -6.075220597031129
              ],
              [
                107.5350067393302,
                -6.075220597031129
              ],
              [
                107.5350067393302,
                -6.075310428559542
              ],
              [
                107.53536606544385,
                -6.075310428559542
              ],
              [
                107.53536606544385,
                -6.075220597031129
              ],
              [
                107.53545589697227,
                -6.075220597031129
              ],
              [
                107.53545589697227,
                -6.075130765502717
              ],
              [
                107.53554572850068,
                -6.075130765502717
              ],
              [
                107.53554572850068,
                -6.074771439389069
              ],
              [
                107.53563556002909,
                -6.074771439389069
              ],
              [
                107.53563556002909,
                -6.074681607860658
              ],
              [
                107.53554572850068,
                -6.074681607860658
              ],
              [
                107.53554572850068,
                -6.074501944803834
              ],
              [
                107.53545589697227,
                -6.074501944803834
              ],
              [
                107.53545589697227,
                -6.074412113275422
              ],
              [
                107.53536606544385,
                -6.074412113275422
              ],
              [
                107.53536606544385,
                -6.07432228174701
              ],
              [
                107.53527623391544,
                -6.07432228174701
              ],
              [
                107.53527623391544,
                -6.074232450218598
              ],
              [
                107.53509657085861,
                -6.074232450218598
              ]
            ]
          ]
        },
        "properties": {
          "area_km2": 0.008
        }
      },
      {
        "type": "Feature",
        "geometry": {
          "type": "Polygon",
          "coordinates": [
            [
              [
                107.54506787051234,
                -6.073962955633362
              ],
              [
                107.54506787051234,
                -6.074052787161774
              ],
              [
                107.5447085443987,
                -6.074052787161774
              ],
              [
                107.5447085443987,
                -6.0741426186901855
              ],
              [
                107.54443904981346,
                -6.0741426186901855
              ],
              [
                107.54443904981346,
                -6.074232450218598
              ],
              [
                107.54434921828505,
                -6.074232450218598
              ],
              [
                107.54434921828505,
                -6.07432228174701
              ],
              [
                107.54425938675664,
                -6.07432228174701
              ],
              [
                107.54425938675664,
                -6.074412113275422
              ],
              [
                107.54407972369981,
                -6.074412113275422
              ],
              [
                107.54407972369981,
                -6.074501944803834
              ],
              [
                107.5439898921714,
                -6.074501944803834
              ],
              [
                107.5439898921714,
                -6.074681607860658
              ],
              [
                107.54390006064298,
                -6.074681607860658
              ],
              [
                107.54390006064298,
                -6.074771439389069
              ],
              [
                107.54381022911458,
                -6.074771439389069
              ],
              [
                107.54381022911458,
                -6.074861270917482
              ],
              [
                107.54372039758617,
                -6.074861270917482
              ],
              [
                107.54372039758617,
                -6.0750409339743054
              ],
              [
                107.54363056605776,
                -6.0750409339743054
              ],
              [
                107.54363056605776,
                -6.075220597031129
              ],
              [
                107.54354073452934,
                -6.075220597031129
              ],
              [
                107.54354073452934,
                -6.075490091616365
              ],
              [
                107.54345090300093,
                -6.075490091616365
              ],
              [
                107.54345090300093,
                -6.075669754673189
              ],
              [
                107.54336107147252,
                -6.075669754673189
              ],
              [
                107.54336107147252,
                -6.075849417730013
              ],
              [
                107.5432712399441,
                -6.075849417730013
              ],
              [
                107.5432712399441,
                -6.077825711355076
              ],
              [
                107.54336107147252,
                -6.077825711355076
              ],
              [
                107.54336107147252,
                -6.0780053744119
              ],
              [
                107.54345090300093,
                -6.0780053744119
              ],
              [
                107.54345090300093,
                -6.078095205940312
              ],
              [
                107.54354073452934,
                -6.078095205940312
              ],
              [
                107.54354073452934,
                -6.078274868997136
              ],
              [
                107.54363056605776,
                -6.078274868997136
              ],
              [
                107.54363056605776,
                -6.07845453205396
              ],
              [
                107.54372039758617,
                -6.07845453205396
              ],
              [
                107.54372039758617,
                -6.078544363582371
              ],
              [
                107.54390006064298,
                -6.078544363582371
              ],
              [
                107.54390006064298,
                -6.078634195110784
              ],
              [
                107.54443904981346,
                -6.078634195110784
              ],
              [
                107.54443904981346,
                -6.078544363582371
              ],
              [
                107.5447085443987,
                -6.078544363582371
              ],
              [
                107.5447085443987,
                -6.07845453205396
              ],
              [
                107.54488820745551,
                -6.07845453205396
              ],
              [
                107.54488820745551,
                -6.0783647005255474
              ],
              [
                107.54497803898393,
                -6.0783647005255474
              ],
              [
                107.54497803898393,
                -6.078274868997136
              ],
              [
                107.54506787051234,
                -6.078274868997136
              ],
              [
                107.54506787051234,
                -6.078185037468724
              ],
              [
                107.54515770204075,
                -6.078185037468724
              ],
              [
                107.54515770204075,
                -6.0780053744119
              ],
              [
                107.54524753356917,
                -6.0780053744119
              ],
              [
                107.54524753356917,
                -6.077825711355076
              ],
              [
                107.545427196626,
                -6.077825711355076
              ],
              [
                107.545427196626,
                -6.077735879826664
              ],
              [
                107.5455170281544,
                -6.077735879826664
              ],
              [
                107.5455170281544,
                -6.07755621676984
              ],
              [
                107.54569669121123,
                -6.07755621676984
              ],
              [
                107.54569669121123,
                -6.077466385241428
              ],
              [
                107.54578652273965,
                -6.077466385241428
              ],
              [
                107.54578652273965,
                -6.077376553713016
              ],
              [
                107.54596618579646,
                -6.077376553713016
              ],
              [
                107.54596618579646,
                -6.0772867221846045
              ],
              [
                107.54605601732487,
                -6.0772867221846045
              ],
              [
                107.54605601732487,
                -6.077196890656192
              ],
              [
                107.54614584885329,
                -6.077196890656192
              ],
              [
                107.54614584885329,
                -6.077107059127781
              ],
              [
                107.5462356803817,
                -6.077107059127781
              ],
              [
                107.5462356803817,
                -6.076927396070956
              ],
              [
                107.54632551191011,
                -6.076927396070956
              ],
              [
                107.54632551191011,
                -6.0768375645425445
              ],
              [
                107.54641534343853,
                -6.0768375645425445
              ],
              [
                107.54641534343853,
                -6.076747733014132
              ],
              [
                107.54650517496694,
                -6.076747733014132
              ],
              [
                107.54650517496694,
                -6.076568069957308
              ],
              [
                107.54659500649535,
                -6.076568069957308
              ],
              [
                107.54659500649535,
                -6.0763884069004845
              ],
              [
                107.54668483802376,
                -6.0763884069004845
              ],
              [
                107.54668483802376,
                -6.076208743843661
              ],
              [
                107.54677466955218,
                -6.076208743843661
              ],
              [
                107.54677466955218,
                -6.0759392492584245
              ],
              [
                107.54686450108058,
                -6.0759392492584245
              ],
              [
                107.54686450108058,
                -6.075490091616365
              ],
              [
                107.54695433260899,
                -6.075490091616365
              ],
              [
                107.54695433260899,
                -6.074861270917482
              ],
              [
                107.54686450108058,
                -6.074861270917482
              ],
              [
                107.54686450108058,
                -6.074681607860658
              ],
              [
                107.54677466955218,
                -6.074681607860658
              ],
              [
                107.54677466955218,
                -6.0745917763322455
              ],
              [
                107.54668483802376,
                -6.0745917763322455
              ],
              [
                107.54668483802376,
                -6.074501944803834
              ],
              [
                107.54650517496694,
                -6.074501944803834
              ],
              [
                107.54650517496694,
                -6.074412113275422
              ],
              [
                107.54632551191011,
                -6.074412113275422
              ],
              [
                107.54632551191011,
                -6.07432228174701
              ],
              [
                107.5462356803817,
                -6.07432228174701
              ],
              [
                107.5462356803817,
                -6.074232450218598
              ],
              [
                107.54605601732487,
                -6.074232450218598
              ],
              [
                107.54605601732487,
                -6.0741426186901855
              ],
              [
                107.54587635426805,
                -6.0741426186901855
              ],
              [
                107.54587635426805,
                -6.074052787161774
              ],
              [
                107.54560685968282,
                -6.074052787161774
              ],
              [
                107.54560685968282,
                -6.073962955633362
              ],
              [
                107.54506787051234,
                -6.073962955633362
              ]
            ]
          ]
        },
        "properties": {
          "area_km2": 0.153
        }
      },
      {
        "type": "Feature",
        "geometry": {
          "type": "Polygon",
          "coordinates": [
            [
              [
                107.52943718456866,
                -6.075220597031129
              ],
              [
                107.52943718456866,
                -6.075310428559542
              ],
              [
                107.52925752151184,
                -6.075310428559542
              ],
              [
                107.52925752151184,
                -6.075400260087953
              ],
              [
                107.52916768998342,
                -6.075400260087953
              ],
              [
                107.52916768998342,
                -6.075490091616365
              ],
              [
                107.52898802692661,
                -6.075490091616365
              ],
              [
                107.52898802692661,
                -6.075579923144777
              ],
              [
                107.5288981953982,
                -6.075579923144777
              ],
              [
                107.5288981953982,
                -6.075669754673189
              ],
              [
                107.52880836386979,
                -6.075669754673189
              ],
              [
                107.52880836386979,
                -6.075849417730013
              ],
              [
                107.52871853234137,
                -6.075849417730013
              ],
              [
                107.52871853234137,
                -6.076029080786837
              ],
              [
                107.52862870081296,
                -6.076029080786837
              ],
              [
                107.52862870081296,
                -6.076478238428897
              ],
              [
                107.52871853234137,
                -6.076478238428897
              ],
              [
                107.52871853234137,
                -6.076657901485721
              ],
              [
                107.52880836386979,
                -6.076657901485721
              ],
              [
                107.52880836386979,
                -6.0768375645425445
              ],
              [
                107.5288981953982,
                -6.0768375645425445
              ],
              [
                107.5288981953982,
                -6.077017227599368
              ],
              [
                107.52898802692661,
                -6.077017227599368
              ],
              [
                107.52898802692661,
                -6.077107059127781
              ],
              [
                107.52907785845501,
                -6.077107059127781
              ],
              [
                107.52907785845501,
                -6.0772867221846045
              ],
              [
                107.52916768998342,
                -6.0772867221846045
              ],
              [
                107.52916768998342,
                -6.07755621676984
              ],
              [
                107.52925752151184,
                -6.07755621676984
              ],
              [
                107.52925752151184,
                -6.077735879826664
              ],
              [
                107.52934735304025,
                -6.077735879826664
              ],
              [
                107.52934735304025,
                -6.0779155428834875
              ],
              [
                107.52943718456866,
                -6.0779155428834875
              ],
              [
                107.52943718456866,
                -6.0780053744119
              ],
              [
                107.52952701609708,
                -6.0780053744119
              ],
              [
                107.52952701609708,
                -6.078095205940312
              ],
              [
                107.52961684762549,
                -6.078095205940312
              ],
              [
                107.52961684762549,
                -6.078185037468724
              ],
              [
                107.5297066791539,
                -6.078185037468724
              ],
              [
                107.5297066791539,
                -6.078274868997136
              ],
              [
                107.52979651068232,
                -6.078274868997136
              ],
              [
                107.52979651068232,
                -6.0783647005255474
              ],
              [
                107.52997617373914,
                -6.0783647005255474
              ],
              [
                107.52997617373914,
                -6.07845453205396
              ],
              [
                107.53033549985278,
                -6.07845453205396
              ],
              [
                107.53033549985278,
                -6.078544363582371
              ],
              [
                107.53078465749485,
                -6.078544363582371
              ],
              [
                107.53078465749485,
                -6.078634195110784
              ],
              [
                107.5312338151369,
                -6.078634195110784
              ],
              [
                107.5312338151369,
                -6.078544363582371
              ],
              [
                107.53150330972214,
                -6.078544363582371
              ],
              [
                107.53150330972214,
                -6.07845453205396
              ],
              [
                107.53159314125055,
                -6.07845453205396
              ],
              [
                107.53159314125055,
                -6.0783647005255474
              ],
              [
                107.53168297277897,
                -6.0783647005255474
              ],
              [
                107.53168297277897,
                -6.078274868997136
              ],
              [
                107.53177280430738,
                -6.078274868997136
              ],
              [
                107.53177280430738,
                -6.078095205940312
              ],
              [
                107.5318626358358,
                -6.078095205940312
              ],
              [
                107.5318626358358,
                -6.077735879826664
              ],
              [
                107.5319524673642,
                -6.077735879826664
              ],
              [
                107.5319524673642,
                -6.07755621676984
              ],
              [
                107.5320422988926,
                -6.07755621676984
              ],
              [
                107.5320422988926,
                -6.077376553713016
              ],
              [
                107.53213213042102,
                -6.077376553713016
              ],
              [
                107.53213213042102,
                -6.077196890656192
              ],
              [
                107.53222196194943,
                -6.077196890656192
              ],
              [
                107.53222196194943,
                -6.076927396070956
              ],
              [
                107.53231179347785,
                -6.076927396070956
              ],
              [
                107.53231179347785,
                -6.0768375645425445
              ],
              [
                107.53240162500626,
                -6.0768375645425445
              ],
              [
                107.53240162500626,
                -6.076747733014132
              ],
              [
                107.53249145653467,
                -6.076747733014132
              ],
              [
                107.53249145653467,
                -6.076657901485721
              ],
              [
                107.53258128806308,
                -6.076657901485721
              ],
              [
                107.53258128806308,
                -6.0763884069004845
              ],
              [
                107.5326711195915,
                -6.0763884069004845
              ],
              [
                107.5326711195915,
                -6.076029080786837
              ],
              [
                107.53258128806308,
                -6.076029080786837
              ],
              [
                107.53258128806308,
                -6.0759392492584245
              ],
              [
                107.53249145653467,
                -6.0759392492584245
              ],
              [
                107.53249145653467,
                -6.075849417730013
              ],
              [
                107.53240162500626,
                -6.075849417730013
              ],
              [
                107.53240162500626,
                -6.075759586201601
              ],
              [
                107.53222196194943,
                -6.075759586201601
              ],
              [
                107.53222196194943,
                -6.075669754673189
              ],
              [
                107.53213213042102,
                -6.075669754673189
              ],
              [
                107.53213213042102,
                -6.075579923144777
              ],
              [
                107.53177280430738,
                -6.075579923144777
              ],
              [
                107.53177280430738,
                -6.075490091616365
              ],
              [
                107.53096432055167,
                -6.075490091616365
              ],
              [
                107.53096432055167,
                -6.075400260087953
              ],
              [
                107.5304253313812,
                -6.075400260087953
              ],
              [
                107.5304253313812,
                -6.075310428559542
              ],
              [
                107.52997617373914,
                -6.075310428559542
              ],
              [
                107.52997617373914,
                -6.075220597031129
              ],
              [
                107.52943718456866,
                -6.075220597031129
              ]
            ]
          ]
        },
        "properties": {
          "area_km2": 0.121
        }
      },
      {
        "type": "Feature",
        "geometry": {
          "type": "Polygon",
          "coordinates": [
            [
              [
                107.55935108352985,
                -6.0750409339743054
              ],
              [
                107.55935108352985,
                -6.075130765502717
              ],
              [
                107.55881209435937,
                -6.075130765502717
              ],
              [
                107.55881209435937,
                -6.075220597031129
              ],
              [
                107.55845276824573,
                -6.075220597031129
              ],
              [
                107.55845276824573,
                -6.075310428559542
              ],
              [
                107.5582731051889,
                -6.075310428559542
              ],
              [
                107.5582731051889,
                -6.075400260087953
              ],
              [
                107.55809344213208,
                -6.075400260087953
              ],
              [
                107.55809344213208,
                -6.075490091616365
              ],
              [
                107.55791377907525,
                -6.075490091616365
              ],
              [
                107.55791377907525,
                -6.075579923144777
              ],
              [
                107.55773411601842,
                -6.075579923144777
              ],
              [
                107.55773411601842,
                -6.075669754673189
              ],
              [
                107.55764428449002,
                -6.075669754673189
              ],
              [
                107.55764428449002,
                -6.075759586201601
              ],
              [
                107.5574646214332,
                -6.075759586201601
              ],
              [
                107.5574646214332,
                -6.075849417730013
              ],
              [
                107.55728495837637,
                -6.075849417730013
              ],
              [
                107.55728495837637,
                -6.0759392492584245
              ],
              [
                107.55710529531954,
                -6.0759392492584245
              ],
              [
                107.55710529531954,
                -6.076029080786837
              ],
              [
                107.55692563226272,
                -6.076029080786837
              ],
              [
                107.55692563226272,
                -6.076118912315248
              ],
              [
                107.5568358007343,
                -6.076118912315248
              ],
              [
                107.5568358007343,
                -6.076208743843661
              ],
              [
                107.55674596920589,
                -6.076208743843661
              ],
              [
                107.55674596920589,
                -6.076298575372073
              ],
              [
                107.55665613767749,
                -6.076298575372073
              ],
              [
                107.55665613767749,
                -6.0763884069004845
              ],
              [
                107.55656630614908,
                -6.0763884069004845
              ],
              [
                107.55656630614908,
                -6.076568069957308
              ],
              [
                107.55647647462067,
                -6.076568069957308
              ],
              [
                107.55647647462067,
                -6.076747733014132
              ],
              [
                107.55638664309225,
                -6.076747733014132
              ],
              [
                107.55638664309225,
                -6.076927396070956
              ],
              [
                107.55629681156384,
                -6.076927396070956
              ],
              [
                107.55629681156384,
                -6.077017227599368
              ],
              [
                107.55620698003543,
                -6.077017227599368
              ],
              [
                107.55620698003543,
                -6.077107059127781
              ],
              [
                107.55611714850701,
                -6.077107059127781
              ],
              [
                107.55611714850701,
                -6.0772867221846045
              ],
              [
                107.5560273169786,
                -6.0772867221846045
              ],
              [
                107.5560273169786,
                -6.077376553713016
              ],
              [
                107.55593748545019,
                -6.077376553713016
              ],
              [
                107.55593748545019,
                -6.077466385241428
              ],
              [
                107.55584765392177,
                -6.077466385241428
              ],
              [
                107.55584765392177,
                -6.07755621676984
              ],
              [
                107.55575782239336,
                -6.07755621676984
              ],
              [
                107.55575782239336,
                -6.077735879826664
              ],
              [
                107.55566799086496,
                -6.077735879826664
              ],
              [
                107.55566799086496,
                -6.077825711355076
              ],
              [
                107.55557815933655,
                -6.077825711355076
              ],
              [
                107.55557815933655,
                -6.0780053744119
              ],
              [
                107.55548832780813,
                -6.0780053744119
              ],
              [
                107.55548832780813,
                -6.078185037468724
              ],
              [
                107.55539849627972,
                -6.078185037468724
              ],
              [
                107.55539849627972,
                -6.0783647005255474
              ],
              [
                107.55530866475131,
                -6.0783647005255474
              ],
              [
                107.55530866475131,
                -6.07845453205396
              ],
              [
                107.5552188332229,
                -6.07845453205396
              ],
              [
                107.5552188332229,
                -6.078634195110784
              ],
              [
                107.55512900169448,
                -6.078634195110784
              ],
              [
                107.55512900169448,
                -6.078724026639195
              ],
              [
                107.55494933863766,
                -6.078724026639195
              ],
              [
                107.55494933863766,
                -6.078813858167607
              ],
              [
                107.55485950710924,
                -6.078813858167607
              ],
              [
                107.55485950710924,
                -6.078903689696019
              ],
              [
                107.55467984405243,
                -6.078903689696019
              ],
              [
                107.55467984405243,
                -6.078993521224431
              ],
              [
                107.55459001252402,
                -6.078993521224431
              ],
              [
                107.55459001252402,
                -6.079083352752844
              ],
              [
                107.5545001809956,
                -6.079083352752844
              ],
              [
                107.5545001809956,
                -6.079173184281255
              ],
              [
                107.55432051793878,
                -6.079173184281255
              ],
              [
                107.55432051793878,
                -6.079263015809667
              ],
              [
                107.5537815287683,
                -6.079263015809667
              ],
              [
                107.5537815287683,
                -6.079173184281255
              ],
              [
                107.55360186571149,
                -6.079173184281255
              ],
              [
                107.55360186571149,
                -6.079083352752844
              ],
              [
                107.55333237112625,
                -6.079083352752844
              ],
              [
                107.55333237112625,
                -6.078993521224431
              ],
              [
                107.553062876541,
                -6.078993521224431
              ],
              [
                107.553062876541,
                -6.078903689696019
              ],
              [
                107.55279338195577,
                -6.078903689696019
              ],
              [
                107.55279338195577,
                -6.078813858167607
              ],
              [
                107.55243405584213,
                -6.078813858167607
              ],
              [
                107.55243405584213,
                -6.078724026639195
              ],
              [
                107.55216456125689,
                -6.078724026639195
              ],
              [
                107.55216456125689,
                -6.078634195110784
              ],
              [
                107.55198489820006,
                -6.078634195110784
              ],
              [
                107.55198489820006,
                -6.078544363582371
              ],
              [
                107.55189506667165,
                -6.078544363582371
              ],
              [
                107.55189506667165,
                -6.07845453205396
              ],
              [
                107.55162557208642,
                -6.07845453205396
              ],
              [
                107.55162557208642,
                -6.0783647005255474
              ],
              [
                107.55153574055801,
                -6.0783647005255474
              ],
              [
                107.55153574055801,
                -6.078274868997136
              ],
              [
                107.55135607750118,
                -6.078274868997136
              ],
              [
                107.55135607750118,
                -6.078185037468724
              ],
              [
                107.55117641444436,
                -6.078185037468724
              ],
              [
                107.55117641444436,
                -6.078095205940312
              ],
              [
                107.55099675138753,
                -6.078095205940312
              ],
              [
                107.55099675138753,
                -6.0780053744119
              ],
              [
                107.55063742527389,
                -6.0780053744119
              ],
              [
                107.55063742527389,
                -6.0779155428834875
              ],
              [
                107.55018826763182,
                -6.0779155428834875
              ],
              [
                107.55018826763182,
                -6.077825711355076
              ],
              [
                107.5492001208193,
                -6.077825711355076
              ],
              [
                107.5492001208193,
                -6.0779155428834875
              ],
              [
                107.54866113164883,
                -6.0779155428834875
              ],
              [
                107.54866113164883,
                -6.0780053744119
              ],
              [
                107.54812214247835,
                -6.0780053744119
              ],
              [
                107.54812214247835,
                -6.078095205940312
              ],
              [
                107.54785264789311,
                -6.078095205940312
              ],
              [
                107.54785264789311,
                -6.078185037468724
              ],
              [
                107.5476729848363,
                -6.078185037468724
              ],
              [
                107.5476729848363,
                -6.078274868997136
              ],
              [
                107.54749332177947,
                -6.078274868997136
              ],
              [
                107.54749332177947,
                -6.0783647005255474
              ],
              [
                107.54722382719423,
                -6.0783647005255474
              ],
              [
                107.54722382719423,
                -6.07845453205396
              ],
              [
                107.54677466955218,
                -6.07845453205396
              ],
              [
                107.54677466955218,
                -6.078544363582371
              ],
              [
                107.54650517496694,
                -6.078544363582371
              ],
              [
                107.54650517496694,
                -6.078634195110784
              ],
              [
                107.5462356803817,
                -6.078634195110784
              ],
              [
                107.5462356803817,
                -6.078724026639195
              ],
              [
                107.54605601732487,
                -6.078724026639195
              ],
              [
                107.54605601732487,
                -6.078813858167607
              ],
              [
                107.54596618579646,
                -6.078813858167607
              ],
              [
                107.54596618579646,
                -6.078903689696019
              ],
              [
                107.54587635426805,
                -6.078903689696019
              ],
              [
                107.54587635426805,
                -6.079083352752844
              ],
              [
                107.54578652273965,
                -6.079083352752844
              ],
              [
                107.54578652273965,
                -6.079263015809667
              ],
              [
                107.54569669121123,
                -6.079263015809667
              ],
              [
                107.54569669121123,
                -6.079442678866491
              ],
              [
                107.54560685968282,
                -6.079442678866491
              ],
              [
                107.54560685968282,
                -6.079532510394903
              ],
              [
                107.5455170281544,
                -6.079532510394903
              ],
              [
                107.5455170281544,
                -6.079622341923315
              ],
              [
                107.545427196626,
                -6.079622341923315
              ],
              [
                107.545427196626,
                -6.0797121734517265
              ],
              [
                107.54533736509758,
                -6.0797121734517265
              ],
              [
                107.54533736509758,
                -6.079802004980139
              ],
              [
                107.54515770204075,
                -6.079802004980139
              ],
              [
                107.54515770204075,
                -6.079891836508551
              ],
              [
                107.54506787051234,
                -6.079891836508551
              ],
              [
                107.54506787051234,
                -6.079981668036963
              ],
              [
                107.54497803898393,
                -6.079981668036963
              ],
              [
                107.54497803898393,
                -6.080071499565375
              ],
              [
                107.54488820745551,
                -6.080071499565375
              ],
              [
                107.54488820745551,
                -6.0801613310937865
              ],
              [
                107.54479837592712,
                -6.0801613310937865
              ],
              [
                107.54479837592712,
                -6.08034099415061
              ],
              [
                107.5447085443987,
                -6.08034099415061
              ],
              [
                107.5447085443987,
                -6.0806104887358465
              ],
              [
                107.54461871287029,
                -6.0806104887358465
              ],
              [
                107.54461871287029,
                -6.0810596463779065
              ],
              [
                107.5447085443987,
                -6.0810596463779065
              ],
              [
                107.5447085443987,
                -6.081508804019966
              ],
              [
                107.54479837592712,
                -6.081508804019966
              ],
              [
                107.54479837592712,
                -6.0816884670767895
              ],
              [
                107.54488820745551,
                -6.0816884670767895
              ],
              [
                107.54488820745551,
                -6.081957961662026
              ],
              [
                107.5447085443987,
                -6.081957961662026
              ],
              [
                107.5447085443987,
                -6.082047793190438
              ],
              [
                107.54443904981346,
                -6.082047793190438
              ],
              [
                107.54443904981346,
                -6.0821376247188494
              ],
              [
                107.5439898921714,
                -6.0821376247188494
              ],
              [
                107.5439898921714,
                -6.082047793190438
              ],
              [
                107.54381022911458,
                -6.082047793190438
              ],
              [
                107.54381022911458,
                -6.081957961662026
              ],
              [
                107.54372039758617,
                -6.081957961662026
              ],
              [
                107.54372039758617,
                -6.081868130133614
              ],
              [
                107.54363056605776,
                -6.081868130133614
              ],
              [
                107.54363056605776,
                -6.081598635548378
              ],
              [
                107.54354073452934,
                -6.081598635548378
              ],
              [
                107.54354073452934,
                -6.081329140963142
              ],
              [
                107.54345090300093,
                -6.081329140963142
              ],
              [
                107.54345090300093,
                -6.081149477906318
              ],
              [
                107.54336107147252,
                -6.081149477906318
              ],
              [
                107.54336107147252,
                -6.080969814849494
              ],
              [
                107.5432712399441,
                -6.080969814849494
              ],
              [
                107.5432712399441,
                -6.08079015179267
              ],
              [
                107.54318140841569,
                -6.08079015179267
              ],
              [
                107.54318140841569,
                -6.080700320264258
              ],
              [
                107.54309157688728,
                -6.080700320264258
              ],
              [
                107.54309157688728,
                -6.0806104887358465
              ],
              [
                107.54300174535886,
                -6.0806104887358465
              ],
              [
                107.54300174535886,
                -6.080520657207434
              ],
              [
                107.54291191383045,
                -6.080520657207434
              ],
              [
                107.54291191383045,
                -6.080430825679023
              ],
              [
                107.54282208230205,
                -6.080430825679023
              ],
              [
                107.54282208230205,
                -6.08034099415061
              ],
              [
                107.54264241924523,
                -6.08034099415061
              ],
              [
                107.54264241924523,
                -6.080251162622199
              ],
              [
                107.54237292465999,
                -6.080251162622199
              ],
              [
                107.54237292465999,
                -6.0801613310937865
              ],
              [
                107.54201359854633,
                -6.0801613310937865
              ],
              [
                107.54201359854633,
                -6.080071499565375
              ],
              [
                107.54183393548952,
                -6.080071499565375
              ],
              [
                107.54183393548952,
                -6.079981668036963
              ],
              [
                107.5416542724327,
                -6.079981668036963
              ],
              [
                107.5416542724327,
                -6.079891836508551
              ],
              [
                107.54129494631904,
                -6.079891836508551
              ],
              [
                107.54129494631904,
                -6.079802004980139
              ],
              [
                107.54111528326222,
                -6.079802004980139
              ],
              [
                107.54111528326222,
                -6.0797121734517265
              ],
              [
                107.54093562020539,
                -6.0797121734517265
              ],
              [
                107.54093562020539,
                -6.079622341923315
              ],
              [
                107.54084578867699,
                -6.079622341923315
              ],
              [
                107.54084578867699,
                -6.079532510394903
              ],
              [
                107.54075595714858,
                -6.079532510394903
              ],
              [
                107.54075595714858,
                -6.079442678866491
              ],
              [
                107.54066612562016,
                -6.079442678866491
              ],
              [
                107.54066612562016,
                -6.079352847338079
              ],
              [
                107.54057629409175,
                -6.079352847338079
              ],
              [
                107.54057629409175,
                -6.079263015809667
              ],
              [
                107.54048646256334,
                -6.079263015809667
              ],
              [
                107.54048646256334,
                -6.079173184281255
              ],
              [
                107.54039663103492,
                -6.079173184281255
              ],
              [
                107.54039663103492,
                -6.079083352752844
              ],
              [
                107.54030679950651,
                -6.079083352752844
              ],
              [
                107.54030679950651,
                -6.078993521224431
              ],
              [
                107.5402169679781,
                -6.078993521224431
              ],
              [
                107.5402169679781,
                -6.078903689696019
              ],
              [
                107.54012713644968,
                -6.078903689696019
              ],
              [
                107.54012713644968,
                -6.078813858167607
              ],
              [
                107.54003730492127,
                -6.078813858167607
              ],
              [
                107.54003730492127,
                -6.078724026639195
              ],
              [
                107.53985764186446,
                -6.078724026639195
              ],
              [
                107.53985764186446,
                -6.078634195110784
              ],
              [
                107.53976781033604,
                -6.078634195110784
              ],
              [
                107.53976781033604,
                -6.078544363582371
              ],
              [
                107.53967797880763,
                -6.078544363582371
              ],
              [
                107.53967797880763,
                -6.07845453205396
              ],
              [
                107.53922882116557,
                -6.07845453205396
              ],
              [
                107.53922882116557,
                -6.0783647005255474
              ],
              [
                107.53824067435303,
                -6.0783647005255474
              ],
              [
                107.53824067435303,
                -6.078274868997136
              ],
              [
                107.5379711797678,
                -6.078274868997136
              ],
              [
                107.5379711797678,
                -6.078185037468724
              ],
              [
                107.53779151671098,
                -6.078185037468724
              ],
              [
                107.53779151671098,
                -6.078095205940312
              ],
              [
                107.53752202212574,
                -6.078095205940312
              ],
              [
                107.53752202212574,
                -6.0780053744119
              ],
              [
                107.5372525275405,
                -6.0780053744119
              ],
              [
                107.5372525275405,
                -6.0779155428834875
              ],
              [
                107.53716269601209,
                -6.0779155428834875
              ],
              [
                107.53716269601209,
                -6.077825711355076
              ],
              [
                107.53698303295526,
                -6.077825711355076
              ],
              [
                107.53698303295526,
                -6.077735879826664
              ],
              [
                107.53662370684162,
                -6.077735879826664
              ],
              [
                107.53662370684162,
                -6.077646048298252
              ],
              [
                107.53626438072797,
                -6.077646048298252
              ],
              [
                107.53626438072797,
                -6.077735879826664
              ],
              [
                107.5350067393302,
                -6.077735879826664
              ],
              [
                107.5350067393302,
                -6.077825711355076
              ],
              [
                107.53464741321656,
                -6.077825711355076
              ],
              [
                107.53464741321656,
                -6.0779155428834875
              ],
              [
                107.5341982555745,
                -6.0779155428834875
              ],
              [
                107.5341982555745,
                -6.0780053744119
              ],
              [
                107.53365926640403,
                -6.0780053744119
              ],
              [
                107.53365926640403,
                -6.078095205940312
              ],
              [
                107.5334796033472,
                -6.078095205940312
              ],
              [
                107.5334796033472,
                -6.078185037468724
              ],
              [
                107.53329994029038,
                -6.078185037468724
              ],
              [
                107.53329994029038,
                -6.078274868997136
              ],
              [
                107.53321010876196,
                -6.078274868997136
              ],
              [
                107.53321010876196,
                -6.0783647005255474
              ],
              [
                107.53312027723355,
                -6.0783647005255474
              ],
              [
                107.53312027723355,
                -6.07845453205396
              ],
              [
                107.53303044570514,
                -6.07845453205396
              ],
              [
                107.53303044570514,
                -6.078544363582371
              ],
              [
                107.53294061417674,
                -6.078544363582371
              ],
              [
                107.53294061417674,
                -6.078634195110784
              ],
              [
                107.53285078264832,
                -6.078634195110784
              ],
              [
                107.53285078264832,
                -6.078813858167607
              ],
              [
                107.53276095111991,
                -6.078813858167607
              ],
              [
                107.53276095111991,
                -6.079083352752844
              ],
              [
                107.5326711195915,
                -6.079083352752844
              ],
              [
                107.5326711195915,
                -6.079173184281255
              ],
              [
                107.53249145653467,
                -6.079173184281255
              ],
              [
                107.53249145653467,
                -6.079352847338079
              ],
              [
                107.53240162500626,
                -6.079352847338079
              ],
              [
                107.53240162500626,
                -6.079442678866491
              ],
              [
                107.53222196194943,
                -6.079442678866491
              ],
              [
                107.53222196194943,
                -6.079532510394903
              ],
              [
                107.5320422988926,
                -6.079532510394903
              ],
              [
                107.5320422988926,
                -6.0797121734517265
              ],
              [
                107.5319524673642,
                -6.0797121734517265
              ],
              [
                107.5319524673642,
                -6.079802004980139
              ],
              [
                107.5318626358358,
                -6.079802004980139
              ],
              [
                107.5318626358358,
                -6.079891836508551
              ],
              [
                107.53177280430738,
                -6.079891836508551
              ],
              [
                107.53177280430738,
                -6.0801613310937865
              ],
              [
                107.53168297277897,
                -6.0801613310937865
              ],
              [
                107.53168297277897,
                -6.0810596463779065
              ],
              [
                107.53159314125055,
                -6.0810596463779065
              ],
              [
                107.53159314125055,
                -6.081598635548378
              ],
              [
                107.53150330972214,
                -6.081598635548378
              ],
              [
                107.53150330972214,
                -6.082227456247262
              ],
              [
                107.53159314125055,
                -6.082227456247262
              ],
              [
                107.53159314125055,
                -6.082496950832497
              ],
              [
                107.53168297277897,
                -6.082496950832497
              ],
              [
                107.53168297277897,
                -6.082676613889321
              ],
              [
                107.53177280430738,
                -6.082676613889321
              ],
              [
                107.53177280430738,
                -6.082766445417733
              ],
              [
                107.5318626358358,
                -6.082766445417733
              ],
              [
                107.5318626358358,
                -6.082856276946146
              ],
              [
                107.5319524673642,
                -6.082856276946146
              ],
              [
                107.5319524673642,
                -6.082946108474557
              ],
              [
                107.5320422988926,
                -6.082946108474557
              ],
              [
                107.5320422988926,
                -6.083035940002969
              ],
              [
                107.53222196194943,
                -6.083035940002969
              ],
              [
                107.53222196194943,
                -6.083125771531381
              ],
              [
                107.53258128806308,
                -6.083125771531381
              ],
              [
                107.53258128806308,
                -6.083215603059793
              ],
              [
                107.53401859251767,
                -6.083215603059793
              ],
              [
                107.53401859251767,
                -6.083305434588205
              ],
              [
                107.53437791863132,
                -6.083305434588205
              ],
              [
                107.53437791863132,
                -6.083395266116617
              ],
              [
                107.53464741321656,
                -6.083395266116617
              ],
              [
                107.53464741321656,
                -6.0834850976450285
              ],
              [
                107.5349169078018,
                -6.0834850976450285
              ],
              [
                107.5349169078018,
                -6.083574929173441
              ],
              [
                107.53518640238703,
                -6.083574929173441
              ],
              [
                107.53518640238703,
                -6.083664760701852
              ],
              [
                107.53527623391544,
                -6.083664760701852
              ],
              [
                107.53527623391544,
                -6.083754592230265
              ],
              [
                107.53536606544385,
                -6.083754592230265
              ],
              [
                107.53536606544385,
                -6.083844423758677
              ],
              [
                107.53545589697227,
                -6.083844423758677
              ],
              [
                107.53545589697227,
                -6.0839342552870885
              ],
              [
                107.53554572850068,
                -6.0839342552870885
              ],
              [
                107.53554572850068,
                -6.084113918343912
              ],
              [
                107.53563556002909,
                -6.084113918343912
              ],
              [
                107.53563556002909,
                -6.084203749872325
              ],
              [
                107.5357253915575,
                -6.084203749872325
              ],
              [
                107.5357253915575,
                -6.084293581400736
              ],
              [
                107.53581522308592,
                -6.084293581400736
              ],
              [
                107.53581522308592,
                -6.08447324445756
              ],
              [
                107.53590505461433,
                -6.08447324445756
              ],
              [
                107.53590505461433,
                -6.084563075985972
              ],
              [
                107.53599488614273,
                -6.084563075985972
              ],
              [
                107.53599488614273,
                -6.084652907514384
              ],
              [
                107.53608471767114,
                -6.084652907514384
              ],
              [
                107.53608471767114,
                -6.084742739042796
              ],
              [
                107.53617454919956,
                -6.084742739042796
              ],
              [
                107.53617454919956,
                -6.0848325705712085
              ],
              [
                107.53626438072797,
                -6.0848325705712085
              ],
              [
                107.53626438072797,
                -6.085012233628032
              ],
              [
                107.53635421225638,
                -6.085012233628032
              ],
              [
                107.53635421225638,
                -6.0854613912700914
              ],
              [
                107.53626438072797,
                -6.0854613912700914
              ],
              [
                107.53626438072797,
                -6.085910548912151
              ],
              [
                107.53617454919956,
                -6.085910548912151
              ],
              [
                107.53617454919956,
                -6.086180043497388
              ],
              [
                107.53626438072797,
                -6.086180043497388
              ],
              [
                107.53626438072797,
                -6.086269875025799
              ],
              [
                107.53635421225638,
                -6.086269875025799
              ],
              [
                107.53635421225638,
                -6.086359706554211
              ],
              [
                107.53653387531321,
                -6.086359706554211
              ],
              [
                107.53653387531321,
                -6.086449538082623
              ],
              [
                107.53662370684162,
                -6.086449538082623
              ],
              [
                107.53662370684162,
                -6.086539369611035
              ],
              [
                107.53671353837004,
                -6.086539369611035
              ],
              [
                107.53671353837004,
                -6.086629201139448
              ],
              [
                107.53680336989845,
                -6.086629201139448
              ],
              [
                107.53680336989845,
                -6.086719032667859
              ],
              [
                107.53698303295526,
                -6.086719032667859
              ],
              [
                107.53698303295526,
                -6.086808864196271
              ],
              [
                107.53707286448368,
                -6.086808864196271
              ],
              [
                107.53707286448368,
                -6.086898695724683
              ],
              [
                107.53716269601209,
                -6.086898695724683
              ],
              [
                107.53716269601209,
                -6.086988527253095
              ],
              [
                107.5372525275405,
                -6.086988527253095
              ],
              [
                107.5372525275405,
                -6.087078358781507
              ],
              [
                107.53734235906892,
                -6.087078358781507
              ],
              [
                107.53734235906892,
                -6.087168190309919
              ],
              [
                107.53743219059733,
                -6.087168190309919
              ],
              [
                107.53743219059733,
                -6.087347853366743
              ],
              [
                107.53752202212574,
                -6.087347853366743
              ],
              [
                107.53752202212574,
                -6.087437684895155
              ],
              [
                107.53761185365416,
                -6.087437684895155
              ],
              [
                107.53761185365416,
                -6.087527516423567
              ],
              [
                107.53770168518257,
                -6.087527516423567
              ],
              [
                107.53770168518257,
                -6.0877071794803905
              ],
              [
                107.53779151671098,
                -6.0877071794803905
              ],
              [
                107.53779151671098,
                -6.087886842537214
              ],
              [
                107.5378813482394,
                -6.087886842537214
              ],
              [
                107.5378813482394,
                -6.087976674065627
              ],
              [
                107.5379711797678,
                -6.087976674065627
              ],
              [
                107.5379711797678,
                -6.088066505594038
              ],
              [
                107.53806101129621,
                -6.088066505594038
              ],
              [
                107.53806101129621,
                -6.0881563371224505
              ],
              [
                107.53824067435303,
                -6.0881563371224505
              ],
              [
                107.53824067435303,
                -6.088246168650862
              ],
              [
                107.53842033740986,
                -6.088246168650862
              ],
              [
                107.53842033740986,
                -6.088336000179274
              ],
              [
                107.53851016893827,
                -6.088336000179274
              ],
              [
                107.53851016893827,
                -6.088425831707687
              ],
              [
                107.53860000046669,
                -6.088425831707687
              ],
              [
                107.53860000046669,
                -6.088515663236098
              ],
              [
                107.53877966352351,
                -6.088515663236098
              ],
              [
                107.53877966352351,
                -6.0886054947645105
              ],
              [
                107.53886949505193,
                -6.0886054947645105
              ],
              [
                107.53886949505193,
                -6.088695326292922
              ],
              [
                107.53895932658033,
                -6.088695326292922
              ],
              [
                107.53895932658033,
                -6.088785157821334
              ],
              [
                107.53904915810874,
                -6.088785157821334
              ],
              [
                107.53904915810874,
                -6.088874989349746
              ],
              [
                107.53922882116557,
                -6.088874989349746
              ],
              [
                107.53922882116557,
                -6.088964820878158
              ],
              [
                107.53931865269398,
                -6.088964820878158
              ],
              [
                107.53931865269398,
                -6.089144483934982
              ],
              [
                107.53940848422239,
                -6.089144483934982
              ],
              [
                107.53940848422239,
                -6.089234315463393
              ],
              [
                107.5394983157508,
                -6.089234315463393
              ],
              [
                107.5394983157508,
                -6.089324146991806
              ],
              [
                107.53967797880763,
                -6.089324146991806
              ],
              [
                107.53967797880763,
                -6.089413978520218
              ],
              [
                107.53976781033604,
                -6.089413978520218
              ],
              [
                107.53976781033604,
                -6.08950381004863
              ],
              [
                107.53985764186446,
                -6.08950381004863
              ],
              [
                107.53985764186446,
                -6.089593641577042
              ],
              [
                107.54012713644968,
                -6.089593641577042
              ],
              [
                107.54012713644968,
                -6.089683473105453
              ],
              [
                107.54039663103492,
                -6.089683473105453
              ],
              [
                107.54039663103492,
                -6.089773304633866
              ],
              [
                107.54057629409175,
                -6.089773304633866
              ],
              [
                107.54057629409175,
                -6.089863136162277
              ],
              [
                107.54075595714858,
                -6.089863136162277
              ],
              [
                107.54075595714858,
                -6.08995296769069
              ],
              [
                107.5410254517338,
                -6.08995296769069
              ],
              [
                107.5410254517338,
                -6.090042799219101
              ],
              [
                107.5416542724327,
                -6.090042799219101
              ],
              [
                107.5416542724327,
                -6.090132630747513
              ],
              [
                107.54183393548952,
                -6.090132630747513
              ],
              [
                107.54183393548952,
                -6.090222462275925
              ],
              [
                107.54210343007475,
                -6.090222462275925
              ],
              [
                107.54210343007475,
                -6.090312293804337
              ],
              [
                107.54273225077364,
                -6.090312293804337
              ],
              [
                107.54273225077364,
                -6.09040212533275
              ],
              [
                107.54336107147252,
                -6.09040212533275
              ],
              [
                107.54336107147252,
                -6.090491956861161
              ],
              [
                107.54354073452934,
                -6.090491956861161
              ],
              [
                107.54354073452934,
                -6.090581788389573
              ],
              [
                107.54372039758617,
                -6.090581788389573
              ],
              [
                107.54372039758617,
                -6.090671619917985
              ],
              [
                107.5439898921714,
                -6.090671619917985
              ],
              [
                107.5439898921714,
                -6.090581788389573
              ],
              [
                107.54425938675664,
                -6.090581788389573
              ],
              [
                107.54425938675664,
                -6.090491956861161
              ],
              [
                107.54443904981346,
                -6.090491956861161
              ],
              [
                107.54443904981346,
                -6.09040212533275
              ],
              [
                107.5447085443987,
                -6.09040212533275
              ],
              [
                107.5447085443987,
                -6.090312293804337
              ],
              [
                107.54488820745551,
                -6.090312293804337
              ],
              [
                107.54488820745551,
                -6.090222462275925
              ],
              [
                107.54506787051234,
                -6.090222462275925
              ],
              [
                107.54506787051234,
                -6.090132630747513
              ],
              [
                107.54524753356917,
                -6.090132630747513
              ],
              [
                107.54524753356917,
                -6.090042799219101
              ],
              [
                107.54569669121123,
                -6.090042799219101
              ],
              [
                107.54569669121123,
                -6.090132630747513
              ],
              [
                107.54587635426805,
                -6.090132630747513
              ],
              [
                107.54587635426805,
                -6.090222462275925
              ],
              [
                107.54605601732487,
                -6.090222462275925
              ],
              [
                107.54605601732487,
                -6.090312293804337
              ],
              [
                107.54632551191011,
                -6.090312293804337
              ],
              [
                107.54632551191011,
                -6.09040212533275
              ],
              [
                107.54668483802376,
                -6.09040212533275
              ],
              [
                107.54668483802376,
                -6.090491956861161
              ],
              [
                107.5470441641374,
                -6.090491956861161
              ],
              [
                107.5470441641374,
                -6.090581788389573
              ],
              [
                107.54794247942152,
                -6.090581788389573
              ],
              [
                107.54794247942152,
                -6.090491956861161
              ],
              [
                107.54812214247835,
                -6.090491956861161
              ],
              [
                107.54812214247835,
                -6.090581788389573
              ],
              [
                107.54866113164883,
                -6.090581788389573
              ],
              [
                107.54866113164883,
                -6.090671619917985
              ],
              [
                107.5492001208193,
                -6.090671619917985
              ],
              [
                107.5492001208193,
                -6.090761451446397
              ],
              [
                107.55135607750118,
                -6.090761451446397
              ],
              [
                107.55135607750118,
                -6.090851282974809
              ],
              [
                107.55153574055801,
                -6.090851282974809
              ],
              [
                107.55153574055801,
                -6.090941114503221
              ],
              [
                107.55180523514323,
                -6.090941114503221
              ],
              [
                107.55180523514323,
                -6.0910309460316325
              ],
              [
                107.5522543927853,
                -6.0910309460316325
              ],
              [
                107.5522543927853,
                -6.091120777560045
              ],
              [
                107.55315270806942,
                -6.091120777560045
              ],
              [
                107.55315270806942,
                -6.091210609088456
              ],
              [
                107.55342220265466,
                -6.091210609088456
              ],
              [
                107.55342220265466,
                -6.091300440616869
              ],
              [
                107.5536916972399,
                -6.091300440616869
              ],
              [
                107.5536916972399,
                -6.091390272145281
              ],
              [
                107.55396119182512,
                -6.091390272145281
              ],
              [
                107.55396119182512,
                -6.091300440616869
              ],
              [
                107.55423068641036,
                -6.091300440616869
              ],
              [
                107.55423068641036,
                -6.091210609088456
              ],
              [
                107.55432051793878,
                -6.091210609088456
              ],
              [
                107.55432051793878,
                -6.091120777560045
              ],
              [
                107.5545001809956,
                -6.091120777560045
              ],
              [
                107.5545001809956,
                -6.0910309460316325
              ],
              [
                107.55467984405243,
                -6.0910309460316325
              ],
              [
                107.55467984405243,
                -6.090941114503221
              ],
              [
                107.55476967558083,
                -6.090941114503221
              ],
              [
                107.55476967558083,
                -6.090851282974809
              ],
              [
                107.55485950710924,
                -6.090851282974809
              ],
              [
                107.55485950710924,
                -6.090761451446397
              ],
              [
                107.55503917016607,
                -6.090761451446397
              ],
              [
                107.55503917016607,
                -6.090671619917985
              ],
              [
                107.55512900169448,
                -6.090671619917985
              ],
              [
                107.55512900169448,
                -6.090581788389573
              ],
              [
                107.5552188332229,
                -6.090581788389573
              ],
              [
                107.5552188332229,
                -6.090491956861161
              ],
              [
                107.55539849627972,
                -6.090491956861161
              ],
              [
                107.55539849627972,
                -6.09040212533275
              ],
              [
                107.55584765392177,
                -6.09040212533275
              ],
              [
                107.55584765392177,
                -6.090491956861161
              ],
              [
                107.5560273169786,
                -6.090491956861161
              ],
              [
                107.5560273169786,
                -6.090581788389573
              ],
              [
                107.55620698003543,
                -6.090581788389573
              ],
              [
                107.55620698003543,
                -6.090671619917985
              ],
              [
                107.55656630614908,
                -6.090671619917985
              ],
              [
                107.55656630614908,
                -6.090761451446397
              ],
              [
                107.55692563226272,
                -6.090761451446397
              ],
              [
                107.55692563226272,
                -6.090851282974809
              ],
              [
                107.55701546379113,
                -6.090851282974809
              ],
              [
                107.55701546379113,
                -6.090941114503221
              ],
              [
                107.55710529531954,
                -6.090941114503221
              ],
              [
                107.55710529531954,
                -6.0910309460316325
              ],
              [
                107.55728495837637,
                -6.0910309460316325
              ],
              [
                107.55728495837637,
                -6.091120777560045
              ],
              [
                107.55755445296161,
                -6.091120777560045
              ],
              [
                107.55755445296161,
                -6.091210609088456
              ],
              [
                107.55764428449002,
                -6.091210609088456
              ],
              [
                107.55764428449002,
                -6.091300440616869
              ],
              [
                107.55773411601842,
                -6.091300440616869
              ],
              [
                107.55773411601842,
                -6.091390272145281
              ],
              [
                107.55800361060366,
                -6.091390272145281
              ],
              [
                107.55800361060366,
                -6.0914801036736925
              ],
              [
                107.5582731051889,
                -6.0914801036736925
              ],
              [
                107.5582731051889,
                -6.091569935202105
              ],
              [
                107.55836293671732,
                -6.091569935202105
              ],
              [
                107.55836293671732,
                -6.091659766730516
              ],
              [
                107.55845276824573,
                -6.091659766730516
              ],
              [
                107.55845276824573,
                -6.091749598258929
              ],
              [
                107.55872226283095,
                -6.091749598258929
              ],
              [
                107.55872226283095,
                -6.09183942978734
              ],
              [
                107.55890192588778,
                -6.09183942978734
              ],
              [
                107.55890192588778,
                -6.0919292613157525
              ],
              [
                107.5589917574162,
                -6.0919292613157525
              ],
              [
                107.5589917574162,
                -6.092019092844164
              ],
              [
                107.55908158894461,
                -6.092019092844164
              ],
              [
                107.55908158894461,
                -6.092108924372576
              ],
              [
                107.55917142047302,
                -6.092108924372576
              ],
              [
                107.55917142047302,
                -6.092198755900988
              ],
              [
                107.55935108352985,
                -6.092198755900988
              ],
              [
                107.55935108352985,
                -6.0923784189578125
              ],
              [
                107.55944091505826,
                -6.0923784189578125
              ],
              [
                107.55944091505826,
                -6.092468250486224
              ],
              [
                107.5598002411719,
                -6.092468250486224
              ],
              [
                107.5598002411719,
                -6.092558082014636
              ],
              [
                107.56006973575714,
                -6.092558082014636
              ],
              [
                107.56006973575714,
                -6.092468250486224
              ],
              [
                107.56042906187079,
                -6.092468250486224
              ],
              [
                107.56042906187079,
                -6.0923784189578125
              ],
              [
                107.56060872492762,
                -6.0923784189578125
              ],
              [
                107.56060872492762,
                -6.0922885874294
              ],
              [
                107.56078838798443,
                -6.0922885874294
              ],
              [
                107.56078838798443,
                -6.092198755900988
              ],
              [
                107.5612375456265,
                -6.092198755900988
              ],
              [
                107.5612375456265,
                -6.092108924372576
              ],
              [
                107.56240535549586,
                -6.092108924372576
              ],
              [
                107.56240535549586,
                -6.092019092844164
              ],
              [
                107.56294434466632,
                -6.092019092844164
              ],
              [
                107.56294434466632,
                -6.092108924372576
              ],
              [
                107.56384265995044,
                -6.092108924372576
              ],
              [
                107.56384265995044,
                -6.092198755900988
              ],
              [
                107.56456131217774,
                -6.092198755900988
              ],
              [
                107.56456131217774,
                -6.0922885874294
              ],
              [
                107.56510030134821,
                -6.0922885874294
              ],
              [
                107.56510030134821,
                -6.0923784189578125
              ],
              [
                107.56590878510391,
                -6.0923784189578125
              ],
              [
                107.56590878510391,
                -6.092468250486224
              ],
              [
                107.56671726885962,
                -6.092468250486224
              ],
              [
                107.56671726885962,
                -6.092558082014636
              ],
              [
                107.56716642650169,
                -6.092558082014636
              ],
              [
                107.56716642650169,
                -6.092468250486224
              ],
              [
                107.56734608955851,
                -6.092468250486224
              ],
              [
                107.56734608955851,
                -6.0923784189578125
              ],
              [
                107.56743592108693,
                -6.0923784189578125
              ],
              [
                107.56743592108693,
                -6.0922885874294
              ],
              [
                107.56770541567215,
                -6.0922885874294
              ],
              [
                107.56770541567215,
                -6.092198755900988
              ],
              [
                107.5680647417858,
                -6.092198755900988
              ],
              [
                107.5680647417858,
                -6.092108924372576
              ],
              [
                107.56842406789946,
                -6.092108924372576
              ],
              [
                107.56842406789946,
                -6.092019092844164
              ],
              [
                107.5702206984677,
                -6.092019092844164
              ],
              [
                107.5702206984677,
                -6.092108924372576
              ],
              [
                107.57237665514958,
                -6.092108924372576
              ],
              [
                107.57237665514958,
                -6.092019092844164
              ],
              [
                107.57291564432005,
                -6.092019092844164
              ],
              [
                107.57291564432005,
                -6.0919292613157525
              ],
              [
                107.5732749704337,
                -6.0919292613157525
              ],
              [
                107.5732749704337,
                -6.09183942978734
              ],
              [
                107.57435294877465,
                -6.09183942978734
              ],
              [
                107.57435294877465,
                -6.0919292613157525
              ],
              [
                107.57444278030306,
                -6.0919292613157525
              ],
              [
                107.57444278030306,
                -6.092019092844164
              ],
              [
                107.57453261183146,
                -6.092019092844164
              ],
              [
                107.57453261183146,
                -6.092198755900988
              ],
              [
                107.57471227488828,
                -6.092198755900988
              ],
              [
                107.57471227488828,
                -6.0922885874294
              ],
              [
                107.5748021064167,
                -6.0922885874294
              ],
              [
                107.5748021064167,
                -6.0923784189578125
              ],
              [
                107.57489193794511,
                -6.0923784189578125
              ],
              [
                107.57489193794511,
                -6.092468250486224
              ],
              [
                107.57498176947352,
                -6.092468250486224
              ],
              [
                107.57498176947352,
                -6.092558082014636
              ],
              [
                107.57525126405876,
                -6.092558082014636
              ],
              [
                107.57525126405876,
                -6.092647913543048
              ],
              [
                107.57534109558718,
                -6.092647913543048
              ],
              [
                107.57534109558718,
                -6.09273774507146
              ],
              [
                107.57552075864399,
                -6.09273774507146
              ],
              [
                107.57552075864399,
                -6.092827576599872
              ],
              [
                107.57614957934288,
                -6.092827576599872
              ],
              [
                107.57614957934288,
                -6.092917408128284
              ],
              [
                107.57758688379747,
                -6.092917408128284
              ],
              [
                107.57758688379747,
                -6.092827576599872
              ],
              [
                107.5778563783827,
                -6.092827576599872
              ],
              [
                107.5778563783827,
                -6.09273774507146
              ],
              [
                107.57794620991112,
                -6.09273774507146
              ],
              [
                107.57794620991112,
                -6.092647913543048
              ],
              [
                107.57812587296795,
                -6.092647913543048
              ],
              [
                107.57812587296795,
                -6.092558082014636
              ],
              [
                107.57821570449636,
                -6.092558082014636
              ],
              [
                107.57821570449636,
                -6.092468250486224
              ],
              [
                107.57875469366682,
                -6.092468250486224
              ],
              [
                107.57875469366682,
                -6.092558082014636
              ],
              [
                107.57893435672365,
                -6.092558082014636
              ],
              [
                107.57893435672365,
                -6.092647913543048
              ],
              [
                107.57911401978048,
                -6.092647913543048
              ],
              [
                107.57911401978048,
                -6.09273774507146
              ],
              [
                107.5792936828373,
                -6.09273774507146
              ],
              [
                107.5792936828373,
                -6.092827576599872
              ],
              [
                107.57974284047935,
                -6.092827576599872
              ],
              [
                107.57974284047935,
                -6.092917408128284
              ],
              [
                107.58073098729189,
                -6.092917408128284
              ],
              [
                107.58073098729189,
                -6.093007239656695
              ],
              [
                107.58109031340554,
                -6.093007239656695
              ],
              [
                107.58109031340554,
                -6.093097071185108
              ],
              [
                107.58135980799078,
                -6.093097071185108
              ],
              [
                107.58135980799078,
                -6.09318690271352
              ],
              [
                107.581629302576,
                -6.09318690271352
              ],
              [
                107.581629302576,
                -6.093276734241932
              ],
              [
                107.58207846021807,
                -6.093276734241932
              ],
              [
                107.58207846021807,
                -6.093366565770344
              ],
              [
                107.5822581232749,
                -6.093366565770344
              ],
              [
                107.5822581232749,
                -6.093456397298755
              ],
              [
                107.58243778633172,
                -6.093456397298755
              ],
              [
                107.58243778633172,
                -6.093546228827168
              ],
              [
                107.58270728091695,
                -6.093546228827168
              ],
              [
                107.58270728091695,
                -6.093636060355579
              ],
              [
                107.58288694397378,
                -6.093636060355579
              ],
              [
                107.58288694397378,
                -6.093725891883992
              ],
              [
                107.5830666070306,
                -6.093725891883992
              ],
              [
                107.5830666070306,
                -6.093815723412403
              ],
              [
                107.58315643855902,
                -6.093815723412403
              ],
              [
                107.58315643855902,
                -6.093905554940815
              ],
              [
                107.58324627008743,
                -6.093905554940815
              ],
              [
                107.58324627008743,
                -6.093995386469227
              ],
              [
                107.58351576467265,
                -6.093995386469227
              ],
              [
                107.58351576467265,
                -6.094085217997639
              ],
              [
                107.58369542772948,
                -6.094085217997639
              ],
              [
                107.58369542772948,
                -6.094175049526052
              ],
              [
                107.58387509078631,
                -6.094175049526052
              ],
              [
                107.58387509078631,
                -6.094264881054463
              ],
              [
                107.58504290065567,
                -6.094264881054463
              ],
              [
                107.58504290065567,
                -6.094175049526052
              ],
              [
                107.58594121593978,
                -6.094175049526052
              ],
              [
                107.58594121593978,
                -6.094085217997639
              ],
              [
                107.58728868886597,
                -6.094085217997639
              ],
              [
                107.58728868886597,
                -6.093995386469227
              ],
              [
                107.5876480149796,
                -6.093995386469227
              ],
              [
                107.5876480149796,
                -6.093905554940815
              ],
              [
                107.58791750956485,
                -6.093905554940815
              ],
              [
                107.58791750956485,
                -6.093815723412403
              ],
              [
                107.58800734109326,
                -6.093815723412403
              ],
              [
                107.58800734109326,
                -6.093725891883992
              ],
              [
                107.58809717262167,
                -6.093725891883992
              ],
              [
                107.58809717262167,
                -6.093636060355579
              ],
              [
                107.58818700415009,
                -6.093636060355579
              ],
              [
                107.58818700415009,
                -6.093456397298755
              ],
              [
                107.5882768356785,
                -6.093456397298755
              ],
              [
                107.5882768356785,
                -6.093366565770344
              ],
              [
                107.58836666720691,
                -6.093366565770344
              ],
              [
                107.58836666720691,
                -6.093276734241932
              ],
              [
                107.58845649873531,
                -6.093276734241932
              ],
              [
                107.58845649873531,
                -6.093366565770344
              ],
              [
                107.58854633026372,
                -6.093366565770344
              ],
              [
                107.58854633026372,
                -6.093456397298755
              ],
              [
                107.58872599332055,
                -6.093456397298755
              ],
              [
                107.58872599332055,
                -6.093636060355579
              ],
              [
                107.58881582484896,
                -6.093636060355579
              ],
              [
                107.58881582484896,
                -6.093905554940815
              ],
              [
                107.58890565637738,
                -6.093905554940815
              ],
              [
                107.58890565637738,
                -6.094085217997639
              ],
              [
                107.58899548790579,
                -6.094085217997639
              ],
              [
                107.58899548790579,
                -6.094175049526052
              ],
              [
                107.5890853194342,
                -6.094175049526052
              ],
              [
                107.5890853194342,
                -6.094264881054463
              ],
              [
                107.58917515096262,
                -6.094264881054463
              ],
              [
                107.58917515096262,
                -6.094354712582875
              ],
              [
                107.58935481401944,
                -6.094354712582875
              ],
              [
                107.58935481401944,
                -6.094444544111287
              ],
              [
                107.58944464554784,
                -6.094444544111287
              ],
              [
                107.58944464554784,
                -6.094534375639699
              ],
              [
                107.58962430860467,
                -6.094534375639699
              ],
              [
                107.58962430860467,
                -6.094624207168111
              ],
              [
                107.59195992834339,
                -6.094624207168111
              ],
              [
                107.59195992834339,
                -6.094714038696523
              ],
              [
                107.59303790668433,
                -6.094714038696523
              ],
              [
                107.59303790668433,
                -6.0948038702249345
              ],
              [
                107.59456504266733,
                -6.0948038702249345
              ],
              [
                107.59456504266733,
                -6.094714038696523
              ],
              [
                107.59618201017875,
                -6.094714038696523
              ],
              [
                107.59618201017875,
                -6.0948038702249345
              ],
              [
                107.59636167323556,
                -6.0948038702249345
              ],
              [
                107.59636167323556,
                -6.094893701753347
              ],
              [
                107.59654133629239,
                -6.094893701753347
              ],
              [
                107.59654133629239,
                -6.094983533281758
              ],
              [
                107.59672099934922,
                -6.094983533281758
              ],
              [
                107.59672099934922,
                -6.095073364810171
              ],
              [
                107.59690066240604,
                -6.095073364810171
              ],
              [
                107.59690066240604,
                -6.095163196338583
              ],
              [
                107.59699049393446,
                -6.095163196338583
              ],
              [
                107.59699049393446,
                -6.095342859395407
              ],
              [
                107.59708032546287,
                -6.095342859395407
              ],
              [
                107.59708032546287,
                -6.095522522452231
              ],
              [
                107.59717015699128,
                -6.095522522452231
              ],
              [
                107.59717015699128,
                -6.095792017037466
              ],
              [
                107.5972599885197,
                -6.095792017037466
              ],
              [
                107.5972599885197,
                -6.095971680094291
              ],
              [
                107.5973498200481,
                -6.095971680094291
              ],
              [
                107.5973498200481,
                -6.095612353980642
              ],
              [
                107.59743965157651,
                -6.095612353980642
              ],
              [
                107.59743965157651,
                -6.095163196338583
              ],
              [
                107.59752948310492,
                -6.095163196338583
              ],
              [
                107.59752948310492,
                -6.095073364810171
              ],
              [
                107.59779897769016,
                -6.095073364810171
              ],
              [
                107.59779897769016,
                -6.094983533281758
              ],
              [
                107.59815830380381,
                -6.094983533281758
              ],
              [
                107.59815830380381,
                -6.094893701753347
              ],
              [
                107.59833796686063,
                -6.094893701753347
              ],
              [
                107.59833796686063,
                -6.0948038702249345
              ],
              [
                107.5988769560311,
                -6.0948038702249345
              ],
              [
                107.5988769560311,
                -6.094714038696523
              ],
              [
                107.6004040920141,
                -6.094714038696523
              ],
              [
                107.6004040920141,
                -6.0948038702249345
              ],
              [
                107.60067358659934,
                -6.0948038702249345
              ],
              [
                107.60067358659934,
                -6.094893701753347
              ],
              [
                107.60085324965617,
                -6.094893701753347
              ],
              [
                107.60085324965617,
                -6.094983533281758
              ],
              [
                107.60112274424141,
                -6.094983533281758
              ],
              [
                107.60112274424141,
                -6.095073364810171
              ],
              [
                107.60121257576982,
                -6.095073364810171
              ],
              [
                107.60121257576982,
                -6.095163196338583
              ],
              [
                107.60130240729822,
                -6.095163196338583
              ],
              [
                107.60130240729822,
                -6.0952530278669945
              ],
              [
                107.60121257576982,
                -6.0952530278669945
              ],
              [
                107.60121257576982,
                -6.095522522452231
              ],
              [
                107.60112274424141,
                -6.095522522452231
              ],
              [
                107.60112274424141,
                -6.096241174679526
              ],
              [
                107.601032912713,
                -6.096241174679526
              ],
              [
                107.601032912713,
                -6.096600500793174
              ],
              [
                107.60112274424141,
                -6.096600500793174
              ],
              [
                107.60112274424141,
                -6.097408984548881
              ],
              [
                107.60121257576982,
                -6.097408984548881
              ],
              [
                107.60121257576982,
                -6.097678479134117
              ],
              [
                107.60166173341187,
                -6.097678479134117
              ],
              [
                107.60166173341187,
                -6.097588647605705
              ],
              [
                107.60175156494029,
                -6.097588647605705
              ],
              [
                107.60175156494029,
                -6.097408984548881
              ],
              [
                107.6018413964687,
                -6.097408984548881
              ],
              [
                107.6018413964687,
                -6.097229321492057
              ],
              [
                107.60193122799711,
                -6.097229321492057
              ],
              [
                107.60193122799711,
                -6.097139489963646
              ],
              [
                107.60202105952553,
                -6.097139489963646
              ],
              [
                107.60202105952553,
                -6.096959826906822
              ],
              [
                107.60211089105394,
                -6.096959826906822
              ],
              [
                107.60211089105394,
                -6.09686999537841
              ],
              [
                107.60220072258235,
                -6.09686999537841
              ],
              [
                107.60220072258235,
                -6.096780163849997
              ],
              [
                107.60229055411075,
                -6.096780163849997
              ],
              [
                107.60229055411075,
                -6.096690332321586
              ],
              [
                107.60238038563917,
                -6.096690332321586
              ],
              [
                107.60238038563917,
                -6.096600500793174
              ],
              [
                107.60247021716758,
                -6.096600500793174
              ],
              [
                107.60247021716758,
                -6.096510669264762
              ],
              [
                107.60256004869599,
                -6.096510669264762
              ],
              [
                107.60256004869599,
                -6.09642083773635
              ],
              [
                107.6026498802244,
                -6.09642083773635
              ],
              [
                107.6026498802244,
                -6.096331006207938
              ],
              [
                107.60282954328123,
                -6.096331006207938
              ],
              [
                107.60282954328123,
                -6.096241174679526
              ],
              [
                107.60291937480964,
                -6.096241174679526
              ],
              [
                107.60291937480964,
                -6.0961513431511145
              ],
              [
                107.60309903786647,
                -6.0961513431511145
              ],
              [
                107.60309903786647,
                -6.096061511622702
              ],
              [
                107.6033685324517,
                -6.096061511622702
              ],
              [
                107.6033685324517,
                -6.095971680094291
              ],
              [
                107.60354819550852,
                -6.095971680094291
              ],
              [
                107.60354819550852,
                -6.095881848565878
              ],
              [
                107.60372785856535,
                -6.095881848565878
              ],
              [
                107.60372785856535,
                -6.095792017037466
              ],
              [
                107.604087184679,
                -6.095792017037466
              ],
              [
                107.604087184679,
                -6.0957021855090545
              ],
              [
                107.60471600537788,
                -6.0957021855090545
              ],
              [
                107.60471600537788,
                -6.095792017037466
              ],
              [
                107.60606347830407,
                -6.095792017037466
              ],
              [
                107.60606347830407,
                -6.095881848565878
              ],
              [
                107.60669229900294,
                -6.095881848565878
              ],
              [
                107.60669229900294,
                -6.095971680094291
              ],
              [
                107.60750078275865,
                -6.095971680094291
              ],
              [
                107.60750078275865,
                -6.095881848565878
              ],
              [
                107.6078601088723,
                -6.095881848565878
              ],
              [
                107.6078601088723,
                -6.095792017037466
              ],
              [
                107.6085787610996,
                -6.095792017037466
              ],
              [
                107.6085787610996,
                -6.0957021855090545
              ],
              [
                107.60902791874166,
                -6.0957021855090545
              ],
              [
                107.60902791874166,
                -6.095612353980642
              ],
              [
                107.60911775027007,
                -6.095612353980642
              ],
              [
                107.60911775027007,
                -6.095522522452231
              ],
              [
                107.60929741332689,
                -6.095522522452231
              ],
              [
                107.60929741332689,
                -6.095432690923818
              ],
              [
                107.60947707638371,
                -6.095432690923818
              ],
              [
                107.60947707638371,
                -6.095342859395407
              ],
              [
                107.60956690791213,
                -6.095342859395407
              ],
              [
                107.60956690791213,
                -6.0952530278669945
              ],
              [
                107.60965673944054,
                -6.0952530278669945
              ],
              [
                107.60965673944054,
                -6.095163196338583
              ],
              [
                107.60974657096895,
                -6.095163196338583
              ],
              [
                107.60974657096895,
                -6.095073364810171
              ],
              [
                107.60983640249736,
                -6.095073364810171
              ],
              [
                107.60983640249736,
                -6.094983533281758
              ],
              [
                107.61001606555419,
                -6.094983533281758
              ],
              [
                107.61001606555419,
                -6.094893701753347
              ],
              [
                107.61055505472466,
                -6.094893701753347
              ],
              [
                107.61055505472466,
                -6.094983533281758
              ],
              [
                107.61091438083831,
                -6.094983533281758
              ],
              [
                107.61091438083831,
                -6.095073364810171
              ],
              [
                107.61127370695195,
                -6.095073364810171
              ],
              [
                107.61127370695195,
                -6.095163196338583
              ],
              [
                107.6116330330656,
                -6.095163196338583
              ],
              [
                107.6116330330656,
                -6.0952530278669945
              ],
              [
                107.61226185376448,
                -6.0952530278669945
              ],
              [
                107.61226185376448,
                -6.095342859395407
              ],
              [
                107.61298050599179,
                -6.095342859395407
              ],
              [
                107.61298050599179,
                -6.0952530278669945
              ],
              [
                107.61333983210542,
                -6.0952530278669945
              ],
              [
                107.61333983210542,
                -6.095163196338583
              ],
              [
                107.61360932669066,
                -6.095163196338583
              ],
              [
                107.61360932669066,
                -6.095073364810171
              ],
              [
                107.61414831586113,
                -6.095073364810171
              ],
              [
                107.61414831586113,
                -6.094983533281758
              ],
              [
                107.61432797891796,
                -6.094983533281758
              ],
              [
                107.61432797891796,
                -6.095073364810171
              ],
              [
                107.61468730503161,
                -6.095073364810171
              ],
              [
                107.61468730503161,
                -6.095163196338583
              ],
              [
                107.61477713656002,
                -6.095163196338583
              ],
              [
                107.61477713656002,
                -6.095342859395407
              ],
              [
                107.61486696808844,
                -6.095342859395407
              ],
              [
                107.61486696808844,
                -6.095432690923818
              ],
              [
                107.61495679961685,
                -6.095432690923818
              ],
              [
                107.61495679961685,
                -6.095522522452231
              ],
              [
                107.61504663114526,
                -6.095522522452231
              ],
              [
                107.61504663114526,
                -6.095792017037466
              ],
              [
                107.61513646267366,
                -6.095792017037466
              ],
              [
                107.61513646267366,
                -6.095971680094291
              ],
              [
                107.61522629420207,
                -6.095971680094291
              ],
              [
                107.61522629420207,
                -6.0961513431511145
              ],
              [
                107.61531612573049,
                -6.0961513431511145
              ],
              [
                107.61531612573049,
                -6.096331006207938
              ],
              [
                107.6154059572589,
                -6.096331006207938
              ],
              [
                107.6154059572589,
                -6.096510669264762
              ],
              [
                107.61549578878731,
                -6.096510669264762
              ],
              [
                107.61549578878731,
                -6.096600500793174
              ],
              [
                107.61558562031573,
                -6.096600500793174
              ],
              [
                107.61558562031573,
                -6.096690332321586
              ],
              [
                107.61567545184414,
                -6.096690332321586
              ],
              [
                107.61567545184414,
                -6.096780163849997
              ],
              [
                107.61612460948619,
                -6.096780163849997
              ],
              [
                107.61612460948619,
                -6.096690332321586
              ],
              [
                107.61630427254302,
                -6.096690332321586
              ],
              [
                107.61630427254302,
                -6.096600500793174
              ],
              [
                107.61639410407143,
                -6.096600500793174
              ],
              [
                107.61639410407143,
                -6.096510669264762
              ],
              [
                107.61648393559985,
                -6.096510669264762
              ],
              [
                107.61648393559985,
                -6.09642083773635
              ],
              [
                107.61657376712826,
                -6.09642083773635
              ],
              [
                107.61657376712826,
                -6.096331006207938
              ],
              [
                107.61666359865667,
                -6.096331006207938
              ],
              [
                107.61666359865667,
                -6.096241174679526
              ],
              [
                107.61675343018508,
                -6.096241174679526
              ],
              [
                107.61675343018508,
                -6.0961513431511145
              ],
              [
                107.61693309324191,
                -6.0961513431511145
              ],
              [
                107.61693309324191,
                -6.096061511622702
              ],
              [
                107.61720258782714,
                -6.096061511622702
              ],
              [
                107.61720258782714,
                -6.095971680094291
              ],
              [
                107.61863989228173,
                -6.095971680094291
              ],
              [
                107.61863989228173,
                -6.095881848565878
              ],
              [
                107.61899921839539,
                -6.095881848565878
              ],
              [
                107.61899921839539,
                -6.095792017037466
              ],
              [
                107.61944837603744,
                -6.095792017037466
              ],
              [
                107.61944837603744,
                -6.0957021855090545
              ],
              [
                107.62007719673632,
                -6.0957021855090545
              ],
              [
                107.62007719673632,
                -6.095612353980642
              ],
              [
                107.62052635437838,
                -6.095612353980642
              ],
              [
                107.62052635437838,
                -6.095522522452231
              ],
              [
                107.62079584896362,
                -6.095522522452231
              ],
              [
                107.62079584896362,
                -6.095432690923818
              ],
              [
                107.6214246696625,
                -6.095432690923818
              ],
              [
                107.6214246696625,
                -6.095342859395407
              ],
              [
                107.62205349036138,
                -6.095342859395407
              ],
              [
                107.62205349036138,
                -6.0952530278669945
              ],
              [
                107.62232298494662,
                -6.0952530278669945
              ],
              [
                107.62232298494662,
                -6.095163196338583
              ],
              [
                107.62259247953186,
                -6.095163196338583
              ],
              [
                107.62259247953186,
                -6.095073364810171
              ],
              [
                107.62313146870233,
                -6.095073364810171
              ],
              [
                107.62313146870233,
                -6.094983533281758
              ],
              [
                107.6236704578728,
                -6.094983533281758
              ],
              [
                107.6236704578728,
                -6.094893701753347
              ],
              [
                107.62402978398644,
                -6.094893701753347
              ],
              [
                107.62402978398644,
                -6.0948038702249345
              ],
              [
                107.6243891101001,
                -6.0948038702249345
              ],
              [
                107.6243891101001,
                -6.094714038696523
              ],
              [
                107.62492809927058,
                -6.094714038696523
              ],
              [
                107.62492809927058,
                -6.094624207168111
              ],
              [
                107.62528742538422,
                -6.094624207168111
              ],
              [
                107.62528742538422,
                -6.094534375639699
              ],
              [
                107.62555691996945,
                -6.094534375639699
              ],
              [
                107.62555691996945,
                -6.094444544111287
              ],
              [
                107.62573658302628,
                -6.094444544111287
              ],
              [
                107.62573658302628,
                -6.094354712582875
              ],
              [
                107.62591624608311,
                -6.094354712582875
              ],
              [
                107.62591624608311,
                -6.094264881054463
              ],
              [
                107.62609590913992,
                -6.094264881054463
              ],
              [
                107.62609590913992,
                -6.094175049526052
              ],
              [
                107.62618574066833,
                -6.094175049526052
              ],
              [
                107.62618574066833,
                -6.094085217997639
              ],
              [
                107.62627557219675,
                -6.094085217997639
              ],
              [
                107.62627557219675,
                -6.093905554940815
              ],
              [
                107.62636540372516,
                -6.093905554940815
              ],
              [
                107.62636540372516,
                -6.093636060355579
              ],
              [
                107.62645523525357,
                -6.093636060355579
              ],
              [
                107.62645523525357,
                -6.093546228827168
              ],
              [
                107.62654506678199,
                -6.093546228827168
              ],
              [
                107.62654506678199,
                -6.093456397298755
              ],
              [
                107.6266348983104,
                -6.093456397298755
              ],
              [
                107.6266348983104,
                -6.093007239656695
              ],
              [
                107.62672472983881,
                -6.093007239656695
              ],
              [
                107.62672472983881,
                -6.092647913543048
              ],
              [
                107.62681456136723,
                -6.092647913543048
              ],
              [
                107.62681456136723,
                -6.092468250486224
              ],
              [
                107.62690439289564,
                -6.092468250486224
              ],
              [
                107.62690439289564,
                -6.0923784189578125
              ],
              [
                107.62699422442404,
                -6.0923784189578125
              ],
              [
                107.62699422442404,
                -6.0919292613157525
              ],
              [
                107.62690439289564,
                -6.0919292613157525
              ],
              [
                107.62690439289564,
                -6.09183942978734
              ],
              [
                107.62681456136723,
                -6.09183942978734
              ],
              [
                107.62681456136723,
                -6.091659766730516
              ],
              [
                107.62672472983881,
                -6.091659766730516
              ],
              [
                107.62672472983881,
                -6.0914801036736925
              ],
              [
                107.6266348983104,
                -6.0914801036736925
              ],
              [
                107.6266348983104,
                -6.091300440616869
              ],
              [
                107.62654506678199,
                -6.091300440616869
              ],
              [
                107.62654506678199,
                -6.091210609088456
              ],
              [
                107.62645523525357,
                -6.091210609088456
              ],
              [
                107.62645523525357,
                -6.0910309460316325
              ],
              [
                107.62636540372516,
                -6.0910309460316325
              ],
              [
                107.62636540372516,
                -6.090761451446397
              ],
              [
                107.62627557219675,
                -6.090761451446397
              ],
              [
                107.62627557219675,
                -6.090581788389573
              ],
              [
                107.62618574066833,
                -6.090581788389573
              ],
              [
                107.62618574066833,
                -6.090491956861161
              ],
              [
                107.62609590913992,
                -6.090491956861161
              ],
              [
                107.62609590913992,
                -6.09040212533275
              ],
              [
                107.6260060776115,
                -6.09040212533275
              ],
              [
                107.6260060776115,
                -6.090312293804337
              ],
              [
                107.6258264145547,
                -6.090312293804337
              ],
              [
                107.6258264145547,
                -6.090222462275925
              ],
              [
                107.62483826774216,
                -6.090222462275925
              ],
              [
                107.62483826774216,
                -6.090132630747513
              ],
              [
                107.62456877315692,
                -6.090132630747513
              ],
              [
                107.62456877315692,
                -6.090042799219101
              ],
              [
                107.62429927857168,
                -6.090042799219101
              ],
              [
                107.62429927857168,
                -6.08995296769069
              ],
              [
                107.62393995245804,
                -6.08995296769069
              ],
              [
                107.62393995245804,
                -6.089863136162277
              ],
              [
                107.62313146870233,
                -6.089863136162277
              ],
              [
                107.62313146870233,
                -6.089773304633866
              ],
              [
                107.6228619741171,
                -6.089773304633866
              ],
              [
                107.6228619741171,
                -6.089683473105453
              ],
              [
                107.62268231106027,
                -6.089683473105453
              ],
              [
                107.62268231106027,
                -6.089593641577042
              ],
              [
                107.62232298494662,
                -6.089593641577042
              ],
              [
                107.62232298494662,
                -6.08950381004863
              ],
              [
                107.62205349036138,
                -6.08950381004863
              ],
              [
                107.62205349036138,
                -6.089413978520218
              ],
              [
                107.62196365883298,
                -6.089413978520218
              ],
              [
                107.62196365883298,
                -6.089324146991806
              ],
              [
                107.62178399577616,
                -6.089324146991806
              ],
              [
                107.62178399577616,
                -6.089234315463393
              ],
              [
                107.6214246696625,
                -6.089234315463393
              ],
              [
                107.6214246696625,
                -6.089144483934982
              ],
              [
                107.62133483813409,
                -6.089144483934982
              ],
              [
                107.62133483813409,
                -6.089234315463393
              ],
              [
                107.61890938686697,
                -6.089234315463393
              ],
              [
                107.61890938686697,
                -6.089324146991806
              ],
              [
                107.6183703976965,
                -6.089324146991806
              ],
              [
                107.6183703976965,
                -6.089413978520218
              ],
              [
                107.61783140852603,
                -6.089413978520218
              ],
              [
                107.61783140852603,
                -6.08950381004863
              ],
              [
                107.61666359865667,
                -6.08950381004863
              ],
              [
                107.61666359865667,
                -6.089593641577042
              ],
              [
                107.61585511490097,
                -6.089593641577042
              ],
              [
                107.61585511490097,
                -6.089683473105453
              ],
              [
                107.6154059572589,
                -6.089683473105453
              ],
              [
                107.6154059572589,
                -6.089773304633866
              ],
              [
                107.61477713656002,
                -6.089773304633866
              ],
              [
                107.61477713656002,
                -6.089863136162277
              ],
              [
                107.6130703375202,
                -6.089863136162277
              ],
              [
                107.6130703375202,
                -6.089773304633866
              ],
              [
                107.61253134834972,
                -6.089773304633866
              ],
              [
                107.61253134834972,
                -6.089683473105453
              ],
              [
                107.61217202223607,
                -6.089683473105453
              ],
              [
                107.61217202223607,
                -6.089593641577042
              ],
              [
                107.61091438083831,
                -6.089593641577042
              ],
              [
                107.61091438083831,
                -6.089683473105453
              ],
              [
                107.61055505472466,
                -6.089683473105453
              ],
              [
                107.61055505472466,
                -6.089773304633866
              ],
              [
                107.60956690791213,
                -6.089773304633866
              ],
              [
                107.60956690791213,
                -6.089683473105453
              ],
              [
                107.60902791874166,
                -6.089683473105453
              ],
              [
                107.60902791874166,
                -6.089593641577042
              ],
              [
                107.60507533149153,
                -6.089593641577042
              ],
              [
                107.60507533149153,
                -6.08950381004863
              ],
              [
                107.59968543978681,
                -6.08950381004863
              ],
              [
                107.59968543978681,
                -6.089413978520218
              ],
              [
                107.59950577672998,
                -6.089413978520218
              ],
              [
                107.59950577672998,
                -6.089324146991806
              ],
              [
                107.59941594520157,
                -6.089324146991806
              ],
              [
                107.59941594520157,
                -6.089234315463393
              ],
              [
                107.59932611367316,
                -6.089234315463393
              ],
              [
                107.59932611367316,
                -6.08905465240657
              ],
              [
                107.59923628214476,
                -6.08905465240657
              ],
              [
                107.59923628214476,
                -6.088964820878158
              ],
              [
                107.59914645061635,
                -6.088964820878158
              ],
              [
                107.59914645061635,
                -6.088874989349746
              ],
              [
                107.59905661908793,
                -6.088874989349746
              ],
              [
                107.59905661908793,
                -6.088785157821334
              ],
              [
                107.59896678755952,
                -6.088785157821334
              ],
              [
                107.59896678755952,
                -6.088695326292922
              ],
              [
                107.5988769560311,
                -6.088695326292922
              ],
              [
                107.5988769560311,
                -6.0886054947645105
              ],
              [
                107.59869729297428,
                -6.0886054947645105
              ],
              [
                107.59869729297428,
                -6.088515663236098
              ],
              [
                107.59833796686063,
                -6.088515663236098
              ],
              [
                107.59833796686063,
                -6.0886054947645105
              ],
              [
                107.59815830380381,
                -6.0886054947645105
              ],
              [
                107.59815830380381,
                -6.088695326292922
              ],
              [
                107.5980684722754,
                -6.088695326292922
              ],
              [
                107.5980684722754,
                -6.088785157821334
              ],
              [
                107.59779897769016,
                -6.088785157821334
              ],
              [
                107.59779897769016,
                -6.088874989349746
              ],
              [
                107.59761931463333,
                -6.088874989349746
              ],
              [
                107.59761931463333,
                -6.088964820878158
              ],
              [
                107.59743965157651,
                -6.088964820878158
              ],
              [
                107.59743965157651,
                -6.08905465240657
              ],
              [
                107.59690066240604,
                -6.08905465240657
              ],
              [
                107.59690066240604,
                -6.088964820878158
              ],
              [
                107.5966311678208,
                -6.088964820878158
              ],
              [
                107.5966311678208,
                -6.088874989349746
              ],
              [
                107.59636167323556,
                -6.088874989349746
              ],
              [
                107.59636167323556,
                -6.088785157821334
              ],
              [
                107.5958226840651,
                -6.088785157821334
              ],
              [
                107.5958226840651,
                -6.088695326292922
              ],
              [
                107.59474470572415,
                -6.088695326292922
              ],
              [
                107.59474470572415,
                -6.0886054947645105
              ],
              [
                107.59420571655369,
                -6.0886054947645105
              ],
              [
                107.59420571655369,
                -6.088515663236098
              ],
              [
                107.59393622196845,
                -6.088515663236098
              ],
              [
                107.59393622196845,
                -6.088425831707687
              ],
              [
                107.59375655891162,
                -6.088425831707687
              ],
              [
                107.59375655891162,
                -6.088336000179274
              ],
              [
                107.5935768958548,
                -6.088336000179274
              ],
              [
                107.5935768958548,
                -6.088246168650862
              ],
              [
                107.59330740126957,
                -6.088246168650862
              ],
              [
                107.59330740126957,
                -6.0881563371224505
              ],
              [
                107.59312773821274,
                -6.0881563371224505
              ],
              [
                107.59312773821274,
                -6.088066505594038
              ],
              [
                107.59267858057068,
                -6.088066505594038
              ],
              [
                107.59267858057068,
                -6.0881563371224505
              ],
              [
                107.59231925445704,
                -6.0881563371224505
              ],
              [
                107.59231925445704,
                -6.088246168650862
              ],
              [
                107.5920497598718,
                -6.088246168650862
              ],
              [
                107.5920497598718,
                -6.088336000179274
              ],
              [
                107.59169043375815,
                -6.088336000179274
              ],
              [
                107.59169043375815,
                -6.088425831707687
              ],
              [
                107.59007346624674,
                -6.088425831707687
              ],
              [
                107.59007346624674,
                -6.088515663236098
              ],
              [
                107.58935481401944,
                -6.088515663236098
              ],
              [
                107.58935481401944,
                -6.0886054947645105
              ],
              [
                107.58917515096262,
                -6.0886054947645105
              ],
              [
                107.58917515096262,
                -6.088695326292922
              ],
              [
                107.58890565637738,
                -6.088695326292922
              ],
              [
                107.58890565637738,
                -6.088785157821334
              ],
              [
                107.58728868886597,
                -6.088785157821334
              ],
              [
                107.58728868886597,
                -6.088695326292922
              ],
              [
                107.58710902580914,
                -6.088695326292922
              ],
              [
                107.58710902580914,
                -6.0886054947645105
              ],
              [
                107.58692936275231,
                -6.0886054947645105
              ],
              [
                107.58692936275231,
                -6.088515663236098
              ],
              [
                107.58674969969549,
                -6.088515663236098
              ],
              [
                107.58674969969549,
                -6.088425831707687
              ],
              [
                107.58639037358185,
                -6.088425831707687
              ],
              [
                107.58639037358185,
                -6.088336000179274
              ],
              [
                107.58621071052502,
                -6.088336000179274
              ],
              [
                107.58621071052502,
                -6.088246168650862
              ],
              [
                107.5860310474682,
                -6.088246168650862
              ],
              [
                107.5860310474682,
                -6.0881563371224505
              ],
              [
                107.58504290065567,
                -6.0881563371224505
              ],
              [
                107.58504290065567,
                -6.088066505594038
              ],
              [
                107.58405475384313,
                -6.088066505594038
              ],
              [
                107.58405475384313,
                -6.0881563371224505
              ],
              [
                107.58351576467265,
                -6.0881563371224505
              ],
              [
                107.58351576467265,
                -6.088246168650862
              ],
              [
                107.58333610161584,
                -6.088246168650862
              ],
              [
                107.58333610161584,
                -6.088336000179274
              ],
              [
                107.5830666070306,
                -6.088336000179274
              ],
              [
                107.5830666070306,
                -6.088425831707687
              ],
              [
                107.58109031340554,
                -6.088425831707687
              ],
              [
                107.58109031340554,
                -6.088336000179274
              ],
              [
                107.58091065034871,
                -6.088336000179274
              ],
              [
                107.58091065034871,
                -6.088246168650862
              ],
              [
                107.5808208188203,
                -6.088246168650862
              ],
              [
                107.5808208188203,
                -6.0881563371224505
              ],
              [
                107.58055132423506,
                -6.0881563371224505
              ],
              [
                107.58055132423506,
                -6.088066505594038
              ],
              [
                107.58037166117825,
                -6.088066505594038
              ],
              [
                107.58037166117825,
                -6.087976674065627
              ],
              [
                107.58028182964983,
                -6.087976674065627
              ],
              [
                107.58028182964983,
                -6.087886842537214
              ],
              [
                107.58019199812142,
                -6.087886842537214
              ],
              [
                107.58019199812142,
                -6.087797011008803
              ],
              [
                107.5800123350646,
                -6.087797011008803
              ],
              [
                107.5800123350646,
                -6.0877071794803905
              ],
              [
                107.57983267200777,
                -6.0877071794803905
              ],
              [
                107.57983267200777,
                -6.087617347951979
              ],
              [
                107.57965300895094,
                -6.087617347951979
              ],
              [
                107.57965300895094,
                -6.087527516423567
              ],
              [
                107.57956317742253,
                -6.087527516423567
              ],
              [
                107.57956317742253,
                -6.087437684895155
              ],
              [
                107.57938351436572,
                -6.087437684895155
              ],
              [
                107.57938351436572,
                -6.087347853366743
              ],
              [
                107.5792936828373,
                -6.087347853366743
              ],
              [
                107.5792936828373,
                -6.0872580218383305
              ],
              [
                107.57920385130889,
                -6.0872580218383305
              ],
              [
                107.57920385130889,
                -6.087168190309919
              ],
              [
                107.57911401978048,
                -6.087168190309919
              ],
              [
                107.57911401978048,
                -6.087078358781507
              ],
              [
                107.57902418825206,
                -6.087078358781507
              ],
              [
                107.57902418825206,
                -6.086988527253095
              ],
              [
                107.57893435672365,
                -6.086988527253095
              ],
              [
                107.57893435672365,
                -6.086898695724683
              ],
              [
                107.57884452519524,
                -6.086898695724683
              ],
              [
                107.57884452519524,
                -6.086719032667859
              ],
              [
                107.57875469366682,
                -6.086719032667859
              ],
              [
                107.57875469366682,
                -6.086629201139448
              ],
              [
                107.57866486213841,
                -6.086629201139448
              ],
              [
                107.57866486213841,
                -6.086449538082623
              ],
              [
                107.57857503061,
                -6.086449538082623
              ],
              [
                107.57857503061,
                -6.086090211968975
              ],
              [
                107.57866486213841,
                -6.086090211968975
              ],
              [
                107.57866486213841,
                -6.086000380440564
              ],
              [
                107.57875469366682,
                -6.086000380440564
              ],
              [
                107.57875469366682,
                -6.08582071738374
              ],
              [
                107.57884452519524,
                -6.08582071738374
              ],
              [
                107.57884452519524,
                -6.0854613912700914
              ],
              [
                107.57893435672365,
                -6.0854613912700914
              ],
              [
                107.57893435672365,
                -6.085102065156444
              ],
              [
                107.57902418825206,
                -6.085102065156444
              ],
              [
                107.57902418825206,
                -6.084742739042796
              ],
              [
                107.57911401978048,
                -6.084742739042796
              ],
              [
                107.57911401978048,
                -6.0843834129291485
              ],
              [
                107.57920385130889,
                -6.0843834129291485
              ],
              [
                107.57920385130889,
                -6.084024086815501
              ],
              [
                107.5792936828373,
                -6.084024086815501
              ],
              [
                107.5792936828373,
                -6.083305434588205
              ],
              [
                107.57920385130889,
                -6.083305434588205
              ],
              [
                107.57920385130889,
                -6.083215603059793
              ],
              [
                107.57911401978048,
                -6.083215603059793
              ],
              [
                107.57911401978048,
                -6.083125771531381
              ],
              [
                107.57902418825206,
                -6.083125771531381
              ],
              [
                107.57902418825206,
                -6.083035940002969
              ],
              [
                107.57884452519524,
                -6.083035940002969
              ],
              [
                107.57884452519524,
                -6.082946108474557
              ],
              [
                107.57866486213841,
                -6.082946108474557
              ],
              [
                107.57866486213841,
                -6.082856276946146
              ],
              [
                107.57812587296795,
                -6.082856276946146
              ],
              [
                107.57812587296795,
                -6.082946108474557
              ],
              [
                107.57803604143953,
                -6.082946108474557
              ],
              [
                107.57803604143953,
                -6.083035940002969
              ],
              [
                107.57794620991112,
                -6.083035940002969
              ],
              [
                107.57794620991112,
                -6.083125771531381
              ],
              [
                107.5778563783827,
                -6.083125771531381
              ],
              [
                107.5778563783827,
                -6.083215603059793
              ],
              [
                107.57776654685429,
                -6.083215603059793
              ],
              [
                107.57776654685429,
                -6.0839342552870885
              ],
              [
                107.5778563783827,
                -6.0839342552870885
              ],
              [
                107.5778563783827,
                -6.084203749872325
              ],
              [
                107.57794620991112,
                -6.084203749872325
              ],
              [
                107.57794620991112,
                -6.084563075985972
              ],
              [
                107.57803604143953,
                -6.084563075985972
              ],
              [
                107.57803604143953,
                -6.085191896684856
              ],
              [
                107.57794620991112,
                -6.085191896684856
              ],
              [
                107.57794620991112,
                -6.08537155974168
              ],
              [
                107.5778563783827,
                -6.08537155974168
              ],
              [
                107.5778563783827,
                -6.085551222798504
              ],
              [
                107.57767671532588,
                -6.085551222798504
              ],
              [
                107.57767671532588,
                -6.085641054326916
              ],
              [
                107.57749705226905,
                -6.085641054326916
              ],
              [
                107.57749705226905,
                -6.085730885855328
              ],
              [
                107.577047894627,
                -6.085730885855328
              ],
              [
                107.577047894627,
                -6.085641054326916
              ],
              [
                107.57677840004176,
                -6.085641054326916
              ],
              [
                107.57677840004176,
                -6.085551222798504
              ],
              [
                107.57668856851335,
                -6.085551222798504
              ],
              [
                107.57668856851335,
                -6.0854613912700914
              ],
              [
                107.57659873698493,
                -6.0854613912700914
              ],
              [
                107.57659873698493,
                -6.08537155974168
              ],
              [
                107.57650890545652,
                -6.08537155974168
              ],
              [
                107.57650890545652,
                -6.085281728213268
              ],
              [
                107.57641907392812,
                -6.085281728213268
              ],
              [
                107.57641907392812,
                -6.085191896684856
              ],
              [
                107.5762394108713,
                -6.085191896684856
              ],
              [
                107.5762394108713,
                -6.085102065156444
              ],
              [
                107.57614957934288,
                -6.085102065156444
              ],
              [
                107.57614957934288,
                -6.08492240209962
              ],
              [
                107.57605974781447,
                -6.08492240209962
              ],
              [
                107.57605974781447,
                -6.0848325705712085
              ],
              [
                107.57596991628606,
                -6.0848325705712085
              ],
              [
                107.57596991628606,
                -6.084652907514384
              ],
              [
                107.57588008475764,
                -6.084652907514384
              ],
              [
                107.57588008475764,
                -6.08447324445756
              ],
              [
                107.57579025322923,
                -6.08447324445756
              ],
              [
                107.57579025322923,
                -6.0843834129291485
              ],
              [
                107.5756105901724,
                -6.0843834129291485
              ],
              [
                107.5756105901724,
                -6.084293581400736
              ],
              [
                107.57525126405876,
                -6.084293581400736
              ],
              [
                107.57525126405876,
                -6.0843834129291485
              ],
              [
                107.57516143253035,
                -6.0843834129291485
              ],
              [
                107.57516143253035,
                -6.08447324445756
              ],
              [
                107.57507160100194,
                -6.08447324445756
              ],
              [
                107.57507160100194,
                -6.084563075985972
              ],
              [
                107.57498176947352,
                -6.084563075985972
              ],
              [
                107.57498176947352,
                -6.084742739042796
              ],
              [
                107.57489193794511,
                -6.084742739042796
              ],
              [
                107.57489193794511,
                -6.0848325705712085
              ],
              [
                107.5748021064167,
                -6.0848325705712085
              ],
              [
                107.5748021064167,
                -6.08492240209962
              ],
              [
                107.57471227488828,
                -6.08492240209962
              ],
              [
                107.57471227488828,
                -6.085012233628032
              ],
              [
                107.57462244335987,
                -6.085012233628032
              ],
              [
                107.57462244335987,
                -6.085102065156444
              ],
              [
                107.57453261183146,
                -6.085102065156444
              ],
              [
                107.57453261183146,
                -6.085191896684856
              ],
              [
                107.57435294877465,
                -6.085191896684856
              ],
              [
                107.57435294877465,
                -6.085281728213268
              ],
              [
                107.5740834541894,
                -6.085281728213268
              ],
              [
                107.5740834541894,
                -6.08537155974168
              ],
              [
                107.57381395960417,
                -6.08537155974168
              ],
              [
                107.57381395960417,
                -6.0854613912700914
              ],
              [
                107.57318513890529,
                -6.0854613912700914
              ],
              [
                107.57318513890529,
                -6.085551222798504
              ],
              [
                107.572466486678,
                -6.085551222798504
              ],
              [
                107.572466486678,
                -6.085641054326916
              ],
              [
                107.57210716056434,
                -6.085641054326916
              ],
              [
                107.57210716056434,
                -6.085730885855328
              ],
              [
                107.5718376659791,
                -6.085730885855328
              ],
              [
                107.5718376659791,
                -6.08582071738374
              ],
              [
                107.57165800292228,
                -6.08582071738374
              ],
              [
                107.57165800292228,
                -6.085910548912151
              ],
              [
                107.57147833986546,
                -6.085910548912151
              ],
              [
                107.57147833986546,
                -6.086000380440564
              ],
              [
                107.57138850833705,
                -6.086000380440564
              ],
              [
                107.57138850833705,
                -6.086090211968975
              ],
              [
                107.57129867680864,
                -6.086090211968975
              ],
              [
                107.57129867680864,
                -6.086180043497388
              ],
              [
                107.57111901375181,
                -6.086180043497388
              ],
              [
                107.57111901375181,
                -6.086269875025799
              ],
              [
                107.57084951916657,
                -6.086269875025799
              ],
              [
                107.57084951916657,
                -6.086359706554211
              ],
              [
                107.57066985610975,
                -6.086359706554211
              ],
              [
                107.57066985610975,
                -6.086449538082623
              ],
              [
                107.57049019305293,
                -6.086449538082623
              ],
              [
                107.57049019305293,
                -6.086539369611035
              ],
              [
                107.5703105299961,
                -6.086539369611035
              ],
              [
                107.5703105299961,
                -6.086629201139448
              ],
              [
                107.56968170929721,
                -6.086629201139448
              ],
              [
                107.56968170929721,
                -6.086719032667859
              ],
              [
                107.56833423637104,
                -6.086719032667859
              ],
              [
                107.56833423637104,
                -6.086629201139448
              ],
              [
                107.5680647417858,
                -6.086629201139448
              ],
              [
                107.5680647417858,
                -6.086539369611035
              ],
              [
                107.56797491025739,
                -6.086539369611035
              ],
              [
                107.56797491025739,
                -6.086359706554211
              ],
              [
                107.56788507872898,
                -6.086359706554211
              ],
              [
                107.56788507872898,
                -6.086269875025799
              ],
              [
                107.56779524720056,
                -6.086269875025799
              ],
              [
                107.56779524720056,
                -6.08582071738374
              ],
              [
                107.56788507872898,
                -6.08582071738374
              ],
              [
                107.56788507872898,
                -6.08537155974168
              ],
              [
                107.56797491025739,
                -6.08537155974168
              ],
              [
                107.56797491025739,
                -6.085012233628032
              ],
              [
                107.56788507872898,
                -6.085012233628032
              ],
              [
                107.56788507872898,
                -6.0848325705712085
              ],
              [
                107.56779524720056,
                -6.0848325705712085
              ],
              [
                107.56779524720056,
                -6.084742739042796
              ],
              [
                107.56770541567215,
                -6.084742739042796
              ],
              [
                107.56770541567215,
                -6.084652907514384
              ],
              [
                107.56761558414374,
                -6.084652907514384
              ],
              [
                107.56761558414374,
                -6.084563075985972
              ],
              [
                107.5672562580301,
                -6.084563075985972
              ],
              [
                107.5672562580301,
                -6.08447324445756
              ],
              [
                107.5664477742744,
                -6.08447324445756
              ],
              [
                107.5664477742744,
                -6.0843834129291485
              ],
              [
                107.56608844816074,
                -6.0843834129291485
              ],
              [
                107.56608844816074,
                -6.084293581400736
              ],
              [
                107.5658189535755,
                -6.084293581400736
              ],
              [
                107.5658189535755,
                -6.084203749872325
              ],
              [
                107.56465114370614,
                -6.084203749872325
              ],
              [
                107.56465114370614,
                -6.084113918343912
              ],
              [
                107.5642918175925,
                -6.084113918343912
              ],
              [
                107.5642918175925,
                -6.0839342552870885
              ],
              [
                107.56420198606409,
                -6.0839342552870885
              ],
              [
                107.56420198606409,
                -6.083664760701852
              ],
              [
                107.56411215453568,
                -6.083664760701852
              ],
              [
                107.56411215453568,
                -6.0834850976450285
              ],
              [
                107.56402232300726,
                -6.0834850976450285
              ],
              [
                107.56402232300726,
                -6.083395266116617
              ],
              [
                107.56393249147885,
                -6.083395266116617
              ],
              [
                107.56393249147885,
                -6.083215603059793
              ],
              [
                107.56384265995044,
                -6.083215603059793
              ],
              [
                107.56384265995044,
                -6.083125771531381
              ],
              [
                107.56366299689361,
                -6.083125771531381
              ],
              [
                107.56366299689361,
                -6.083035940002969
              ],
              [
                107.5634833338368,
                -6.083035940002969
              ],
              [
                107.5634833338368,
                -6.082946108474557
              ],
              [
                107.56330367077997,
                -6.082946108474557
              ],
              [
                107.56330367077997,
                -6.082856276946146
              ],
              [
                107.56303417619473,
                -6.082856276946146
              ],
              [
                107.56303417619473,
                -6.082766445417733
              ],
              [
                107.56240535549586,
                -6.082766445417733
              ],
              [
                107.56240535549586,
                -6.082856276946146
              ],
              [
                107.56222569243903,
                -6.082856276946146
              ],
              [
                107.56222569243903,
                -6.082946108474557
              ],
              [
                107.56213586091062,
                -6.082946108474557
              ],
              [
                107.56213586091062,
                -6.083035940002969
              ],
              [
                107.56186636632538,
                -6.083035940002969
              ],
              [
                107.56186636632538,
                -6.083125771531381
              ],
              [
                107.56168670326855,
                -6.083125771531381
              ],
              [
                107.56168670326855,
                -6.083215603059793
              ],
              [
                107.56159687174015,
                -6.083215603059793
              ],
              [
                107.56159687174015,
                -6.083305434588205
              ],
              [
                107.56150704021174,
                -6.083305434588205
              ],
              [
                107.56150704021174,
                -6.083395266116617
              ],
              [
                107.56132737715491,
                -6.083395266116617
              ],
              [
                107.56132737715491,
                -6.0834850976450285
              ],
              [
                107.5612375456265,
                -6.0834850976450285
              ],
              [
                107.5612375456265,
                -6.083574929173441
              ],
              [
                107.56114771409808,
                -6.083574929173441
              ],
              [
                107.56114771409808,
                -6.083664760701852
              ],
              [
                107.56105788256967,
                -6.083664760701852
              ],
              [
                107.56105788256967,
                -6.083754592230265
              ],
              [
                107.56087821951284,
                -6.083754592230265
              ],
              [
                107.56087821951284,
                -6.083844423758677
              ],
              [
                107.56069855645602,
                -6.083844423758677
              ],
              [
                107.56069855645602,
                -6.0839342552870885
              ],
              [
                107.5605188933992,
                -6.0839342552870885
              ],
              [
                107.5605188933992,
                -6.084024086815501
              ],
              [
                107.56033923034238,
                -6.084024086815501
              ],
              [
                107.56033923034238,
                -6.084113918343912
              ],
              [
                107.55997990422873,
                -6.084113918343912
              ],
              [
                107.55997990422873,
                -6.084203749872325
              ],
              [
                107.55836293671732,
                -6.084203749872325
              ],
              [
                107.55836293671732,
                -6.084293581400736
              ],
              [
                107.55764428449002,
                -6.084293581400736
              ],
              [
                107.55764428449002,
                -6.0843834129291485
              ],
              [
                107.5568358007343,
                -6.0843834129291485
              ],
              [
                107.5568358007343,
                -6.08447324445756
              ],
              [
                107.55575782239336,
                -6.08447324445756
              ],
              [
                107.55575782239336,
                -6.084563075985972
              ],
              [
                107.55405102335354,
                -6.084563075985972
              ],
              [
                107.55405102335354,
                -6.084652907514384
              ],
              [
                107.55351203418307,
                -6.084652907514384
              ],
              [
                107.55351203418307,
                -6.084742739042796
              ],
              [
                107.553062876541,
                -6.084742739042796
              ],
              [
                107.553062876541,
                -6.0848325705712085
              ],
              [
                107.55261371889895,
                -6.0848325705712085
              ],
              [
                107.55261371889895,
                -6.08492240209962
              ],
              [
                107.55234422431371,
                -6.08492240209962
              ],
              [
                107.55234422431371,
                -6.085012233628032
              ],
              [
                107.5522543927853,
                -6.085012233628032
              ],
              [
                107.5522543927853,
                -6.085102065156444
              ],
              [
                107.55207472972847,
                -6.085102065156444
              ],
              [
                107.55207472972847,
                -6.085191896684856
              ],
              [
                107.55189506667165,
                -6.085191896684856
              ],
              [
                107.55189506667165,
                -6.085281728213268
              ],
              [
                107.55180523514323,
                -6.085281728213268
              ],
              [
                107.55180523514323,
                -6.08537155974168
              ],
              [
                107.55162557208642,
                -6.08537155974168
              ],
              [
                107.55162557208642,
                -6.0854613912700914
              ],
              [
                107.55153574055801,
                -6.0854613912700914
              ],
              [
                107.55153574055801,
                -6.085551222798504
              ],
              [
                107.5514459090296,
                -6.085551222798504
              ],
              [
                107.5514459090296,
                -6.085641054326916
              ],
              [
                107.55135607750118,
                -6.085641054326916
              ],
              [
                107.55135607750118,
                -6.085730885855328
              ],
              [
                107.55126624597277,
                -6.085730885855328
              ],
              [
                107.55126624597277,
                -6.08582071738374
              ],
              [
                107.55117641444436,
                -6.08582071738374
              ],
              [
                107.55117641444436,
                -6.085910548912151
              ],
              [
                107.55108658291594,
                -6.085910548912151
              ],
              [
                107.55108658291594,
                -6.086000380440564
              ],
              [
                107.55099675138753,
                -6.086000380440564
              ],
              [
                107.55099675138753,
                -6.086180043497388
              ],
              [
                107.55090691985912,
                -6.086180043497388
              ],
              [
                107.55090691985912,
                -6.086269875025799
              ],
              [
                107.5507272568023,
                -6.086269875025799
              ],
              [
                107.5507272568023,
                -6.086359706554211
              ],
              [
                107.55063742527389,
                -6.086359706554211
              ],
              [
                107.55063742527389,
                -6.086449538082623
              ],
              [
                107.55054759374548,
                -6.086449538082623
              ],
              [
                107.55054759374548,
                -6.086539369611035
              ],
              [
                107.55045776221706,
                -6.086539369611035
              ],
              [
                107.55045776221706,
                -6.086629201139448
              ],
              [
                107.55018826763182,
                -6.086629201139448
              ],
              [
                107.55018826763182,
                -6.086719032667859
              ],
              [
                107.54982894151817,
                -6.086719032667859
              ],
              [
                107.54982894151817,
                -6.086808864196271
              ],
              [
                107.54946961540453,
                -6.086808864196271
              ],
              [
                107.54946961540453,
                -6.086719032667859
              ],
              [
                107.54911028929088,
                -6.086719032667859
              ],
              [
                107.54911028929088,
                -6.086629201139448
              ],
              [
                107.54884079470564,
                -6.086629201139448
              ],
              [
                107.54884079470564,
                -6.086539369611035
              ],
              [
                107.54866113164883,
                -6.086539369611035
              ],
              [
                107.54866113164883,
                -6.086090211968975
              ],
              [
                107.54875096317724,
                -6.086090211968975
              ],
              [
                107.54875096317724,
                -6.086000380440564
              ],
              [
                107.54884079470564,
                -6.086000380440564
              ],
              [
                107.54884079470564,
                -6.08582071738374
              ],
              [
                107.54893062623405,
                -6.08582071738374
              ],
              [
                107.54893062623405,
                -6.085730885855328
              ],
              [
                107.54902045776247,
                -6.085730885855328
              ],
              [
                107.54902045776247,
                -6.085551222798504
              ],
              [
                107.54911028929088,
                -6.085551222798504
              ],
              [
                107.54911028929088,
                -6.085281728213268
              ],
              [
                107.5492001208193,
                -6.085281728213268
              ],
              [
                107.5492001208193,
                -6.085102065156444
              ],
              [
                107.5492899523477,
                -6.085102065156444
              ],
              [
                107.5492899523477,
                -6.085012233628032
              ],
              [
                107.54937978387612,
                -6.085012233628032
              ],
              [
                107.54937978387612,
                -6.084742739042796
              ],
              [
                107.54946961540453,
                -6.084742739042796
              ],
              [
                107.54946961540453,
                -6.084652907514384
              ],
              [
                107.54955944693295,
                -6.084652907514384
              ],
              [
                107.54955944693295,
                -6.084563075985972
              ],
              [
                107.54964927846136,
                -6.084563075985972
              ],
              [
                107.54964927846136,
                -6.08447324445756
              ],
              [
                107.54973910998977,
                -6.08447324445756
              ],
              [
                107.54973910998977,
                -6.0843834129291485
              ],
              [
                107.54982894151817,
                -6.0843834129291485
              ],
              [
                107.54982894151817,
                -6.084293581400736
              ],
              [
                107.550008604575,
                -6.084293581400736
              ],
              [
                107.550008604575,
                -6.084203749872325
              ],
              [
                107.55009843610341,
                -6.084203749872325
              ],
              [
                107.55009843610341,
                -6.084113918343912
              ],
              [
                107.55018826763182,
                -6.084113918343912
              ],
              [
                107.55018826763182,
                -6.084024086815501
              ],
              [
                107.55027809916024,
                -6.084024086815501
              ],
              [
                107.55027809916024,
                -6.083844423758677
              ],
              [
                107.55036793068865,
                -6.083844423758677
              ],
              [
                107.55036793068865,
                -6.083754592230265
              ],
              [
                107.55045776221706,
                -6.083754592230265
              ],
              [
                107.55045776221706,
                -6.0834850976450285
              ],
              [
                107.55054759374548,
                -6.0834850976450285
              ],
              [
                107.55054759374548,
                -6.083215603059793
              ],
              [
                107.55063742527389,
                -6.083215603059793
              ],
              [
                107.55063742527389,
                -6.083125771531381
              ],
              [
                107.5507272568023,
                -6.083125771531381
              ],
              [
                107.5507272568023,
                -6.083035940002969
              ],
              [
                107.5508170883307,
                -6.083035940002969
              ],
              [
                107.5508170883307,
                -6.082856276946146
              ],
              [
                107.55099675138753,
                -6.082856276946146
              ],
              [
                107.55099675138753,
                -6.082766445417733
              ],
              [
                107.55117641444436,
                -6.082766445417733
              ],
              [
                107.55117641444436,
                -6.082676613889321
              ],
              [
                107.55126624597277,
                -6.082676613889321
              ],
              [
                107.55126624597277,
                -6.082586782360909
              ],
              [
                107.5514459090296,
                -6.082586782360909
              ],
              [
                107.5514459090296,
                -6.082496950832497
              ],
              [
                107.55162557208642,
                -6.082496950832497
              ],
              [
                107.55162557208642,
                -6.082407119304086
              ],
              [
                107.55180523514323,
                -6.082407119304086
              ],
              [
                107.55180523514323,
                -6.082317287775673
              ],
              [
                107.55189506667165,
                -6.082317287775673
              ],
              [
                107.55189506667165,
                -6.082227456247262
              ],
              [
                107.55198489820006,
                -6.082227456247262
              ],
              [
                107.55198489820006,
                -6.082047793190438
              ],
              [
                107.55207472972847,
                -6.082047793190438
              ],
              [
                107.55207472972847,
                -6.081868130133614
              ],
              [
                107.55216456125689,
                -6.081868130133614
              ],
              [
                107.55216456125689,
                -6.081418972491554
              ],
              [
                107.55207472972847,
                -6.081418972491554
              ],
              [
                107.55207472972847,
                -6.080879983321083
              ],
              [
                107.55198489820006,
                -6.080879983321083
              ],
              [
                107.55198489820006,
                -6.080700320264258
              ],
              [
                107.55342220265466,
                -6.080700320264258
              ],
              [
                107.55342220265466,
                -6.08079015179267
              ],
              [
                107.55396119182512,
                -6.08079015179267
              ],
              [
                107.55396119182512,
                -6.080700320264258
              ],
              [
                107.55405102335354,
                -6.080700320264258
              ],
              [
                107.55405102335354,
                -6.0806104887358465
              ],
              [
                107.55414085488195,
                -6.0806104887358465
              ],
              [
                107.55414085488195,
                -6.080520657207434
              ],
              [
                107.55423068641036,
                -6.080520657207434
              ],
              [
                107.55423068641036,
                -6.08034099415061
              ],
              [
                107.55432051793878,
                -6.08034099415061
              ],
              [
                107.55432051793878,
                -6.079891836508551
              ],
              [
                107.55441034946719,
                -6.079891836508551
              ],
              [
                107.55441034946719,
                -6.079802004980139
              ],
              [
                107.5545001809956,
                -6.079802004980139
              ],
              [
                107.5545001809956,
                -6.0797121734517265
              ],
              [
                107.55467984405243,
                -6.0797121734517265
              ],
              [
                107.55467984405243,
                -6.079622341923315
              ],
              [
                107.5560273169786,
                -6.079622341923315
              ],
              [
                107.5560273169786,
                -6.0797121734517265
              ],
              [
                107.55692563226272,
                -6.0797121734517265
              ],
              [
                107.55692563226272,
                -6.079802004980139
              ],
              [
                107.55782394754684,
                -6.079802004980139
              ],
              [
                107.55782394754684,
                -6.079891836508551
              ],
              [
                107.55872226283095,
                -6.079891836508551
              ],
              [
                107.55872226283095,
                -6.079981668036963
              ],
              [
                107.5589917574162,
                -6.079981668036963
              ],
              [
                107.5589917574162,
                -6.080071499565375
              ],
              [
                107.55917142047302,
                -6.080071499565375
              ],
              [
                107.55917142047302,
                -6.0801613310937865
              ],
              [
                107.55926125200143,
                -6.0801613310937865
              ],
              [
                107.55926125200143,
                -6.080251162622199
              ],
              [
                107.55935108352985,
                -6.080251162622199
              ],
              [
                107.55935108352985,
                -6.08034099415061
              ],
              [
                107.55953074658667,
                -6.08034099415061
              ],
              [
                107.55953074658667,
                -6.080430825679023
              ],
              [
                107.55962057811509,
                -6.080430825679023
              ],
              [
                107.55962057811509,
                -6.080520657207434
              ],
              [
                107.56006973575714,
                -6.080520657207434
              ],
              [
                107.56006973575714,
                -6.080430825679023
              ],
              [
                107.56015956728555,
                -6.080430825679023
              ],
              [
                107.56015956728555,
                -6.08034099415061
              ],
              [
                107.56024939881397,
                -6.08034099415061
              ],
              [
                107.56024939881397,
                -6.0801613310937865
              ],
              [
                107.56033923034238,
                -6.0801613310937865
              ],
              [
                107.56033923034238,
                -6.080071499565375
              ],
              [
                107.56042906187079,
                -6.080071499565375
              ],
              [
                107.56042906187079,
                -6.079981668036963
              ],
              [
                107.5605188933992,
                -6.079981668036963
              ],
              [
                107.5605188933992,
                -6.079891836508551
              ],
              [
                107.56060872492762,
                -6.079891836508551
              ],
              [
                107.56060872492762,
                -6.079802004980139
              ],
              [
                107.56069855645602,
                -6.079802004980139
              ],
              [
                107.56069855645602,
                -6.0797121734517265
              ],
              [
                107.56078838798443,
                -6.0797121734517265
              ],
              [
                107.56078838798443,
                -6.079622341923315
              ],
              [
                107.56096805104126,
                -6.079622341923315
              ],
              [
                107.56096805104126,
                -6.079532510394903
              ],
              [
                107.56105788256967,
                -6.079532510394903
              ],
              [
                107.56105788256967,
                -6.079442678866491
              ],
              [
                107.56141720868332,
                -6.079442678866491
              ],
              [
                107.56141720868332,
                -6.079532510394903
              ],
              [
                107.56150704021174,
                -6.079532510394903
              ],
              [
                107.56150704021174,
                -6.079622341923315
              ],
              [
                107.56159687174015,
                -6.079622341923315
              ],
              [
                107.56159687174015,
                -6.0797121734517265
              ],
              [
                107.56168670326855,
                -6.0797121734517265
              ],
              [
                107.56168670326855,
                -6.079802004980139
              ],
              [
                107.56177653479696,
                -6.079802004980139
              ],
              [
                107.56177653479696,
                -6.079891836508551
              ],
              [
                107.56186636632538,
                -6.079891836508551
              ],
              [
                107.56186636632538,
                -6.079981668036963
              ],
              [
                107.56195619785379,
                -6.079981668036963
              ],
              [
                107.56195619785379,
                -6.080071499565375
              ],
              [
                107.5620460293822,
                -6.080071499565375
              ],
              [
                107.5620460293822,
                -6.080251162622199
              ],
              [
                107.56213586091062,
                -6.080251162622199
              ],
              [
                107.56213586091062,
                -6.08034099415061
              ],
              [
                107.56222569243903,
                -6.08034099415061
              ],
              [
                107.56222569243903,
                -6.080520657207434
              ],
              [
                107.56231552396744,
                -6.080520657207434
              ],
              [
                107.56231552396744,
                -6.0806104887358465
              ],
              [
                107.56240535549586,
                -6.0806104887358465
              ],
              [
                107.56240535549586,
                -6.080700320264258
              ],
              [
                107.56249518702427,
                -6.080700320264258
              ],
              [
                107.56249518702427,
                -6.08079015179267
              ],
              [
                107.56303417619473,
                -6.08079015179267
              ],
              [
                107.56303417619473,
                -6.080700320264258
              ],
              [
                107.56312400772315,
                -6.080700320264258
              ],
              [
                107.56312400772315,
                -6.0806104887358465
              ],
              [
                107.56330367077997,
                -6.0806104887358465
              ],
              [
                107.56330367077997,
                -6.080520657207434
              ],
              [
                107.56339350230839,
                -6.080520657207434
              ],
              [
                107.56339350230839,
                -6.080430825679023
              ],
              [
                107.5634833338368,
                -6.080430825679023
              ],
              [
                107.5634833338368,
                -6.08034099415061
              ],
              [
                107.56357316536521,
                -6.08034099415061
              ],
              [
                107.56357316536521,
                -6.080251162622199
              ],
              [
                107.56366299689361,
                -6.080251162622199
              ],
              [
                107.56366299689361,
                -6.0801613310937865
              ],
              [
                107.56375282842203,
                -6.0801613310937865
              ],
              [
                107.56375282842203,
                -6.080071499565375
              ],
              [
                107.56393249147885,
                -6.080071499565375
              ],
              [
                107.56393249147885,
                -6.079981668036963
              ],
              [
                107.56447148064933,
                -6.079981668036963
              ],
              [
                107.56447148064933,
                -6.080071499565375
              ],
              [
                107.56465114370614,
                -6.080071499565375
              ],
              [
                107.56465114370614,
                -6.0801613310937865
              ],
              [
                107.56474097523456,
                -6.0801613310937865
              ],
              [
                107.56474097523456,
                -6.080251162622199
              ],
              [
                107.56483080676297,
                -6.080251162622199
              ],
              [
                107.56483080676297,
                -6.08034099415061
              ],
              [
                107.56492063829138,
                -6.08034099415061
              ],
              [
                107.56492063829138,
                -6.080430825679023
              ],
              [
                107.5650104698198,
                -6.080430825679023
              ],
              [
                107.5650104698198,
                -6.080520657207434
              ],
              [
                107.56510030134821,
                -6.080520657207434
              ],
              [
                107.56510030134821,
                -6.0806104887358465
              ],
              [
                107.56519013287662,
                -6.0806104887358465
              ],
              [
                107.56519013287662,
                -6.080700320264258
              ],
              [
                107.56527996440504,
                -6.080700320264258
              ],
              [
                107.56527996440504,
                -6.08079015179267
              ],
              [
                107.56536979593345,
                -6.08079015179267
              ],
              [
                107.56536979593345,
                -6.080879983321083
              ],
              [
                107.5672562580301,
                -6.080879983321083
              ],
              [
                107.5672562580301,
                -6.080969814849494
              ],
              [
                107.56761558414374,
                -6.080969814849494
              ],
              [
                107.56761558414374,
                -6.0810596463779065
              ],
              [
                107.56788507872898,
                -6.0810596463779065
              ],
              [
                107.56788507872898,
                -6.081149477906318
              ],
              [
                107.56797491025739,
                -6.081149477906318
              ],
              [
                107.56797491025739,
                -6.08123930943473
              ],
              [
                107.56815457331422,
                -6.08123930943473
              ],
              [
                107.56815457331422,
                -6.081329140963142
              ],
              [
                107.56824440484263,
                -6.081329140963142
              ],
              [
                107.56824440484263,
                -6.081418972491554
              ],
              [
                107.56833423637104,
                -6.081418972491554
              ],
              [
                107.56833423637104,
                -6.081508804019966
              ],
              [
                107.56842406789946,
                -6.081508804019966
              ],
              [
                107.56842406789946,
                -6.0816884670767895
              ],
              [
                107.56851389942787,
                -6.0816884670767895
              ],
              [
                107.56851389942787,
                -6.081868130133614
              ],
              [
                107.56860373095627,
                -6.081868130133614
              ],
              [
                107.56860373095627,
                -6.082047793190438
              ],
              [
                107.56869356248468,
                -6.082047793190438
              ],
              [
                107.56869356248468,
                -6.082317287775673
              ],
              [
                107.5687833940131,
                -6.082317287775673
              ],
              [
                107.5687833940131,
                -6.082407119304086
              ],
              [
                107.56887322554151,
                -6.082407119304086
              ],
              [
                107.56887322554151,
                -6.082496950832497
              ],
              [
                107.56896305706992,
                -6.082496950832497
              ],
              [
                107.56896305706992,
                -6.082676613889321
              ],
              [
                107.56905288859834,
                -6.082676613889321
              ],
              [
                107.56905288859834,
                -6.082766445417733
              ],
              [
                107.56923255165516,
                -6.082766445417733
              ],
              [
                107.56923255165516,
                -6.082856276946146
              ],
              [
                107.56941221471199,
                -6.082856276946146
              ],
              [
                107.56941221471199,
                -6.082946108474557
              ],
              [
                107.5695918777688,
                -6.082946108474557
              ],
              [
                107.5695918777688,
                -6.083035940002969
              ],
              [
                107.56977154082563,
                -6.083035940002969
              ],
              [
                107.56977154082563,
                -6.083125771531381
              ],
              [
                107.56995120388245,
                -6.083125771531381
              ],
              [
                107.56995120388245,
                -6.083215603059793
              ],
              [
                107.57013086693928,
                -6.083215603059793
              ],
              [
                107.57013086693928,
                -6.083305434588205
              ],
              [
                107.5703105299961,
                -6.083305434588205
              ],
              [
                107.5703105299961,
                -6.083395266116617
              ],
              [
                107.57040036152452,
                -6.083395266116617
              ],
              [
                107.57040036152452,
                -6.0834850976450285
              ],
              [
                107.57058002458133,
                -6.0834850976450285
              ],
              [
                107.57058002458133,
                -6.083574929173441
              ],
              [
                107.57066985610975,
                -6.083574929173441
              ],
              [
                107.57066985610975,
                -6.083664760701852
              ],
              [
                107.57084951916657,
                -6.083664760701852
              ],
              [
                107.57084951916657,
                -6.083844423758677
              ],
              [
                107.5710291822234,
                -6.083844423758677
              ],
              [
                107.5710291822234,
                -6.0839342552870885
              ],
              [
                107.57111901375181,
                -6.0839342552870885
              ],
              [
                107.57111901375181,
                -6.084024086815501
              ],
              [
                107.57129867680864,
                -6.084024086815501
              ],
              [
                107.57129867680864,
                -6.084113918343912
              ],
              [
                107.57147833986546,
                -6.084113918343912
              ],
              [
                107.57147833986546,
                -6.084203749872325
              ],
              [
                107.57291564432005,
                -6.084203749872325
              ],
              [
                107.57291564432005,
                -6.084113918343912
              ],
              [
                107.57309530737687,
                -6.084113918343912
              ],
              [
                107.57309530737687,
                -6.084024086815501
              ],
              [
                107.5732749704337,
                -6.084024086815501
              ],
              [
                107.5732749704337,
                -6.0839342552870885
              ],
              [
                107.57354446501893,
                -6.0839342552870885
              ],
              [
                107.57354446501893,
                -6.083844423758677
              ],
              [
                107.57363429654734,
                -6.083844423758677
              ],
              [
                107.57363429654734,
                -6.083754592230265
              ],
              [
                107.57372412807575,
                -6.083754592230265
              ],
              [
                107.57372412807575,
                -6.083664760701852
              ],
              [
                107.57381395960417,
                -6.083664760701852
              ],
              [
                107.57381395960417,
                -6.083574929173441
              ],
              [
                107.57399362266099,
                -6.083574929173441
              ],
              [
                107.57399362266099,
                -6.0834850976450285
              ],
              [
                107.57417328571782,
                -6.0834850976450285
              ],
              [
                107.57417328571782,
                -6.083395266116617
              ],
              [
                107.57435294877465,
                -6.083395266116617
              ],
              [
                107.57435294877465,
                -6.083305434588205
              ],
              [
                107.57462244335987,
                -6.083305434588205
              ],
              [
                107.57462244335987,
                -6.083215603059793
              ],
              [
                107.57525126405876,
                -6.083215603059793
              ],
              [
                107.57525126405876,
                -6.083125771531381
              ],
              [
                107.57579025322923,
                -6.083125771531381
              ],
              [
                107.57579025322923,
                -6.083035940002969
              ],
              [
                107.57605974781447,
                -6.083035940002969
              ],
              [
                107.57605974781447,
                -6.082946108474557
              ],
              [
                107.5762394108713,
                -6.082946108474557
              ],
              [
                107.5762394108713,
                -6.082856276946146
              ],
              [
                107.57641907392812,
                -6.082856276946146
              ],
              [
                107.57641907392812,
                -6.082766445417733
              ],
              [
                107.57659873698493,
                -6.082766445417733
              ],
              [
                107.57659873698493,
                -6.082676613889321
              ],
              [
                107.57668856851335,
                -6.082676613889321
              ],
              [
                107.57668856851335,
                -6.082586782360909
              ],
              [
                107.57677840004176,
                -6.082586782360909
              ],
              [
                107.57677840004176,
                -6.082496950832497
              ],
              [
                107.57695806309859,
                -6.082496950832497
              ],
              [
                107.57695806309859,
                -6.082407119304086
              ],
              [
                107.577047894627,
                -6.082407119304086
              ],
              [
                107.577047894627,
                -6.082317287775673
              ],
              [
                107.57713772615541,
                -6.082317287775673
              ],
              [
                107.57713772615541,
                -6.0821376247188494
              ],
              [
                107.57722755768383,
                -6.0821376247188494
              ],
              [
                107.57722755768383,
                -6.081868130133614
              ],
              [
                107.57731738921224,
                -6.081868130133614
              ],
              [
                107.57731738921224,
                -6.081598635548378
              ],
              [
                107.57740722074065,
                -6.081598635548378
              ],
              [
                107.57740722074065,
                -6.0806104887358465
              ],
              [
                107.57731738921224,
                -6.0806104887358465
              ],
              [
                107.57731738921224,
                -6.080430825679023
              ],
              [
                107.57722755768383,
                -6.080430825679023
              ],
              [
                107.57722755768383,
                -6.08034099415061
              ],
              [
                107.577047894627,
                -6.08034099415061
              ],
              [
                107.577047894627,
                -6.080251162622199
              ],
              [
                107.5756105901724,
                -6.080251162622199
              ],
              [
                107.5756105901724,
                -6.08034099415061
              ],
              [
                107.57543092711559,
                -6.08034099415061
              ],
              [
                107.57543092711559,
                -6.080430825679023
              ],
              [
                107.57525126405876,
                -6.080430825679023
              ],
              [
                107.57525126405876,
                -6.080520657207434
              ],
              [
                107.57507160100194,
                -6.080520657207434
              ],
              [
                107.57507160100194,
                -6.0806104887358465
              ],
              [
                107.57489193794511,
                -6.0806104887358465
              ],
              [
                107.57489193794511,
                -6.080700320264258
              ],
              [
                107.57471227488828,
                -6.080700320264258
              ],
              [
                107.57471227488828,
                -6.08079015179267
              ],
              [
                107.57453261183146,
                -6.08079015179267
              ],
              [
                107.57453261183146,
                -6.080879983321083
              ],
              [
                107.57426311724623,
                -6.080879983321083
              ],
              [
                107.57426311724623,
                -6.080969814849494
              ],
              [
                107.57390379113258,
                -6.080969814849494
              ],
              [
                107.57390379113258,
                -6.0810596463779065
              ],
              [
                107.57354446501893,
                -6.0810596463779065
              ],
              [
                107.57354446501893,
                -6.081149477906318
              ],
              [
                107.5732749704337,
                -6.081149477906318
              ],
              [
                107.5732749704337,
                -6.08123930943473
              ],
              [
                107.572466486678,
                -6.08123930943473
              ],
              [
                107.572466486678,
                -6.081149477906318
              ],
              [
                107.57219699209276,
                -6.081149477906318
              ],
              [
                107.57219699209276,
                -6.0810596463779065
              ],
              [
                107.57201732903593,
                -6.0810596463779065
              ],
              [
                107.57201732903593,
                -6.080969814849494
              ],
              [
                107.57165800292228,
                -6.080969814849494
              ],
              [
                107.57165800292228,
                -6.080879983321083
              ],
              [
                107.57120884528022,
                -6.080879983321083
              ],
              [
                107.57120884528022,
                -6.08079015179267
              ],
              [
                107.5710291822234,
                -6.08079015179267
              ],
              [
                107.5710291822234,
                -6.080700320264258
              ],
              [
                107.57093935069499,
                -6.080700320264258
              ],
              [
                107.57093935069499,
                -6.0806104887358465
              ],
              [
                107.57084951916657,
                -6.0806104887358465
              ],
              [
                107.57084951916657,
                -6.080520657207434
              ],
              [
                107.57075968763816,
                -6.080520657207434
              ],
              [
                107.57075968763816,
                -6.079263015809667
              ],
              [
                107.57058002458133,
                -6.079263015809667
              ],
              [
                107.57058002458133,
                -6.079173184281255
              ],
              [
                107.57049019305293,
                -6.079173184281255
              ],
              [
                107.57049019305293,
                -6.079083352752844
              ],
              [
                107.5703105299961,
                -6.079083352752844
              ],
              [
                107.5703105299961,
                -6.078993521224431
              ],
              [
                107.57013086693928,
                -6.078993521224431
              ],
              [
                107.57013086693928,
                -6.078903689696019
              ],
              [
                107.56986137235404,
                -6.078903689696019
              ],
              [
                107.56986137235404,
                -6.078813858167607
              ],
              [
                107.5695020462404,
                -6.078813858167607
              ],
              [
                107.5695020462404,
                -6.078724026639195
              ],
              [
                107.56914272012675,
                -6.078724026639195
              ],
              [
                107.56914272012675,
                -6.078634195110784
              ],
              [
                107.56896305706992,
                -6.078634195110784
              ],
              [
                107.56896305706992,
                -6.078544363582371
              ],
              [
                107.5687833940131,
                -6.078544363582371
              ],
              [
                107.5687833940131,
                -6.07845453205396
              ],
              [
                107.56860373095627,
                -6.07845453205396
              ],
              [
                107.56860373095627,
                -6.0783647005255474
              ],
              [
                107.56833423637104,
                -6.0783647005255474
              ],
              [
                107.56833423637104,
                -6.078274868997136
              ],
              [
                107.56779524720056,
                -6.078274868997136
              ],
              [
                107.56779524720056,
                -6.078185037468724
              ],
              [
                107.56707659497327,
                -6.078185037468724
              ],
              [
                107.56707659497327,
                -6.078095205940312
              ],
              [
                107.56689693191645,
                -6.078095205940312
              ],
              [
                107.56689693191645,
                -6.0780053744119
              ],
              [
                107.56671726885962,
                -6.0780053744119
              ],
              [
                107.56671726885962,
                -6.077825711355076
              ],
              [
                107.5666274373312,
                -6.077825711355076
              ],
              [
                107.5666274373312,
                -6.077735879826664
              ],
              [
                107.5664477742744,
                -6.077735879826664
              ],
              [
                107.5664477742744,
                -6.077646048298252
              ],
              [
                107.56635794274598,
                -6.077646048298252
              ],
              [
                107.56635794274598,
                -6.07755621676984
              ],
              [
                107.56626811121757,
                -6.07755621676984
              ],
              [
                107.56626811121757,
                -6.077466385241428
              ],
              [
                107.56617827968915,
                -6.077466385241428
              ],
              [
                107.56617827968915,
                -6.077376553713016
              ],
              [
                107.56599861663233,
                -6.077376553713016
              ],
              [
                107.56599861663233,
                -6.0772867221846045
              ],
              [
                107.56572912204709,
                -6.0772867221846045
              ],
              [
                107.56572912204709,
                -6.077196890656192
              ],
              [
                107.56554945899028,
                -6.077196890656192
              ],
              [
                107.56554945899028,
                -6.077107059127781
              ],
              [
                107.56536979593345,
                -6.077107059127781
              ],
              [
                107.56536979593345,
                -6.077017227599368
              ],
              [
                107.56492063829138,
                -6.077017227599368
              ],
              [
                107.56492063829138,
                -6.077107059127781
              ],
              [
                107.56375282842203,
                -6.077107059127781
              ],
              [
                107.56375282842203,
                -6.077196890656192
              ],
              [
                107.5634833338368,
                -6.077196890656192
              ],
              [
                107.5634833338368,
                -6.0772867221846045
              ],
              [
                107.56303417619473,
                -6.0772867221846045
              ],
              [
                107.56303417619473,
                -6.077376553713016
              ],
              [
                107.56267485008108,
                -6.077376553713016
              ],
              [
                107.56267485008108,
                -6.0772867221846045
              ],
              [
                107.56240535549586,
                -6.0772867221846045
              ],
              [
                107.56240535549586,
                -6.077196890656192
              ],
              [
                107.56231552396744,
                -6.077196890656192
              ],
              [
                107.56231552396744,
                -6.077107059127781
              ],
              [
                107.56222569243903,
                -6.077107059127781
              ],
              [
                107.56222569243903,
                -6.077017227599368
              ],
              [
                107.56213586091062,
                -6.077017227599368
              ],
              [
                107.56213586091062,
                -6.076927396070956
              ],
              [
                107.5620460293822,
                -6.076927396070956
              ],
              [
                107.5620460293822,
                -6.076747733014132
              ],
              [
                107.56195619785379,
                -6.076747733014132
              ],
              [
                107.56195619785379,
                -6.076657901485721
              ],
              [
                107.56186636632538,
                -6.076657901485721
              ],
              [
                107.56186636632538,
                -6.076478238428897
              ],
              [
                107.56177653479696,
                -6.076478238428897
              ],
              [
                107.56177653479696,
                -6.0763884069004845
              ],
              [
                107.56168670326855,
                -6.0763884069004845
              ],
              [
                107.56168670326855,
                -6.076208743843661
              ],
              [
                107.56159687174015,
                -6.076208743843661
              ],
              [
                107.56159687174015,
                -6.076118912315248
              ],
              [
                107.56150704021174,
                -6.076118912315248
              ],
              [
                107.56150704021174,
                -6.076029080786837
              ],
              [
                107.56141720868332,
                -6.076029080786837
              ],
              [
                107.56141720868332,
                -6.0759392492584245
              ],
              [
                107.5612375456265,
                -6.0759392492584245
              ],
              [
                107.5612375456265,
                -6.075849417730013
              ],
              [
                107.56105788256967,
                -6.075849417730013
              ],
              [
                107.56105788256967,
                -6.075759586201601
              ],
              [
                107.56096805104126,
                -6.075759586201601
              ],
              [
                107.56096805104126,
                -6.075669754673189
              ],
              [
                107.56078838798443,
                -6.075669754673189
              ],
              [
                107.56078838798443,
                -6.075579923144777
              ],
              [
                107.56060872492762,
                -6.075579923144777
              ],
              [
                107.56060872492762,
                -6.075490091616365
              ],
              [
                107.5605188933992,
                -6.075490091616365
              ],
              [
                107.5605188933992,
                -6.075400260087953
              ],
              [
                107.56033923034238,
                -6.075400260087953
              ],
              [
                107.56033923034238,
                -6.075310428559542
              ],
              [
                107.56024939881397,
                -6.075310428559542
              ],
              [
                107.56024939881397,
                -6.075220597031129
              ],
              [
                107.56015956728555,
                -6.075220597031129
              ],
              [
                107.56015956728555,
                -6.075130765502717
              ],
              [
                107.55989007270031,
                -6.075130765502717
              ],
              [
                107.55989007270031,
                -6.0750409339743054
              ],
              [
                107.55935108352985,
                -6.0750409339743054
              ]
            ],
            [
              [
                107.54659500649535,
                -6.0816884670767895
              ],
              [
                107.54686450108058,
                -6.0816884670767895
              ],
              [
                107.54686450108058,
                -6.081778298605202
              ],
              [
                107.54713399566582,
                -6.081778298605202
              ],
              [
                107.54713399566582,
                -6.081868130133614
              ],
              [
                107.54722382719423,
                -6.081868130133614
              ],
              [
                107.54722382719423,
                -6.081957961662026
              ],
              [
                107.54713399566582,
                -6.081957961662026
              ],
              [
                107.54713399566582,
                -6.082047793190438
              ],
              [
                107.5470441641374,
                -6.082047793190438
              ],
              [
                107.5470441641374,
                -6.082227456247262
              ],
              [
                107.54641534343853,
                -6.082227456247262
              ],
              [
                107.54641534343853,
                -6.0821376247188494
              ],
              [
                107.54632551191011,
                -6.0821376247188494
              ],
              [
                107.54632551191011,
                -6.082047793190438
              ],
              [
                107.5462356803817,
                -6.082047793190438
              ],
              [
                107.5462356803817,
                -6.081957961662026
              ],
              [
                107.54614584885329,
                -6.081957961662026
              ],
              [
                107.54614584885329,
                -6.081868130133614
              ],
              [
                107.5462356803817,
                -6.081868130133614
              ],
              [
                107.5462356803817,
                -6.081778298605202
              ],
              [
                107.54659500649535,
                -6.081778298605202
              ],
              [
                107.54659500649535,
                -6.0816884670767895
              ]
            ],
            [
              [
                107.59824813533223,
                -6.090042799219101
              ],
              [
                107.59878712450269,
                -6.090042799219101
              ],
              [
                107.59878712450269,
                -6.090132630747513
              ],
              [
                107.5988769560311,
                -6.090132630747513
              ],
              [
                107.5988769560311,
                -6.090761451446397
              ],
              [
                107.59878712450269,
                -6.090761451446397
              ],
              [
                107.59878712450269,
                -6.090851282974809
              ],
              [
                107.59860746144587,
                -6.090851282974809
              ],
              [
                107.59860746144587,
                -6.090941114503221
              ],
              [
                107.59833796686063,
                -6.090941114503221
              ],
              [
                107.59833796686063,
                -6.090851282974809
              ],
              [
                107.59824813533223,
                -6.090851282974809
              ],
              [
                107.59824813533223,
                -6.090671619917985
              ],
              [
                107.59815830380381,
                -6.090671619917985
              ],
              [
                107.59815830380381,
                -6.090581788389573
              ],
              [
                107.5980684722754,
                -6.090581788389573
              ],
              [
                107.5980684722754,
                -6.090312293804337
              ],
              [
                107.59815830380381,
                -6.090312293804337
              ],
              [
                107.59815830380381,
                -6.090132630747513
              ],
              [
                107.59824813533223,
                -6.090132630747513
              ],
              [
                107.59824813533223,
                -6.090042799219101
              ]
            ]
          ]
        },
        "properties": {
          "area_km2": 9.179
        }
      }
    ]
  },
  "ais_tracks": {
    "type": "FeatureCollection",
    "features": []
  },
  "zones": {
    "type": "FeatureCollection",
    "features": []
  }
}