{
  "ships": {
    "type": "FeatureCollection",
    "features": [
      {
        "type": "Feature",
        "geometry": {
          "type": "Polygon",
          "coordinates": [
            [
              [
                103.91399591346675,
                1.2825337528500884
              ],
              [
                103.91627130169934,
                1.2825337528500884
              ],
              [
                103.91627130169934,
                1.2816983379183804
              ],
              [
                103.91399591346675,
                1.2816983379183804
              ],
              [
                103.91399591346675,
                1.2825337528500884
              ]
            ]
          ]
        },
        "properties": {
          "matched": true,
          "mmsi": "SYNTH000000",
          "type": "cargo",
          "confidence": 0.8932492136955261
        }
      },
      {
        "type": "Feature",
        "geometry": {
          "type": "Polygon",
          "coordinates": [
            [
              [
                103.90011620554179,
                1.273317086996584
              ],
              [
                103.90191327136182,
                1.273317086996584
              ],
              [
                103.90191327136182,
                1.2724971553940374
              ],
              [
                103.90011620554179,
                1.2724971553940374
              ],
              [
                103.90011620554179,
                1.273317086996584
              ]
            ]
          ]
        },
        "properties": {
          "matched": true,
          "mmsi": "SYNTH000001",
          "type": "cargo",
          "confidence": 0.8845754861831665
        }
      },
      {
        "type": "Feature",
        "geometry": {
          "type": "Polygon",
          "coordinates": [
            [
              [
                103.9197842726086,
                1.2835632878776437
              ],
              [
                103.92172015727697,
                1.2835632878776437
              ],
              [
                103.92172015727697,
                1.2826153354357965
              ],
              [
                103.9197842726086,
                1.2826153354357965
              ],
              [
                103.9197842726086,
                1.2835632878776437
              ]
            ]
          ]
        },
        "properties": {
          "matched": true,
          "mmsi": "SYNTH000002",
          "type": "cargo",
          "confidence": 0.8669514060020447
        }
      },
      {
        "type": "Feature",
        "geometry": {
          "type": "Polygon",
          "coordinates": [
            [
              [
                103.91597126154615,
                1.2596632501882343
              ],
              [
                103.91827477097455,
                1.2596632501882343
              ],
              [
                103.91827477097455,
                1.2587235196320767
              ],
              [
                103.91597126154615,
                1.2587235196320767
              ],
              [
                103.91597126154615,
                1.2596632501882343
              ]
            ]
          ]
        },
        "properties": {
          "matched": true,
          "mmsi": "SYNTH000003",
          "type": "cargo",
          "confidence": 0.8628405928611755
        }
      },
      {
        "type": "Feature",
        "geometry": {
          "type": "Polygon",
          "coordinates": [
            [
              [
                103.9056669871197,
                1.2738377470566213
              ],
              [
                103.90808436380235,
                1.2738377470566213
              ],
              [
                103.90808436380235,
                1.2729950008606927
              ],
              [
                103.9056669871197,
                1.2729950008606927
              ],
              [
                103.9056669871197,
                1.2738377470566213
              ]
            ]
          ]
        },
        "properties": {
          "matched": true,
          "mmsi": "SYNTH000004",
          "type": "cargo",
          "confidence": 0.8626343011856079
        }
      },
      {
        "type": "Feature",
        "geometry": {
          "type": "Polygon",
          "coordinates": [
            [
              [
                103.91510609668441,
                1.2767370097917894
              ],
              [
                103.91825560189966,
                1.2767370097917894
              ],
              [
                103.91825560189966,
                1.2758786208355186
              ],
              [
                103.91510609668441,
                1.2758786208355186
              ],
              [
                103.91510609668441,
                1.2767370097917894
              ]
            ]
          ]
        },
        "properties": {
          "matched": true,
          "mmsi": "SYNTH000005",
          "type": "cargo",
          "confidence": 0.8510977029800415
        }
      },
      {
        "type": "Feature",
        "geometry": {
          "type": "Polygon",
          "coordinates": [
            [
              [
                103.89307341032347,
                1.2620797298763275
              ],
              [
                103.89541039431626,
                1.2620797298763275
              ],
              [
                103.89541039431626,
                1.2612335514123598
              ],
              [
                103.89307341032347,
                1.2612335514123598
              ],
              [
                103.89307341032347,
                1.2620797298763275
              ]
            ]
          ]
        },
        "properties": {
          "matched": true,
          "mmsi": "SYNTH000006",
          "type": "cargo",
          "confidence": 0.8509947061538696
        }
      },
      {
        "type": "Feature",
        "geometry": {
          "type": "Polygon",
          "coordinates": [
            [
              [
                103.90144738540923,
                1.2645064852911765
              ],
              [
                103.90366351468896,
                1.2645064852911765
              ],
              [
                103.90366351468896,
                1.2635074127533277
              ],
              [
                103.90144738540923,
                1.2635074127533277
              ],
              [
                103.90144738540923,
                1.2645064852911765
              ]
            ]
          ]
        },
        "properties": {
          "matched": true,
          "mmsi": "SYNTH000007",
          "type": "cargo",
          "confidence": 0.8472381234169006
        }
      },
      {
        "type": "Feature",
        "geometry": {
          "type": "Polygon",
          "coordinates": [
            [
              [
                103.88424153931248,
                1.264542476297598
              ],
              [
                103.88658334642327,
                1.264542476297598
              ],
              [
                103.88658334642327,
                1.2636006258464565
              ],
              [
                103.88424153931248,
                1.2636006258464565
              ],
              [
                103.88424153931248,
                1.264542476297598
              ]
            ]
          ]
        },
        "properties": {
          "matched": true,
          "mmsi": "SYNTH000008",
          "type": "cargo",
          "confidence": 0.8283188939094543
        }
      },
      {
        "type": "Feature",
        "geometry": {
          "type": "Polygon",
          "coordinates": [
            [
              [
                103.89575221853967,
                1.2795309127660688
              ],
              [
                103.89809326563868,
                1.2795309127660688
              ],
              [
                103.89809326563868,
                1.2786075886293315
              ],
              [
                103.89575221853967,
                1.2786075886293315
              ],
              [
                103.89575221853967,
                1.2795309127660688
              ]
            ]
          ]
        },
        "properties": {
          "matched": true,
          "mmsi": "SYNTH000009",
          "type": "cargo",
          "confidence": 0.8257036805152893
        }
      },
      {
        "type": "Feature",
        "geometry": {
          "type": "Polygon",
          "coordinates": [
            [
              [
                103.8907291104311,
                1.2771875457005188
              ],
              [
                103.89288077453838,
                1.2771875457005188
              ],
              [
                103.89288077453838,
                1.2762200048978698
              ],
              [
                103.8907291104311,
                1.2762200048978698
              ],
              [
                103.8907291104311,
                1.2771875457005188
              ]
            ]
          ]
        },
        "properties": {
          "matched": true,
          "mmsi": "SYNTH000010",
          "type": "cargo",
          "confidence": 0.8237185478210449
        }
      },
      {
        "type": "Feature",
        "geometry": {
          "type": "Polygon",
          "coordinates": [
            [
              [
                103.88179053699554,
                1.2585971625004064
              ],
              [
                103.88384302095514,
                1.2585971625004064
              ],
              [
                103.88384302095514,
                1.257730955333741
              ],
              [
                103.88179053699554,
                1.257730955333741
              ],
              [
                103.88179053699554,
                1.2585971625004064
              ]
            ]
          ]
        },
        "properties": {
          "matched": true,
          "mmsi": "SYNTH000011",
          "type": "cargo",
          "confidence": 0.8199693560600281
        }
      },
      {
        "type": "Feature",
        "geometry": {
          "type": "Polygon",
          "coordinates": [
            [
              [
                103.9006807953831,
                1.2583102772409545
              ],
              [
                103.90274604866718,
                1.2583102772409545
              ],
              [
                103.90274604866718,
                1.257405501435716
              ],
              [
                103.9006807953831,
                1.257405501435716
              ],
              [
                103.9006807953831,
                1.2583102772409545
              ]
            ]
          ]
        },
        "properties": {
          "matched": true,
          "mmsi": "SYNTH000012",
          "type": "cargo",
          "confidence": 0.8067137598991394
        }
      },
      {
        "type": "Feature",
        "geometry": {
          "type": "Polygon",
          "coordinates": [
            [
              [
                103.91326300643479,
                1.288834795359939
              ],
              [
                103.91506008317123,
                1.288834795359939
              ],
              [
                103.91506008317123,
                1.2881161464199462
              ],
              [
                103.91326300643479,
                1.2881161464199462
              ],
              [
                103.91326300643479,
                1.288834795359939
              ]
            ]
          ]
        },
        "properties": {
          "matched": true,
          "mmsi": "SYNTH000013",
          "type": "cargo",
          "confidence": 0.8031789064407349
        }
      },
      {
        "type": "Feature",
        "geometry": {
          "type": "Polygon",
          "coordinates": [
            [
              [
                103.91585279035725,
                1.265636947313169
              ],
              [
                103.91844518149868,
                1.265636947313169
              ],
              [
                103.91844518149868,
                1.2646372137484585
              ],
              [
                103.91585279035725,
                1.2646372137484585
              ],
              [
                103.91585279035725,
                1.265636947313169
              ]
            ]
          ]
        },
        "properties": {
          "matched": true,
          "mmsi": "SYNTH000014",
          "type": "cargo",
          "confidence": 0.7958089709281921
        }
      },
      {
        "type": "Feature",
        "geometry": {
          "type": "Polygon",
          "coordinates": [
            [
              [
                103.81824508243653,
                1.2244426651684093
              ],
              [
                103.82004211487299,
                1.2244426651684093
              ],
              [
                103.82004211487299,
                1.2236939194595118
              ],
              [
                103.81824508243653,
                1.2236939194595118
              ],
              [
                103.81824508243653,
                1.2244426651684093
              ]
            ]
          ]
        },
        "properties": {
          "matched": true,
          "mmsi": "SYNTH000015",
          "type": "cargo",
          "confidence": 0.7928537130355835
        }
      },
      {
        "type": "Feature",
        "geometry": {
          "type": "Polygon",
          "coordinates": [
            [
              [
                103.87492319200041,
                1.3050930587591512
              ],
              [
                103.87672028027876,
                1.3050930587591512
              ],
              [
                103.87672028027876,
                1.3043744098191583
              ],
              [
                103.87492319200041,
                1.3043744098191583
              ],
              [
                103.87492319200041,
                1.3050930587591512
              ]
            ]
          ]
        },
        "properties": {
          "matched": true,
          "mmsi": "SYNTH000016",
          "type": "cargo",
          "confidence": 0.7793979644775391
        }
      },
      {
        "type": "Feature",
        "geometry": {
          "type": "Polygon",
          "coordinates": [
            [
              [
                103.81361146615058,
                1.2237309338756728
              ],
              [
                103.81568197690959,
                1.2237309338756728
              ],
              [
                103.81568197690959,
                1.2228681576063323
              ],
              [
                103.81361146615058,
                1.2228681576063323
              ],
              [
                103.81361146615058,
                1.2237309338756728
              ]
            ]
          ]
        },
        "properties": {
          "matched": true,
          "mmsi": "SYNTH000017",
          "type": "cargo",
          "confidence": 0.7782868146896362
        }
      },
      {
        "type": "Feature",
        "geometry": {
          "type": "Polygon",
          "coordinates": [
            [
              [
                103.87912724518857,
                1.26662079285358
              ],
              [
                103.88092430637697,
                1.26662079285358
              ],
              [
                103.88092430637697,
                1.265866928041637
              ],
              [
                103.87912724518857,
                1.265866928041637
              ],
              [
                103.87912724518857,
                1.26662079285358
              ]
            ]
          ]
        },
        "properties": {
          "matched": true,
          "mmsi": "SYNTH000018",
          "type": "cargo",
          "confidence": 0.7325934767723083
        }
      },
      {
        "type": "Feature",
        "geometry": {
          "type": "Polygon",
          "coordinates": [
            [
              [
                103.89342526992361,
                1.2711341423075018
              ],
              [
                103.89550425185011,
                1.2711341423075018
              ],
              [
                103.89550425185011,
                1.2703416715050273
              ],
              [
                103.89342526992361,
                1.2703416715050273
              ],
              [
                103.89342526992361,
                1.2711341423075018
              ]
            ]
          ]
        },
        "properties": {
          "matched": true,
          "mmsi": "SYNTH000019",
          "type": "cargo",
          "confidence": 0.7220253348350525
        }
      },
      {
        "type": "Feature",
        "geometry": {
          "type": "Polygon",
          "coordinates": [
            [
              [
                103.88625428276616,
                1.277011528409891
              ],
              [
                103.88823805297393,
                1.277011528409891
              ],
              [
                103.88823805297393,
                1.276246838469225
              ],
              [
                103.88625428276616,
                1.276246838469225
              ],
              [
                103.88625428276616,
                1.277011528409891
              ]
            ]
          ]
        },
        "properties": {
          "matched": true,
          "mmsi": "SYNTH000020",
          "type": "cargo",
          "confidence": 0.7164934277534485
        }
      },
      {
        "type": "Feature",
        "geometry": {
          "type": "Polygon",
          "coordinates": [
            [
              [
                103.92048260070194,
                1.290979268435455
              ],
              [
                103.92227967893089,
                1.290979268435455
              ],
              [
                103.92227967893089,
                1.2901995451025219
              ],
              [
                103.92048260070194,
                1.2901995451025219
              ],
              [
                103.92048260070194,
                1.290979268435455
              ]
            ]
          ]
        },
        "properties": {
          "matched": true,
          "mmsi": "SYNTH000021",
          "type": "cargo",
          "confidence": 0.7069870233535767
        }
      },
      {
        "type": "Feature",
        "geometry": {
          "type": "Polygon",
          "coordinates": [
            [
              [
                103.80491854681028,
                1.237570289111802
              ],
              [
                103.80671558806134,
                1.237570289111802
              ],
              [
                103.80671558806134,
                1.236732063873565
              ],
              [
                103.80491854681028,
                1.236732063873565
              ],
              [
                103.80491854681028,
                1.237570289111802
              ]
            ]
          ]
        },
        "properties": {
          "matched": true,
          "mmsi": "SYNTH000022",
          "type": "cargo",
          "confidence": 0.6973740458488464
        }
      },
      {
        "type": "Feature",
        "geometry": {
          "type": "Polygon",
          "coordinates": [
            [
              [
                103.87408582940618,
                1.2615272385430012
              ],
              [
                103.87627976124732,
                1.2615272385430012
              ],
              [
                103.87627976124732,
                1.2607887888671947
              ],
              [
                103.87408582940618,
                1.2607887888671947
              ],
              [
                103.87408582940618,
                1.2615272385430012
              ]
            ]
          ]
        },
        "properties": {
          "matched": true,
          "mmsi": "SYNTH000023",
          "type": "cargo",
          "confidence": 0.6415725350379944
        }
      },
      {
        "type": "Feature",
        "geometry": {
          "type": "Polygon",
          "coordinates": [
            [
              [
                103.80212105717746,
                1.2217922024899468
              ],
              [
                103.80391808784591,
                1.2217922024899468
              ],
              [
                103.80391808784591,
                1.2210623880557927
              ],
              [
                103.80212105717746,
                1.2210623880557927
              ],
              [
                103.80212105717746,
                1.2217922024899468
              ]
            ]
          ]
        },
        "properties": {
          "matched": true,
          "mmsi": "SYNTH000024",
          "type": "cargo",
          "confidence": 0.6120739579200745
        }
      },
      {
        "type": "Feature",
        "geometry": {
          "type": "Polygon",
          "coordinates": [
            [
              [
                103.88400447121283,
                1.2709071291288299
              ],
              [
                103.8865970021849,
                1.2709071291288299
              ],
              [
                103.8865970021849,
                1.2699455990787312
              ],
              [
                103.88400447121283,
                1.2699455990787312
              ],
              [
                103.88400447121283,
                1.2709071291288299
              ]
            ]
          ]
        },
        "properties": {
          "matched": true,
          "mmsi": "SYNTH000025",
          "type": "cargo",
          "confidence": 0.5781908631324768
        }
      },
      {
        "type": "Feature",
        "geometry": {
          "type": "Polygon",
          "coordinates": [
            [
              [
                103.83790469145193,
                1.2788905030091346
              ],
              [
                103.83970176120017,
                1.2788905030091346
              ],
              [
                103.83970176120017,
                1.2781718540691418
              ],
              [
                103.83790469145193,
                1.2781718540691418
              ],
              [
                103.83790469145193,
                1.2788905030091346
              ]
            ]
          ]
        },
        "properties": {
          "matched": true,
          "mmsi": "SYNTH000026",
          "type": "cargo",
          "confidence": 0.5737637877464294
        }
      },
      {
        "type": "Feature",
        "geometry": {
          "type": "Polygon",
          "coordinates": [
            [
              [
                103.80961553284955,
                1.2359311196593368
              ],
              [
                103.81143265999323,
                1.2359311196593368
              ],
              [
                103.81143265999323,
                1.2350937093962864
              ],
              [
                103.80961553284955,
                1.2350937093962864
              ],
              [
                103.80961553284955,
                1.2359311196593368
              ]
            ]
          ]
        },
        "properties": {
          "matched": true,
          "mmsi": "SYNTH000027",
          "type": "cargo",
          "confidence": 0.5689907073974609
        }
      },
      {
        "type": "Feature",
        "geometry": {
          "type": "Polygon",
          "coordinates": [
            [
              [
                103.8882598470518,
                1.2729003701246895
              ],
              [
                103.89010409652197,
                1.2729003701246895
              ],
              [
                103.89010409652197,
                1.2721817211846966
              ],
              [
                103.8882598470518,
                1.2721817211846966
              ],
              [
                103.8882598470518,
                1.2729003701246895
              ]
            ]
          ]
        },
        "properties": {
          "matched": true,
          "mmsi": "SYNTH000028",
          "type": "cargo",
          "confidence": 0.5559403896331787
        }
      },
      {
        "type": "Feature",
        "geometry": {
          "type": "Polygon",
          "coordinates": [
            [
              [
                103.87430910226246,
                1.3053308321342048
              ],
              [
                103.87610619071069,
                1.3053308321342048
              ],
              [
                103.87610619071069,
                1.304612183194212
              ],
              [
                103.87430910226246,
                1.304612183194212
              ],
              [
                103.87430910226246,
                1.3053308321342048
              ]
            ]
          ]
        },
        "properties": {
          "matched": true,
          "mmsi": "SYNTH000029",
          "type": "cargo",
          "confidence": 0.541493833065033
        }
      },
      {
        "type": "Feature",
        "geometry": {
          "type": "Polygon",
          "coordinates": [
            [
              [
                103.87924698826718,
                1.261553410051646
              ],
              [
                103.88104404596167,
                1.261553410051646
              ],
              [
                103.88104404596167,
                1.260834761111653
              ],
              [
                103.87924698826718,
                1.260834761111653
              ],
              [
                103.87924698826718,
                1.261553410051646
              ]
            ]
          ]
        },
        "properties": {
          "matched": true,
          "mmsi": "SYNTH000030",
          "type": "cargo",
          "confidence": 0.5150386095046997
        }
      },
      {
        "type": "Feature",
        "geometry": {
          "type": "Polygon",
          "coordinates": [
            [
              [
                103.86219680261206,
                1.2562495310484645
              ],
              [
                103.86399385665189,
                1.2562495310484645
              ],
              [
                103.86399385665189,
                1.2555308821084716
              ],
              [
                103.86219680261206,
                1.2555308821084716
              ],
              [
                103.86219680261206,
                1.2562495310484645
              ]
            ]
          ]
        },
        "properties": {
          "matched": true,
          "mmsi": "SYNTH000031",
          "type": "cargo",
          "confidence": 0.5036260485649109
        }
      },
      {
        "type": "Feature",
        "geometry": {
          "type": "Polygon",
          "coordinates": [
            [
              [
                103.90854144231429,
                1.2653508207931587
              ],
              [
                103.91033850263489,
                1.2653508207931587
              ],
              [
                103.91033850263489,
                1.264632171853166
              ],
              [
                103.90854144231429,
                1.264632171853166
              ],
              [
                103.90854144231429,
                1.2653508207931587
              ]
            ]
          ]
        },
        "properties": {
          "matched": true,
          "mmsi": "SYNTH000032",
          "type": "cargo",
          "confidence": 0.4843195378780365
        }
      },
      {
        "type": "Feature",
        "geometry": {
          "type": "Polygon",
          "coordinates": [
            [
              [
                103.91093383219282,
                1.2562869407480712
              ],
              [
                103.91273088625837,
                1.2562869407480712
              ],
              [
                103.91273088625837,
                1.2555682918080784
              ],
              [
                103.91093383219282,
                1.2555682918080784
              ],
              [
                103.91093383219282,
                1.2562869407480712
              ]
            ]
          ]
        },
        "properties": {
          "matched": true,
          "mmsi": "SYNTH000033",
          "type": "cargo",
          "confidence": 0.4825918674468994
        }
      },
      {
        "type": "Feature",
        "geometry": {
          "type": "Polygon",
          "coordinates": [
            [
              [
                103.88941689162495,
                1.2966978928578157
              ],
              [
                103.89121397392539,
                1.2966978928578157
              ],
              [
                103.89121397392539,
                1.2959792439178228
              ],
              [
                103.88941689162495,
                1.2959792439178228
              ],
              [
                103.88941689162495,
                1.2966978928578157
              ]
            ]
          ]
        },
        "properties": {
          "matched": true,
          "mmsi": "SYNTH000034",
          "type": "cargo",
          "confidence": 0.47407108545303345
        }
      },
      {
        "type": "Feature",
        "geometry": {
          "type": "Polygon",
          "coordinates": [
            [
              [
                103.87355686756752,
                1.25680356927264
              ],
              [
                103.87552438279735,
                1.25680356927264
              ],
              [
                103.87552438279735,
                1.256010323160018
              ],
              [
                103.87355686756752,
                1.256010323160018
              ],
              [
                103.87355686756752,
                1.25680356927264
              ]
            ]
          ]
        },
        "properties": {
          "matched": true,
          "mmsi": "SYNTH000035",
          "type": "cargo",
          "confidence": 0.46407097578048706
        }
      },
      {
        "type": "Feature",
        "geometry": {
          "type": "Polygon",
          "coordinates": [
            [
              [
                103.87517912446246,
                1.2688137606710144
              ],
              [
                103.87697618712936,
                1.2688137606710144
              ],
              [
                103.87697618712936,
                1.2679356668432455
              ],
              [
                103.87517912446246,
                1.2679356668432455
              ],
              [
                103.87517912446246,
                1.2688137606710144
              ]
            ]
          ]
        },
        "properties": {
          "matched": true,
          "mmsi": "SYNTH000036",
          "type": "cargo",
          "confidence": 0.45782172679901123
        }
      },
      {
        "type": "Feature",
        "geometry": {
          "type": "Polygon",
          "coordinates": [
            [
              [
                103.79628543000607,
                1.2355429443090846
              ],
              [
                103.79808246992548,
                1.2355429443090846
              ],
              [
                103.79808246992548,
                1.2348242953690918
              ],
              [
                103.79628543000607,
                1.2348242953690918
              ],
              [
                103.79628543000607,
                1.2355429443090846
              ]
            ]
          ]
        },
        "properties": {
          "matched": true,
          "mmsi": "SYNTH000037",
          "type": "cargo",
          "confidence": 0.4495753347873688
        }
      },
      {
        "type": "Feature",
        "geometry": {
          "type": "Polygon",
          "coordinates": [
            [
              [
                103.8386035340446,
                1.2788454145341652
              ],
              [
                103.8404006037613,
                1.2788454145341652
              ],
              [
                103.8404006037613,
                1.2781267655941724
              ],
              [
                103.8386035340446,
                1.2781267655941724
              ],
              [
                103.8386035340446,
                1.2788454145341652
              ]
            ]
          ]
        },
        "properties": {
          "matched": true,
          "mmsi": "SYNTH000038",
          "type": "cargo",
          "confidence": 0.43100255727767944
        }
      },
      {
        "type": "Feature",
        "geometry": {
          "type": "Polygon",
          "coordinates": [
            [
              [
                103.92061052819002,
                1.2569151199498343
              ],
              [
                103.92240758268764,
                1.2569151199498343
              ],
              [
                103.92240758268764,
                1.2561964710098414
              ],
              [
                103.92061052819002,
                1.2561964710098414
              ],
              [
                103.92061052819002,
                1.2569151199498343
              ]
            ]
          ]
        },
        "properties": {
          "matched": true,
          "mmsi": "SYNTH000039",
          "type": "cargo",
          "confidence": 0.422088623046875
        }
      },
      {
        "type": "Feature",
        "geometry": {
          "type": "Polygon",
          "coordinates": [
            [
              [
                103.84285529155952,
                1.2523437360786944
              ],
              [
                103.8446523429179,
                1.2523437360786944
              ],
              [
                103.8446523429179,
                1.2516250871387016
              ],
              [
                103.84285529155952,
                1.2516250871387016
              ],
              [
                103.84285529155952,
                1.2523437360786944
              ]
            ]
          ]
        },
        "properties": {
          "matched": true,
          "mmsi": "SYNTH000040",
          "type": "cargo",
          "confidence": 0.41937530040740967
        }
      },
      {
        "type": "Feature",
        "geometry": {
          "type": "Polygon",
          "coordinates": [
            [
              [
                103.91794948041226,
                1.2879438751120713
              ],
              [
                103.91974655652041,
                1.2879438751120713
              ],
              [
                103.91974655652041,
                1.2872252261720785
              ],
              [
                103.91794948041226,
                1.2872252261720785
              ],
              [
                103.91794948041226,
                1.2879438751120713
              ]
            ]
          ]
        },
        "properties": {
          "matched": true,
          "mmsi": "SYNTH000041",
          "type": "cargo",
          "confidence": 0.4033064544200897
        }
      },
      {
        "type": "Feature",
        "geometry": {
          "type": "Polygon",
          "coordinates": [
            [
              [
                103.82831158720413,
                1.2770566738322218
              ],
              [
                103.83010865566959,
                1.2770566738322218
              ],
              [
                103.83010865566959,
                1.276338024892229
              ],
              [
                103.82831158720413,
                1.276338024892229
              ],
              [
                103.82831158720413,
                1.2770566738322218
              ]
            ]
          ]
        },
        "properties": {
          "matched": true,
          "mmsi": "SYNTH000042",
          "type": "cargo",
          "confidence": 0.3903881013393402
        }
      },
      {
        "type": "Feature",
        "geometry": {
          "type": "Polygon",
          "coordinates": [
            [
              [
                103.84248662532485,
                1.252438822263542
              ],
              [
                103.8442836767484,
                1.252438822263542
              ],
              [
                103.8442836767484,
                1.2517201733235492
              ],
              [
                103.84248662532485,
                1.2517201733235492
              ],
              [
                103.84248662532485,
                1.252438822263542
              ]
            ]
          ]
        },
        "properties": {
          "matched": true,
          "mmsi": "SYNTH000043",
          "type": "cargo",
          "confidence": 0.37841424345970154
        }
      },
      {
        "type": "Feature",
        "geometry": {
          "type": "Polygon",
          "coordinates": [
            [
              [
                103.82780352762451,
                1.2771377163017932
              ],
              [
                103.82960059614665,
                1.2771377163017932
              ],
              [
                103.82960059614665,
                1.2764190673618003
              ],
              [
                103.82780352762451,
                1.2764190673618003
              ],
              [
                103.82780352762451,
                1.2771377163017932
              ]
            ]
          ]
        },
        "properties": {
          "matched": true,
          "mmsi": "SYNTH000044",
          "type": "cargo",
          "confidence": 0.3402242064476013
        }
      },
      {
        "type": "Feature",
        "geometry": {
          "type": "Polygon",
          "coordinates": [
            [
              [
                103.78773753029621,
                1.2594091944461987
              ],
              [
                103.78953458651138,
                1.2594091944461987
              ],
              [
                103.78953458651138,
                1.2586905455062058
              ],
              [
                103.78773753029621,
                1.2586905455062058
              ],
              [
                103.78773753029621,
                1.2594091944461987
              ]
            ]
          ]
        },
        "properties": {
          "matched": true,
          "mmsi": "SYNTH000045",
          "type": "cargo",
          "confidence": 0.3036648631095886
        }
      },
      {
        "type": "Feature",
        "geometry": {
          "type": "Polygon",
          "coordinates": [
            [
              [
                103.84852279616774,
                1.2168641197737926
              ],
              [
                103.85068725906498,
                1.2168641197737926
              ],
              [
                103.85068725906498,
                1.2160333388836875
              ],
              [
                103.84852279616774,
                1.2160333388836875
              ],
              [
                103.84852279616774,
                1.2168641197737926
              ]
            ]
          ]
        },
        "properties": {
          "matched": true,
          "mmsi": "SYNTH000046",
          "type": "cargo",
          "confidence": 0.3021838068962097
        }
      },
      {
        "type": "Feature",
        "geometry": {
          "type": "Polygon",
          "coordinates": [
            [
              [
                103.7866665788352,
                1.2589098972004067
              ],
              [
                103.78932828156653,
                1.2589098972004067
              ],
              [
                103.78932828156653,
                1.2578809662265626
              ],
              [
                103.7866665788352,
                1.2578809662265626
              ],
              [
                103.7866665788352,
                1.2589098972004067
              ]
            ]
          ]
        },
        "properties": {
          "matched": true,
          "mmsi": "SYNTH000047",
          "type": "cargo",
          "confidence": 0.2864706218242645
        }
      },
      {
        "type": "Feature",
        "geometry": {
          "type": "Polygon",
          "coordinates": [
            [
              [
                103.77783864741342,
                1.2335153802603047
              ],
              [
                103.77963568596279,
                1.2335153802603047
              ],
              [
                103.77963568596279,
                1.2327967313203119
              ],
              [
                103.77783864741342,
                1.2327967313203119
              ],
              [
                103.77783864741342,
                1.2335153802603047
              ]
            ]
          ]
        },
        "properties": {
          "matched": true,
          "mmsi": "SYNTH000048",
          "type": "cargo",
          "confidence": 0.2777383625507355
        }
      },
      {
        "type": "Feature",
        "geometry": {
          "type": "Polygon",
          "coordinates": [
            [
              [
                103.84844823440584,
                1.2173669485700322
              ],
              [
                103.85024526212412,
                1.2173669485700322
              ],
              [
                103.85024526212412,
                1.2166482996300394
              ],
              [
                103.84844823440584,
                1.2166482996300394
              ],
              [
                103.84844823440584,
                1.2173669485700322
              ]
            ]
          ]
        },
        "properties": {
          "matched": true,
          "mmsi": "SYNTH000049",
          "type": "cargo",
          "confidence": 0.27699944376945496
        }
      },
      {
        "type": "Feature",
        "geometry": {
          "type": "Polygon",
          "coordinates": [
            [
              [
                103.84792593237147,
                1.2174070448815115
              ],
              [
                103.84972296011647,
                1.2174070448815115
              ],
              [
                103.84972296011647,
                1.2166883959415187
              ],
              [
                103.84792593237147,
                1.2166883959415187
              ],
              [
                103.84792593237147,
                1.2174070448815115
              ]
            ]
          ]
        },
        "properties": {
          "matched": true,
          "mmsi": "SYNTH000050",
          "type": "cargo",
          "confidence": 0.26673808693885803
        }
      },
      {
        "type": "Feature",
        "geometry": {
          "type": "Polygon",
          "coordinates": [
            [
              [
                103.89008487793221,
                1.2967485487606565
              ],
              [
                103.89188196020062,
                1.2967485487606565
              ],
              [
                103.89188196020062,
                1.2958383233389417
              ],
              [
                103.89008487793221,
                1.2958383233389417
              ],
              [
                103.89008487793221,
                1.2967485487606565
              ]
            ]
          ]
        },
        "properties": {
          "matched": true,
          "mmsi": "SYNTH000051",
          "type": "cargo",
          "confidence": 0.2585453987121582
        }
      },
      {
        "type": "Feature",
        "geometry": {
          "type": "Polygon",
          "coordinates": [
            [
              [
                103.81845157409899,
                1.2534540764415807
              ],
              [
                103.82024862621878,
                1.2534540764415807
              ],
              [
                103.82024862621878,
                1.2527354275015878
              ],
              [
                103.81845157409899,
                1.2527354275015878
              ],
              [
                103.81845157409899,
                1.2534540764415807
              ]
            ]
          ]
        },
        "properties": {
          "matched": true,
          "mmsi": "SYNTH000052",
          "type": "cargo",
          "confidence": 0.25726306438446045
        }
      },
      {
        "type": "Feature",
        "geometry": {
          "type": "Polygon",
          "coordinates": [
            [
              [
                103.8182398382105,
                1.253421634232498
              ],
              [
                103.82003689030805,
                1.253421634232498
              ],
              [
                103.82003689030805,
                1.2527029852925051
              ],
              [
                103.8182398382105,
                1.2527029852925051
              ],
              [
                103.8182398382105,
                1.253421634232498
              ]
            ]
          ]
        },
        "properties": {
          "matched": true,
          "mmsi": "SYNTH000053",
          "type": "cargo",
          "confidence": 0.22528374195098877
        }
      },
      {
        "type": "Feature",
        "geometry": {
          "type": "Polygon",
          "coordinates": [
            [
              [
                103.84331042909433,
                1.2419364431810842
              ],
              [
                103.84510747334859,
                1.2419364431810842
              ],
              [
                103.84510747334859,
                1.2412177942410914
              ],
              [
                103.84331042909433,
                1.2412177942410914
              ],
              [
                103.84331042909433,
                1.2419364431810842
              ]
            ]
          ]
        },
        "properties": {
          "matched": true,
          "mmsi": "SYNTH000054",
          "type": "cargo",
          "confidence": 0.1894187182188034
        }
      },
      {
        "type": "Feature",
        "geometry": {
          "type": "Polygon",
          "coordinates": [
            [
              [
                103.90649596884859,
                1.2562026003253541
              ],
              [
                103.90829302285616,
                1.2562026003253541
              ],
              [
                103.90829302285616,
                1.2554839513853613
              ],
              [
                103.90649596884859,
                1.2554839513853613
              ],
              [
                103.90649596884859,
                1.2562026003253541
              ]
            ]
          ]
        },
        "properties": {
          "matched": true,
          "mmsi": "SYNTH000055",
          "type": "cargo",
          "confidence": 0.1727653592824936
        }
      },
      {
        "type": "Feature",
        "geometry": {
          "type": "Polygon",
          "coordinates": [
            [
              [
                103.8896362973575,
                1.29676049572359
              ],
              [
                103.89143337963773,
                1.29676049572359
              ],
              [
                103.89143337963773,
                1.2958596410172971
              ],
              [
                103.8896362973575,
                1.2958596410172971
              ],
              [
                103.8896362973575,
                1.29676049572359
              ]
            ]
          ]
        },
        "properties": {
          "matched": true,
          "mmsi": "SYNTH000056",
          "type": "cargo",
          "confidence": 0.1642007976770401
        }
      },
      {
        "type": "Feature",
        "geometry": {
          "type": "Polygon",
          "coordinates": [
            [
              [
                103.80804228270922,
                1.2577643442555824
              ],
              [
                103.80983933779127,
                1.2577643442555824
              ],
              [
                103.80983933779127,
                1.2570456953155895
              ],
              [
                103.80804228270922,
                1.2570456953155895
              ],
              [
                103.80804228270922,
                1.2577643442555824
              ]
            ]
          ]
        },
        "properties": {
          "matched": true,
          "mmsi": "SYNTH000057",
          "type": "cargo",
          "confidence": 0.1598677784204483
        }
      },
      {
        "type": "Feature",
        "geometry": {
          "type": "Polygon",
          "coordinates": [
            [
              [
                103.90981375675695,
                1.2865694770402893
              ],
              [
                103.91161083181753,
                1.2865694770402893
              ],
              [
                103.91161083181753,
                1.2856259835313224
              ],
              [
                103.90981375675695,
                1.2856259835313224
              ],
              [
                103.90981375675695,
                1.2865694770402893
              ]
            ]
          ]
        },
        "properties": {
          "matched": true,
          "mmsi": "SYNTH000058",
          "type": "cargo",
          "confidence": 0.15489430725574493
        }
      },
      {
        "type": "Feature",
        "geometry": {
          "type": "Polygon",
          "coordinates": [
            [
              [
                103.84295955483068,
                1.2419706645851725
              ],
              [
                103.8447565991082,
                1.2419706645851725
              ],
              [
                103.8447565991082,
                1.2412520156451796
              ],
              [
                103.84295955483068,
                1.2412520156451796
              ],
              [
                103.84295955483068,
                1.2419706645851725
              ]
            ]
          ]
        },
        "properties": {
          "matched": true,
          "mmsi": "SYNTH000059",
          "type": "cargo",
          "confidence": 0.15377478301525116
        }
      },
      {
        "type": "Feature",
        "geometry": {
          "type": "Polygon",
          "coordinates": [
            [
              [
                103.8934861523409,
                1.2877798728786065
              ],
              [
                103.89528322817515,
                1.2877798728786065
              ],
              [
                103.89528322817515,
                1.2866120683511182
              ],
              [
                103.8934861523409,
                1.2866120683511182
              ],
              [
                103.8934861523409,
                1.2877798728786065
              ]
            ]
          ]
        },
        "properties": {
          "matched": true,
          "mmsi": "SYNTH000060",
          "type": "cargo",
          "confidence": 1.0
        }
      },
      {
        "type": "Feature",
        "geometry": {
          "type": "Polygon",
          "coordinates": [
            [
              [
                103.89348615325795,
                1.28517475855466
              ],
              [
                103.89528322725809,
                1.28517475855466
              ],
              [
                103.89528322725809,
                1.2840069540271717
              ],
              [
                103.89348615325795,
                1.2840069540271717
              ],
              [
                103.89348615325795,
                1.28517475855466
              ]
            ]
          ]
        },
        "properties": {
          "matched": true,
          "mmsi": "SYNTH000061",
          "type": "cargo",
          "confidence": 1.0
        }
      },
      {
        "type": "Feature",
        "geometry": {
          "type": "Polygon",
          "coordinates": [
            [
              [
                103.87695715247222,
                1.2839171171568926
              ],
              [
                103.87875422558824,
                1.2839171171568926
              ],
              [
                103.87875422558824,
                1.2827493126294043
              ],
              [
                103.87695715247222,
                1.2827493126294043
              ],
              [
                103.87695715247222,
                1.2839171171568926
              ]
            ]
          ]
        },
        "properties": {
          "matched": true,
          "mmsi": "SYNTH000062",
          "type": "cargo",
          "confidence": 1.0
        }
      },
      {
        "type": "Feature",
        "geometry": {
          "type": "Polygon",
          "coordinates": [
            [
              [
                103.88225721268006,
                1.283782370069731
              ],
              [
                103.88405428573299,
                1.283782370069731
              ],
              [
                103.88405428573299,
                1.282704396659742
              ],
              [
                103.88225721268006,
                1.282704396659742
              ],
              [
                103.88225721268006,
                1.283782370069731
              ]
            ]
          ]
        },
        "properties": {
          "matched": true,
          "mmsi": "SYNTH000063",
          "type": "cargo",
          "confidence": 1.0
        }
      },
      {
        "type": "Feature",
        "geometry": {
          "type": "Polygon",
          "coordinates": [
            [
              [
                103.88549114786066,
                1.2833332124276713
              ],
              [
                103.88728822059805,
                1.2833332124276713
              ],
              [
                103.88728822059805,
                1.2822552390176822
              ],
              [
                103.88549114786066,
                1.2822552390176822
              ],
              [
                103.88549114786066,
                1.2833332124276713
              ]
            ]
          ]
        },
        "properties": {
          "matched": true,
          "mmsi": "SYNTH000064",
          "type": "cargo",
          "confidence": 1.0
        }
      },
      {
        "type": "Feature",
        "geometry": {
          "type": "Polygon",
          "coordinates": [
            [
              [
                103.88953356761607,
                1.2806382661644
              ],
              [
                103.89133063839972,
                1.2806382661644
              ],
              [
                103.89133063839972,
                1.2793806305194124
              ],
              [
                103.88953356761607,
                1.2793806305194124
              ],
              [
                103.88953356761607,
                1.2806382661644
              ]
            ]
          ]
        },
        "properties": {
          "matched": true,
          "mmsi": "SYNTH000065",
          "type": "cargo",
          "confidence": 1.0
        }
      },
      {
        "type": "Feature",
        "geometry": {
          "type": "Polygon",
          "coordinates": [
            [
              [
                103.89528278596924,
                1.2789314679463986
              ],
              [
                103.89707985568327,
                1.2789314679463986
              ],
              [
                103.89707985568327,
                1.2780331567714076
              ],
              [
                103.89528278596924,
                1.2780331567714076
              ],
              [
                103.89528278596924,
                1.2789314679463986
              ]
            ]
          ]
        },
        "properties": {
          "matched": true,
          "mmsi": "SYNTH000066",
          "type": "cargo",
          "confidence": 1.0
        }
      },
      {
        "type": "Feature",
        "geometry": {
          "type": "Polygon",
          "coordinates": [
            [
              [
                103.91486606010525,
                1.276326353211539
              ],
              [
                103.91666312793487,
                1.276326353211539
              ],
              [
                103.91666312793487,
                1.27524837980155
              ],
              [
                103.91486606010525,
                1.27524837980155
              ],
              [
                103.91486606010525,
                1.276326353211539
              ]
            ]
          ]
        },
        "properties": {
          "matched": true,
          "mmsi": "SYNTH000067",
          "type": "cargo",
          "confidence": 1.0
        }
      },
      {
        "type": "Feature",
        "geometry": {
          "type": "Polygon",
          "coordinates": [
            [
              [
                103.87956227012904,
                1.2743949751452257
              ],
              [
                103.8813593365793,
                1.2743949751452257
              ],
              [
                103.8813593365793,
                1.2732271706177374
              ],
              [
                103.87956227012904,
                1.2732271706177374
              ],
              [
                103.87956227012904,
                1.2743949751452257
              ]
            ]
          ]
        },
        "properties": {
          "matched": true,
          "mmsi": "SYNTH000068",
          "type": "cargo",
          "confidence": 1.0
        }
      },
      {
        "type": "Feature",
        "geometry": {
          "type": "Polygon",
          "coordinates": [
            [
              [
                103.87075878234496,
                1.2686457573268608
              ],
              [
                103.87255584479463,
                1.2686457573268608
              ],
              [
                103.87255584479463,
                1.2674779527993725
              ],
              [
                103.87075878234496,
                1.2674779527993725
              ],
              [
                103.87075878234496,
                1.2686457573268608
              ]
            ]
          ]
        },
        "properties": {
          "matched": true,
          "mmsi": "SYNTH000069",
          "type": "cargo",
          "confidence": 1.0
        }
      },
      {
        "type": "Feature",
        "geometry": {
          "type": "Polygon",
          "coordinates": [
            [
              [
                103.9154948846775,
                1.265187243688457
              ],
              [
                103.91729194476041,
                1.265187243688457
              ],
              [
                103.91729194476041,
                1.264109270278468
              ],
              [
                103.9154948846775,
                1.264109270278468
              ],
              [
                103.9154948846775,
                1.265187243688457
              ]
            ]
          ]
        },
        "properties": {
          "matched": true,
          "mmsi": "SYNTH000070",
          "type": "cargo",
          "confidence": 1.0
        }
      },
      {
        "type": "Feature",
        "geometry": {
          "type": "Polygon",
          "coordinates": [
            [
              [
                103.91217111970947,
                1.260560920180698
              ],
              [
                103.91396817662594,
                1.260560920180698
              ],
              [
                103.91396817662594,
                1.2595727778882078
              ],
              [
                103.91217111970947,
                1.2595727778882078
              ],
              [
                103.91217111970947,
                1.260560920180698
              ]
            ]
          ]
        },
        "properties": {
          "matched": true,
          "mmsi": "SYNTH000071",
          "type": "cargo",
          "confidence": 1.0
        }
      },
      {
        "type": "Feature",
        "geometry": {
          "type": "Polygon",
          "coordinates": [
            [
              [
                103.86986046995138,
                1.2602914251845492
              ],
              [
                103.87165752661998,
                1.2602914251845492
              ],
              [
                103.87165752661998,
                1.2591236206570608
              ],
              [
                103.86986046995138,
                1.2591236206570608
              ],
              [
                103.86986046995138,
                1.2602914251845492
              ]
            ]
          ]
        },
        "properties": {
          "matched": true,
          "mmsi": "SYNTH000072",
          "type": "cargo",
          "confidence": 1.0
        }
      },
      {
        "type": "Feature",
        "geometry": {
          "type": "Polygon",
          "coordinates": [
            [
              [
                103.88108941245639,
                1.2559795122316884
              ],
              [
                103.88288646621794,
                1.2559795122316884
              ],
              [
                103.88288646621794,
                1.2549913699391981
              ],
              [
                103.88108941245639,
                1.2549913699391981
              ],
              [
                103.88108941245639,
                1.2559795122316884
              ]
            ]
          ]
        },
        "properties": {
          "matched": true,
          "mmsi": "SYNTH000073",
          "type": "cargo",
          "confidence": 1.0
        }
      },
      {
        "type": "Feature",
        "geometry": {
          "type": "Polygon",
          "coordinates": [
            [
              [
                103.90579308292402,
                1.2557100168246267
              ],
              [
                103.90759013637688,
                1.2557100168246267
              ],
              [
                103.90759013637688,
                1.2543625500621403
              ],
              [
                103.90579308292402,
                1.2543625500621403
              ],
              [
                103.90579308292402,
                1.2557100168246267
              ]
            ]
          ]
        },
        "properties": {
          "matched": true,
          "mmsi": "SYNTH000074",
          "type": "cargo",
          "confidence": 1.0
        }
      },
      {
        "type": "Feature",
        "geometry": {
          "type": "Polygon",
          "coordinates": [
            [
              [
                103.86986047214525,
                1.2539583022260503
              ],
              [
                103.87165752442611,
                1.2539583022260503
              ],
              [
                103.87165752442611,
                1.2527006665810627
              ],
              [
                103.86986047214525,
                1.2527006665810627
              ],
              [
                103.86986047214525,
                1.2539583022260503
              ]
            ]
          ]
        },
        "properties": {
          "matched": true,
          "mmsi": "SYNTH000075",
          "type": "cargo",
          "confidence": 1.0
        }
      },
      {
        "type": "Feature",
        "geometry": {
          "type": "Polygon",
          "coordinates": [
            [
              [
                103.86581805352078,
                1.2533743979077419
              ],
              [
                103.8676151054935,
                1.2533743979077419
              ],
              [
                103.8676151054935,
                1.2523862556152516
              ],
              [
                103.86581805352078,
                1.2523862556152516
              ],
              [
                103.86581805352078,
                1.2533743979077419
              ]
            ]
          ]
        },
        "properties": {
          "matched": true,
          "mmsi": "SYNTH000076",
          "type": "cargo",
          "confidence": 1.0
        }
      },
      {
        "type": "Feature",
        "geometry": {
          "type": "Polygon",
          "coordinates": [
            [
              [
                103.91702202493121,
                1.252835408326357
              ],
              [
                103.91881907647269,
                1.252835408326357
              ],
              [
                103.91881907647269,
                1.2516676037988688
              ],
              [
                103.91702202493121,
                1.2516676037988688
              ],
              [
                103.91702202493121,
                1.252835408326357
              ]
            ]
          ]
        },
        "properties": {
          "matched": true,
          "mmsi": "SYNTH000077",
          "type": "cargo",
          "confidence": 1.0
        }
      },
      {
        "type": "Feature",
        "geometry": {
          "type": "Polygon",
          "coordinates": [
            [
              [
                103.87803514178516,
                1.2522964191558854
              ],
              [
                103.87983219295718,
                1.2522964191558854
              ],
              [
                103.87983219295718,
                1.251128614628397
              ],
              [
                103.87803514178516,
                1.251128614628397
              ],
              [
                103.87803514178516,
                1.2522964191558854
              ]
            ]
          ]
        },
        "properties": {
          "matched": true,
          "mmsi": "SYNTH000078",
          "type": "cargo",
          "confidence": 1.0
        }
      },
      {
        "type": "Feature",
        "geometry": {
          "type": "Polygon",
          "coordinates": [
            [
              [
                103.8849521694421,
                1.252431166243047
              ],
              [
                103.88674922067568,
                1.252431166243047
              ],
              [
                103.88674922067568,
                1.2511735305980594
              ],
              [
                103.8849521694421,
                1.2511735305980594
              ],
              [
                103.8849521694421,
                1.252431166243047
              ]
            ]
          ]
        },
        "properties": {
          "matched": true,
          "mmsi": "SYNTH000079",
          "type": "cargo",
          "confidence": 1.0
        }
      },
      {
        "type": "Feature",
        "geometry": {
          "type": "Polygon",
          "coordinates": [
            [
              [
                103.86644687486618,
                1.2514879358110909
              ],
              [
                103.86824392554585,
                1.2514879358110909
              ],
              [
                103.86824392554585,
                1.2504997935186006
              ],
              [
                103.86644687486618,
                1.2504997935186006
              ],
              [
                103.86644687486618,
                1.2514879358110909
              ]
            ]
          ]
        },
        "properties": {
          "matched": true,
          "mmsi": "SYNTH000080",
          "type": "cargo",
          "confidence": 1.0
        }
      },
      {
        "type": "Feature",
        "geometry": {
          "type": "Polygon",
          "coordinates": [
            [
              [
                103.80230716367234,
                1.2512633567846043
              ],
              [
                103.80410421416744,
                1.2512633567846043
              ],
              [
                103.80410421416744,
                1.2501853833746153
              ],
              [
                103.80230716367234,
                1.2501853833746153
              ],
              [
                103.80230716367234,
                1.2512633567846043
              ]
            ]
          ]
        },
        "properties": {
          "matched": true,
          "mmsi": "SYNTH000081",
          "type": "cargo",
          "confidence": 0.7610072135925293
        }
      },
      {
        "type": "Feature",
        "geometry": {
          "type": "Polygon",
          "coordinates": [
            [
              [
                103.86896215784627,
                1.2510836933168679
              ],
              [
                103.87075920815685,
                1.2510836933168679
              ],
              [
                103.87075920815685,
                1.2498260576718803
              ],
              [
                103.86896215784627,
                1.2498260576718803
              ],
              [
                103.86896215784627,
                1.2510836933168679
              ]
            ]
          ]
        },
        "properties": {
          "matched": true,
          "mmsi": "SYNTH000082",
          "type": "cargo",
          "confidence": 1.0
        }
      },
      {
        "type": "Feature",
        "geometry": {
          "type": "Polygon",
          "coordinates": [
            [
              [
                103.77868147203819,
                1.2503201255308225
              ],
              [
                103.7804785218569,
                1.2503201255308225
              ],
              [
                103.7804785218569,
                1.2491523210033342
              ],
              [
                103.77868147203819,
                1.2491523210033342
              ],
              [
                103.77868147203819,
                1.2503201255308225
              ]
            ]
          ]
        },
        "properties": {
          "matched": true,
          "mmsi": "SYNTH000083",
          "type": "cargo",
          "confidence": 1.0
        }
      },
      {
        "type": "Feature",
        "geometry": {
          "type": "Polygon",
          "coordinates": [
            [
              [
                103.7944918216529,
                1.2485234949625834
              ],
              [
                103.7962888702432,
                1.2485234949625834
              ],
              [
                103.7962888702432,
                1.247355690435095
              ],
              [
                103.7944918216529,
                1.247355690435095
              ],
              [
                103.7944918216529,
                1.2485234949625834
              ]
            ]
          ]
        },
        "properties": {
          "matched": true,
          "mmsi": "SYNTH000084",
          "type": "cargo",
          "confidence": 1.0
        }
      },
      {
        "type": "Feature",
        "geometry": {
          "type": "Polygon",
          "coordinates": [
            [
              [
                103.8712079469167,
                1.248568410521333
              ],
              [
                103.873004995507,
                1.248568410521333
              ],
              [
                103.873004995507,
                1.2473107748763455
              ],
              [
                103.8712079469167,
                1.2473107748763455
              ],
              [
                103.8712079469167,
                1.248568410521333
              ]
            ]
          ]
        },
        "properties": {
          "matched": true,
          "mmsi": "SYNTH000085",
          "type": "cargo",
          "confidence": 1.0
        }
      },
      {
        "type": "Feature",
        "geometry": {
          "type": "Polygon",
          "coordinates": [
            [
              [
                103.86779434886775,
                1.2484336634341715
              ],
              [
                103.86959139739666,
                1.2484336634341715
              ],
              [
                103.86959139739666,
                1.2472658589066832
              ],
              [
                103.86779434886775,
                1.2472658589066832
              ],
              [
                103.86779434886775,
                1.2484336634341715
              ]
            ]
          ]
        },
        "properties": {
          "matched": true,
          "mmsi": "SYNTH000086",
          "type": "cargo",
          "confidence": 1.0
        }
      },
      {
        "type": "Feature",
        "geometry": {
          "type": "Polygon",
          "coordinates": [
            [
              [
                103.8760588495737,
                1.2480743377314365
              ],
              [
                103.87785589791852,
                1.2480743377314365
              ],
              [
                103.87785589791852,
                1.2470861954389463
              ],
              [
                103.8760588495737,
                1.2470861954389463
              ],
              [
                103.8760588495737,
                1.2480743377314365
              ]
            ]
          ]
        },
        "properties": {
          "matched": true,
          "mmsi": "SYNTH000087",
          "type": "cargo",
          "confidence": 1.0
        }
      },
      {
        "type": "Feature",
        "geometry": {
          "type": "Polygon",
          "coordinates": [
            [
              [
                103.88890475825932,
                1.247804842735288
              ],
              [
                103.89070180635872,
                1.247804842735288
              ],
              [
                103.89070180635872,
                1.2466370382077996
              ],
              [
                103.88890475825932,
                1.2466370382077996
              ],
              [
                103.88890475825932,
                1.247804842735288
              ]
            ]
          ]
        },
        "properties": {
          "matched": true,
          "mmsi": "SYNTH000088",
          "type": "cargo",
          "confidence": 1.0
        }
      },
      {
        "type": "Feature",
        "geometry": {
          "type": "Polygon",
          "coordinates": [
            [
              [
                103.88638947567841,
                1.2472658531539031
              ],
              [
                103.88818652334854,
                1.2472658531539031
              ],
              [
                103.88818652334854,
                1.2459183863914167
              ],
              [
                103.88638947567841,
                1.2459183863914167
              ],
              [
                103.88638947567841,
                1.2472658531539031
              ]
            ]
          ]
        },
        "properties": {
          "matched": true,
          "mmsi": "SYNTH000089",
          "type": "cargo",
          "confidence": 1.0
        }
      },
      {
        "type": "Feature",
        "geometry": {
          "type": "Polygon",
          "coordinates": [
            [
              [
                103.79700710481653,
                1.24744551662164
              ],
              [
                103.79880415267063,
                1.24744551662164
              ],
              [
                103.79880415267063,
                1.2462777120941517
              ],
              [
                103.79700710481653,
                1.2462777120941517
              ],
              [
                103.79700710481653,
                1.24744551662164
              ]
            ]
          ]
        },
        "properties": {
          "matched": true,
          "mmsi": "SYNTH000090",
          "type": "cargo",
          "confidence": 1.0
        }
      },
      {
        "type": "Feature",
        "geometry": {
          "type": "Polygon",
          "coordinates": [
            [
              [
                103.9107338199087,
                1.2469963593904931
              ],
              [
                103.91253086751752,
                1.2469963593904931
              ],
              [
                103.91253086751752,
                1.246008217098003
              ],
              [
                103.9107338199087,
                1.246008217098003
              ],
              [
                103.9107338199087,
                1.2469963593904931
              ]
            ]
          ]
        },
        "properties": {
          "matched": true,
          "mmsi": "SYNTH000091",
          "type": "cargo",
          "confidence": 1.0
        }
      },
      {
        "type": "Feature",
        "geometry": {
          "type": "Polygon",
          "coordinates": [
            [
              [
                103.81317678029848,
                1.2463675382806967
              ],
              [
                103.81497382741699,
                1.2463675382806967
              ],
              [
                103.81497382741699,
                1.2451997337532084
              ],
              [
                103.81317678029848,
                1.2451997337532084
              ],
              [
                103.81317678029848,
                1.2463675382806967
              ]
            ]
          ]
        },
        "properties": {
          "matched": true,
          "mmsi": "SYNTH000092",
          "type": "cargo",
          "confidence": 1.0
        }
      },
      {
        "type": "Feature",
        "geometry": {
          "type": "Polygon",
          "coordinates": [
            [
              [
                103.79287485542847,
                1.2447505707692814
              ],
              [
                103.79467190144481,
                1.2447505707692814
              ],
              [
                103.79467190144481,
                1.243582766241793
              ],
              [
                103.79287485542847,
                1.243582766241793
              ],
              [
                103.79287485542847,
                1.2447505707692814
              ]
            ]
          ]
        },
        "properties": {
          "matched": true,
          "mmsi": "SYNTH000093",
          "type": "cargo",
          "confidence": 1.0
        }
      },
      {
        "type": "Feature",
        "geometry": {
          "type": "Polygon",
          "coordinates": [
            [
              [
                103.91567455485936,
                1.244436160625296
              ],
              [
                103.91747160069217,
                1.244436160625296
              ],
              [
                103.91747160069217,
                1.243358187215307
              ],
              [
                103.91567455485936,
                1.243358187215307
              ],
              [
                103.91567455485936,
                1.244436160625296
              ]
            ]
          ]
        },
        "properties": {
          "matched": true,
          "mmsi": "SYNTH000094",
          "type": "cargo",
          "confidence": 1.0
        }
      },
      {
        "type": "Feature",
        "geometry": {
          "type": "Polygon",
          "coordinates": [
            [
              [
                103.81542256936571,
                1.2438522554851619
              ],
              [
                103.81721961477037,
                1.2438522554851619
              ],
              [
                103.81721961477037,
                1.2426844509576735
              ],
              [
                103.81542256936571,
                1.2426844509576735
              ],
              [
                103.81542256936571,
                1.2438522554851619
              ]
            ]
          ]
        },
        "properties": {
          "matched": true,
          "mmsi": "SYNTH000095",
          "type": "cargo",
          "confidence": 1.0
        }
      },
      {
        "type": "Feature",
        "geometry": {
          "type": "Polygon",
          "coordinates": [
            [
              [
                103.80069019956134,
                1.241381888248377
              ],
              [
                103.80248724325561,
                1.241381888248377
              ],
              [
                103.80248724325561,
                1.2401242526033893
              ],
              [
                103.80069019956134,
                1.2401242526033893
              ],
              [
                103.80069019956134,
                1.241381888248377
              ]
            ]
          ]
        },
        "properties": {
          "matched": true,
          "mmsi": "SYNTH000096",
          "type": "cargo",
          "confidence": 1.0
        }
      },
      {
        "type": "Feature",
        "geometry": {
          "type": "Polygon",
          "coordinates": [
            [
              [
                103.79431216116612,
                1.241022562134729
              ],
              [
                103.79610920461633,
                1.241022562134729
              ],
              [
                103.79610920461633,
                1.2397649264897415
              ],
              [
                103.79431216116612,
                1.2397649264897415
              ],
              [
                103.79431216116612,
                1.241022562134729
              ]
            ]
          ]
        },
        "properties": {
          "matched": true,
          "mmsi": "SYNTH000097",
          "type": "cargo",
          "confidence": 1.0
        }
      },
      {
        "type": "Feature",
        "geometry": {
          "type": "Polygon",
          "coordinates": [
            [
              [
                103.80356480871454,
                1.2406183204623318
              ],
              [
                103.80536185192078,
                1.2406183204623318
              ],
              [
                103.80536185192078,
                1.2394505159348435
              ],
              [
                103.80356480871454,
                1.2394505159348435
              ],
              [
                103.80356480871454,
                1.2406183204623318
              ]
            ]
          ]
        },
        "properties": {
          "matched": true,
          "mmsi": "SYNTH000098",
          "type": "cargo",
          "confidence": 1.0
        }
      },
      {
        "type": "Feature",
        "geometry": {
          "type": "Polygon",
          "coordinates": [
            [
              [
                103.92007630100385,
                1.2407081524016565
              ],
              [
                103.92187334433207,
                1.2407081524016565
              ],
              [
                103.92187334433207,
                1.2397200101091663
              ],
              [
                103.92007630100385,
                1.2397200101091663
              ],
              [
                103.92007630100385,
                1.2407081524016565
              ]
            ]
          ]
        },
        "properties": {
          "matched": true,
          "mmsi": "SYNTH000099",
          "type": "cargo",
          "confidence": 1.0
        }
      },
      {
        "type": "Feature",
        "geometry": {
          "type": "Polygon",
          "coordinates": [
            [
              [
                103.84632461654347,
                1.2396301740607132
              ],
              [
                103.84812165914003,
                1.2396301740607132
              ],
              [
                103.84812165914003,
                1.238642031768223
              ],
              [
                103.84632461654347,
                1.238642031768223
              ],
              [
                103.84632461654347,
                1.2396301740607132
              ]
            ]
          ]
        },
        "properties": {
          "matched": true,
          "mmsi": "SYNTH000100",
          "type": "cargo",
          "confidence": 1.0
        }
      },
      {
        "type": "Feature",
        "geometry": {
          "type": "Polygon",
          "coordinates": [
            [
              [
                103.89591162025732,
                1.2395852580910505
              ],
              [
                103.89770866279295,
                1.2395852580910505
              ],
              [
                103.89770866279295,
                1.2385072846810614
              ],
              [
                103.89591162025732,
                1.2385072846810614
              ],
              [
                103.89591162025732,
                1.2395852580910505
              ]
            ]
          ]
        },
        "properties": {
          "matched": true,
          "mmsi": "SYNTH000101",
          "type": "cargo",
          "confidence": 1.0
        }
      },
      {
        "type": "Feature",
        "geometry": {
          "type": "Polygon",
          "coordinates": [
            [
              [
                103.8147937504668,
                1.238507279750107
              ],
              [
                103.81659079227148,
                1.238507279750107
              ],
              [
                103.81659079227148,
                1.237429306340118
              ],
              [
                103.8147937504668,
                1.237429306340118
              ],
              [
                103.8147937504668,
                1.238507279750107
              ]
            ]
          ]
        },
        "properties": {
          "matched": true,
          "mmsi": "SYNTH000102",
          "type": "cargo",
          "confidence": 1.0
        }
      },
      {
        "type": "Feature",
        "geometry": {
          "type": "Polygon",
          "coordinates": [
            [
              [
                103.7996122226824,
                1.236980143767104
              ],
              [
                103.80140926345267,
                1.236980143767104
              ],
              [
                103.80140926345267,
                1.235902170357115
              ],
              [
                103.7996122226824,
                1.235902170357115
              ],
              [
                103.7996122226824,
                1.236980143767104
              ]
            ]
          ]
        },
        "properties": {
          "matched": true,
          "mmsi": "SYNTH000103",
          "type": "cargo",
          "confidence": 1.0
        }
      },
      {
        "type": "Feature",
        "geometry": {
          "type": "Polygon",
          "coordinates": [
            [
              [
                103.8171293709659,
                1.2363064070985579
              ],
              [
                103.81892641124982,
                1.2363064070985579
              ],
              [
                103.81892641124982,
                1.2351386025710696
              ],
              [
                103.8171293709659,
                1.2351386025710696
              ],
              [
                103.8171293709659,
                1.2363064070985579
              ]
            ]
          ]
        },
        "properties": {
          "matched": true,
          "mmsi": "SYNTH000104",
          "type": "cargo",
          "confidence": 1.0
        }
      },
      {
        "type": "Feature",
        "geometry": {
          "type": "Polygon",
          "coordinates": [
            [
              [
                103.91675253603553,
                1.236126744041734
              ],
              [
                103.91854957619789,
                1.236126744041734
              ],
              [
                103.91854957619789,
                1.2349589395142457
              ],
              [
                103.91675253603553,
                1.2349589395142457
              ],
              [
                103.91675253603553,
                1.236126744041734
              ]
            ]
          ]
        },
        "properties": {
          "matched": true,
          "mmsi": "SYNTH000105",
          "type": "cargo",
          "confidence": 1.0
        }
      },
      {
        "type": "Feature",
        "geometry": {
          "type": "Polygon",
          "coordinates": [
            [
              [
                103.84443815575504,
                1.2358123338977485
              ],
              [
                103.84623519573513,
                1.2358123338977485
              ],
              [
                103.84623519573513,
                1.2347343604877594
              ],
              [
                103.84443815575504,
                1.2347343604877594
              ],
              [
                103.84443815575504,
                1.2358123338977485
              ]
            ]
          ]
        },
        "properties": {
          "matched": true,
          "mmsi": "SYNTH000106",
          "type": "cargo",
          "confidence": 1.0
        }
      },
      {
        "type": "Feature",
        "geometry": {
          "type": "Polygon",
          "coordinates": [
            [
              [
                103.82072263270969,
                1.234509776530319
              ],
              [
                103.82251967177898,
                1.234509776530319
              ],
              [
                103.82251967177898,
                1.2333419720028307
              ],
              [
                103.82072263270969,
                1.2333419720028307
              ],
              [
                103.82072263270969,
                1.234509776530319
              ]
            ]
          ]
        },
        "properties": {
          "matched": true,
          "mmsi": "SYNTH000107",
          "type": "cargo",
          "confidence": 1.0
        }
      },
      {
        "type": "Feature",
        "geometry": {
          "type": "Polygon",
          "coordinates": [
            [
              [
                103.86330277729832,
                1.2341953659754208
              ],
              [
                103.86509981612488,
                1.2341953659754208
              ],
              [
                103.86509981612488,
                1.2329377303304332
              ],
              [
                103.86330277729832,
                1.2329377303304332
              ],
              [
                103.86330277729832,
                1.2341953659754208
              ]
            ]
          ]
        },
        "properties": {
          "matched": true,
          "mmsi": "SYNTH000108",
          "type": "cargo",
          "confidence": 1.0
        }
      },
      {
        "type": "Feature",
        "geometry": {
          "type": "Polygon",
          "coordinates": [
            [
              [
                103.88468268112103,
                1.233970787359847
              ],
              [
                103.88647971982627,
                1.233970787359847
              ],
              [
                103.88647971982627,
                1.2328029828323588
              ],
              [
                103.88468268112103,
                1.2328029828323588
              ],
              [
                103.88468268112103,
                1.233970787359847
              ]
            ]
          ]
        },
        "properties": {
          "matched": true,
          "mmsi": "SYNTH000109",
          "type": "cargo",
          "confidence": 1.0
        }
      },
      {
        "type": "Feature",
        "geometry": {
          "type": "Polygon",
          "coordinates": [
            [
              [
                103.80311565365648,
                1.2330724716648147
              ],
              [
                103.80491269169471,
                1.2330724716648147
              ],
              [
                103.80491269169471,
                1.2317250049023283
              ],
              [
                103.80311565365648,
                1.2317250049023283
              ],
              [
                103.80311565365648,
                1.2330724716648147
              ]
            ]
          ]
        },
        "properties": {
          "matched": true,
          "mmsi": "SYNTH000110",
          "type": "cargo",
          "confidence": 1.0
        }
      },
      {
        "type": "Feature",
        "geometry": {
          "type": "Polygon",
          "coordinates": [
            [
              [
                103.8174886982327,
                1.2328928090189037
              ],
              [
                103.81928573621033,
                1.2328928090189037
              ],
              [
                103.81928573621033,
                1.2317250044914154
              ],
              [
                103.8174886982327,
                1.2317250044914154
              ],
              [
                103.8174886982327,
                1.2328928090189037
              ]
            ]
          ]
        },
        "properties": {
          "matched": true,
          "mmsi": "SYNTH000111",
          "type": "cargo",
          "confidence": 1.0
        }
      },
      {
        "type": "Feature",
        "geometry": {
          "type": "Polygon",
          "coordinates": [
            [
              [
                103.78892227268229,
                1.2315004201230622
              ],
              [
                103.79071930969074,
                1.2315004201230622
              ],
              [
                103.79071930969074,
                1.2302427844780746
              ],
              [
                103.78892227268229,
                1.2302427844780746
              ],
              [
                103.78892227268229,
                1.2315004201230622
              ]
            ]
          ]
        },
        "properties": {
          "matched": true,
          "mmsi": "SYNTH000112",
          "type": "cargo",
          "confidence": 1.0
        }
      },
      {
        "type": "Feature",
        "geometry": {
          "type": "Polygon",
          "coordinates": [
            [
              [
                103.91351860255938,
                1.2315004205339748
              ],
              [
                103.9153156396284,
                1.2315004205339748
              ],
              [
                103.9153156396284,
                1.2304224471239857
              ],
              [
                103.91351860255938,
                1.2304224471239857
              ],
              [
                103.91351860255938,
                1.2315004205339748
              ]
            ]
          ]
        },
        "properties": {
          "matched": true,
          "mmsi": "SYNTH000113",
          "type": "cargo",
          "confidence": 1.0
        }
      },
      {
        "type": "Feature",
        "geometry": {
          "type": "Polygon",
          "coordinates": [
            [
              [
                103.8096733557757,
                1.2314555041533997
              ],
              [
                103.81147039272365,
                1.2314555041533997
              ],
              [
                103.81147039272365,
                1.2301080373909132
              ],
              [
                103.8096733557757,
                1.2301080373909132
              ],
              [
                103.8096733557757,
                1.2314555041533997
              ]
            ]
          ]
        },
        "properties": {
          "matched": true,
          "mmsi": "SYNTH000114",
          "type": "cargo",
          "confidence": 1.0
        }
      },
      {
        "type": "Feature",
        "geometry": {
          "type": "Polygon",
          "coordinates": [
            [
              [
                103.81560223704417,
                1.230242778725295
              ],
              [
                103.81739927320555,
                1.230242778725295
              ],
              [
                103.81739927320555,
                1.2289851430803074
              ],
              [
                103.81560223704417,
                1.2289851430803074
              ],
              [
                103.81560223704417,
                1.230242778725295
              ]
            ]
          ]
        },
        "properties": {
          "matched": true,
          "mmsi": "SYNTH000115",
          "type": "cargo",
          "confidence": 1.0
        }
      },
      {
        "type": "Feature",
        "geometry": {
          "type": "Polygon",
          "coordinates": [
            [
              [
                103.82314808585387,
                1.2289851373275276
              ],
              [
                103.82494512116905,
                1.2289851373275276
              ],
              [
                103.82494512116905,
                1.22772750168254
              ],
              [
                103.82314808585387,
                1.22772750168254
              ],
              [
                103.82314808585387,
                1.2289851373275276
              ]
            ]
          ]
        },
        "properties": {
          "matched": true,
          "mmsi": "SYNTH000116",
          "type": "cargo",
          "confidence": 1.0
        }
      },
      {
        "type": "Feature",
        "geometry": {
          "type": "Polygon",
          "coordinates": [
            [
              [
                103.80634959076517,
                1.226694433969392
              ],
              [
                103.80814662463169,
                1.226694433969392
              ],
              [
                103.80814662463169,
                1.2257062916769017
              ],
              [
                103.80634959076517,
                1.2257062916769017
              ],
              [
                103.80634959076517,
                1.226694433969392
              ]
            ]
          ]
        },
        "properties": {
          "matched": true,
          "mmsi": "SYNTH000117",
          "type": "cargo",
          "confidence": 1.0
        }
      },
      {
        "type": "Feature",
        "geometry": {
          "type": "Polygon",
          "coordinates": [
            [
              [
                103.8072479069529,
                1.2240893192345326
              ],
              [
                103.8090449390122,
                1.2240893192345326
              ],
              [
                103.8090449390122,
                1.2229215147070442
              ],
              [
                103.8072479069529,
                1.2229215147070442
              ],
              [
                103.8072479069529,
                1.2240893192345326
              ]
            ]
          ]
        },
        "properties": {
          "matched": true,
          "mmsi": "SYNTH000118",
          "type": "cargo",
          "confidence": 1.0
        }
      },
      {
        "type": "Feature",
        "geometry": {
          "type": "Polygon",
          "coordinates": [
            [
              [
                103.85764339433182,
                1.2241791511738573
              ],
              [
                103.85944042651148,
                1.2241791511738573
              ],
              [
                103.85944042651148,
                1.2231910088813671
              ],
              [
                103.85764339433182,
                1.2231910088813671
              ],
              [
                103.85764339433182,
                1.2241791511738573
              ]
            ]
          ]
        },
        "properties": {
          "matched": true,
          "mmsi": "SYNTH000119",
          "type": "cargo",
          "confidence": 1.0
        }
      },
      {
        "type": "Feature",
        "geometry": {
          "type": "Polygon",
          "coordinates": [
            [
              [
                103.8875572941347,
                1.2218884461720705
              ],
              [
                103.88935432463097,
                1.2218884461720705
              ],
              [
                103.88935432463097,
                1.2204511482920848
              ],
              [
                103.8875572941347,
                1.2204511482920848
              ],
              [
                103.8875572941347,
                1.2218884461720705
              ]
            ]
          ]
        },
        "properties": {
          "matched": true,
          "mmsi": "SYNTH000120",
          "type": "cargo",
          "confidence": 1.0
        }
      },
      {
        "type": "Feature",
        "geometry": {
          "type": "Polygon",
          "coordinates": [
            [
              [
                103.78380187983862,
                1.2186095964123163
              ],
              [
                103.78559890829544,
                1.2186095964123163
              ],
              [
                103.78559890829544,
                1.217621454119826
              ],
              [
                103.78380187983862,
                1.217621454119826
              ],
              [
                103.78380187983862,
                1.2186095964123163
              ]
            ]
          ]
        },
        "properties": {
          "matched": true,
          "mmsi": "SYNTH000121",
          "type": "cargo",
          "confidence": 1.0
        }
      },
      {
        "type": "Feature",
        "geometry": {
          "type": "Polygon",
          "coordinates": [
            [
              [
                103.78604766891667,
                1.2160044820883698
              ],
              [
                103.78784469563797,
                1.2160044820883698
              ],
              [
                103.78784469563797,
                1.2150163397958795
              ],
              [
                103.78604766891667,
                1.2150163397958795
              ],
              [
                103.78604766891667,
                1.2160044820883698
              ]
            ]
          ]
        },
        "properties": {
          "matched": true,
          "mmsi": "SYNTH000122",
          "type": "cargo",
          "confidence": 1.0
        }
      },
      {
        "type": "Feature",
        "geometry": {
          "type": "Polygon",
          "coordinates": [
            [
              [
                103.87228593646107,
                1.2152409138914115
              ],
              [
                103.87408296264452,
                1.2152409138914115
              ],
              [
                103.87408296264452,
                1.2141629404814225
              ],
              [
                103.87228593646107,
                1.2141629404814225
              ],
              [
                103.87228593646107,
                1.2152409138914115
              ]
            ]
          ]
        },
        "properties": {
          "matched": true,
          "mmsi": "SYNTH000123",
          "type": "cargo",
          "confidence": 1.0
        }
      },
      {
        "type": "Feature",
        "geometry": {
          "type": "Polygon",
          "coordinates": [
            [
              [
                103.85099586452604,
                1.2142976830485426
              ],
              [
                103.8527928901123,
                1.2142976830485426
              ],
              [
                103.8527928901123,
                1.2133095407560524
              ],
              [
                103.85099586452604,
                1.2133095407560524
              ],
              [
                103.85099586452604,
                1.2142976830485426
              ]
            ]
          ]
        },
        "properties": {
          "matched": true,
          "mmsi": "SYNTH000124",
          "type": "cargo",
          "confidence": 1.0
        }
      },
      {
        "type": "Feature",
        "geometry": {
          "type": "Polygon",
          "coordinates": [
            [
              [
                103.81641072623665,
                1.2138934409652322
              ],
              [
                103.81820775152448,
                1.2138934409652322
              ],
              [
                103.81820775152448,
                1.2128154675552432
              ],
              [
                103.81641072623665,
                1.2128154675552432
              ],
              [
                103.81641072623665,
                1.2138934409652322
              ]
            ]
          ]
        },
        "properties": {
          "matched": true,
          "mmsi": "SYNTH000125",
          "type": "cargo",
          "confidence": 1.0
        }
      },
      {
        "type": "Feature",
        "geometry": {
          "type": "Polygon",
          "coordinates": [
            [
              [
                103.87021981205366,
                1.2129951256811127
              ],
              [
                103.87201683674498,
                1.2129951256811127
              ],
              [
                103.87201683674498,
                1.2119171522711236
              ],
              [
                103.87021981205366,
                1.2119171522711236
              ],
              [
                103.87021981205366,
                1.2129951256811127
              ]
            ]
          ]
        },
        "properties": {
          "matched": true,
          "mmsi": "SYNTH000126",
          "type": "cargo",
          "confidence": 1.0
        }
      },
      {
        "type": "Feature",
        "geometry": {
          "type": "Polygon",
          "coordinates": [
            [
              [
                103.8431805223295,
                1.2120518944273309
              ],
              [
                103.84497754636516,
                1.2120518944273309
              ],
              [
                103.84497754636516,
                1.2108840898998425
              ],
              [
                103.8431805223295,
                1.2108840898998425
              ],
              [
                103.8431805223295,
                1.2120518944273309
              ]
            ]
          ]
        },
        "properties": {
          "matched": true,
          "mmsi": "SYNTH000127",
          "type": "cargo",
          "confidence": 1.0
        }
      },
      {
        "type": "Feature",
        "geometry": {
          "type": "Polygon",
          "coordinates": [
            [
              [
                103.81668022195412,
                1.2104349273268287
              ],
              [
                103.8184772449775,
                1.2104349273268287
              ],
              [
                103.8184772449775,
                1.2094467850343384
              ],
              [
                103.81668022195412,
                1.2094467850343384
              ],
              [
                103.81668022195412,
                1.2104349273268287
              ]
            ]
          ]
        },
        "properties": {
          "matched": true,
          "mmsi": "SYNTH000128",
          "type": "cargo",
          "confidence": 1.0
        }
      },
      {
        "type": "Feature",
        "geometry": {
          "type": "Polygon",
          "coordinates": [
            [
              [
                103.90309815279188,
                1.2089976224613246
              ],
              [
                103.90489517480431,
                1.2089976224613246
              ],
              [
                103.90489517480431,
                1.2078298179338363
              ],
              [
                103.90309815279188,
                1.2078298179338363
              ],
              [
                103.90309815279188,
                1.2089976224613246
              ]
            ]
          ]
        },
        "properties": {
          "matched": true,
          "mmsi": "SYNTH000129",
          "type": "cargo",
          "confidence": 1.0
        }
      },
      {
        "type": "Feature",
        "geometry": {
          "type": "Polygon",
          "coordinates": [
            [
              [
                103.79601897101398,
                1.20859338119984
              ],
              [
                103.79781599284811,
                1.20859338119984
              ],
              [
                103.79781599284811,
                1.207695070024849
              ],
              [
                103.79601897101398,
                1.207695070024849
              ],
              [
                103.79601897101398,
                1.20859338119984
              ]
            ]
          ]
        },
        "properties": {
          "matched": true,
          "mmsi": "SYNTH000130",
          "type": "cargo",
          "confidence": 1.0
        }
      },
      {
        "type": "Feature",
        "geometry": {
          "type": "Polygon",
          "coordinates": [
            [
              [
                103.80697841786626,
                1.2075154024479837
              ],
              [
                103.80877543892835,
                1.2075154024479837
              ],
              [
                103.80877543892835,
                1.2064374290379947
              ],
              [
                103.80697841786626,
                1.2064374290379947
              ],
              [
                103.80697841786626,
                1.2075154024479837
              ]
            ]
          ]
        },
        "properties": {
          "matched": true,
          "mmsi": "SYNTH000131",
          "type": "cargo",
          "confidence": 1.0
        }
      },
      {
        "type": "Feature",
        "geometry": {
          "type": "Polygon",
          "coordinates": [
            [
              [
                103.80374448396971,
                1.2040568888095802
              ],
              [
                103.80554150277926,
                1.2040568888095802
              ],
              [
                103.80554150277926,
                1.20306874651709
              ],
              [
                103.80374448396971,
                1.20306874651709
              ],
              [
                103.80374448396971,
                1.2040568888095802
              ]
            ]
          ]
        },
        "properties": {
          "matched": true,
          "mmsi": "SYNTH000132",
          "type": "cargo",
          "confidence": 1.0
        }
      },
      {
        "type": "Feature",
        "geometry": {
          "type": "Polygon",
          "coordinates": [
            [
              [
                103.90534394343145,
                1.2016314371315444
              ],
              [
                103.90714096058535,
                1.2016314371315444
              ],
              [
                103.90714096058535,
                1.200463632604056
              ],
              [
                103.90534394343145,
                1.200463632604056
              ],
              [
                103.90534394343145,
                1.2016314371315444
              ]
            ]
          ]
        },
        "properties": {
          "matched": true,
          "mmsi": "SYNTH000133",
          "type": "cargo",
          "confidence": 1.0
        }
      },
      {
        "type": "Feature",
        "geometry": {
          "type": "Polygon",
          "coordinates": [
            [
              [
                103.82503455709023,
                1.2014517740747206
              ],
              [
                103.82683157412599,
                1.2014517740747206
              ],
              [
                103.82683157412599,
                1.2002839695472323
              ],
              [
                103.82503455709023,
                1.2002839695472323
              ],
              [
                103.82503455709023,
                1.2014517740747206
              ]
            ]
          ]
        },
        "properties": {
          "matched": true,
          "mmsi": "SYNTH000134",
          "type": "cargo",
          "confidence": 1.0
        }
      },
      {
        "type": "Feature",
        "geometry": {
          "type": "Polygon",
          "coordinates": [
            [
              [
                103.83419737307683,
                1.2012271950482343
              ],
              [
                103.83599438993544,
                1.2012271950482343
              ],
              [
                103.83599438993544,
                1.1999695594032467
              ],
              [
                103.83419737307683,
                1.1999695594032467
              ],
              [
                103.83419737307683,
                1.2012271950482343
              ]
            ]
          ]
        },
        "properties": {
          "matched": true,
          "mmsi": "SYNTH000135",
          "type": "cargo",
          "confidence": 1.0
        }
      },
      {
        "type": "Feature",
        "geometry": {
          "type": "Polygon",
          "coordinates": [
            [
              [
                103.79296470159478,
                1.2010026164326608
              ],
              [
                103.7947617183353,
                1.2010026164326608
              ],
              [
                103.7947617183353,
                1.1998348119051725
              ],
              [
                103.79296470159478,
                1.1998348119051725
              ],
              [
                103.79296470159478,
                1.2010026164326608
              ]
            ]
          ]
        },
        "properties": {
          "matched": true,
          "mmsi": "SYNTH000136",
          "type": "cargo",
          "confidence": 1.0
        }
      },
      {
        "type": "Feature",
        "geometry": {
          "type": "Polygon",
          "coordinates": [
            [
              [
                103.79736644666404,
                1.2005085428209388
              ],
              [
                103.79916346305042,
                1.2005085428209388
              ],
              [
                103.79916346305042,
                1.1992509071759512
              ],
              [
                103.79736644666404,
                1.1992509071759512
              ],
              [
                103.79736644666404,
                1.2005085428209388
              ]
            ]
          ]
        },
        "properties": {
          "matched": true,
          "mmsi": "SYNTH000137",
          "type": "cargo",
          "confidence": 1.0
        }
      }
    ]
  },
  "dark_vessels": {
    "type": "FeatureCollection",
    "features": []
  },
  "oil": {
    "type": "FeatureCollection",
    "features": []
  },
  "ais_tracks": {
    "type": "FeatureCollection",
    "features": []
  },
  "zones": {
    "type": "FeatureCollection",
    "features": []
  }
}